catchment_id,area_index,catchment_population,malaria_cases,scd_cases,expected_malaria_cases,expected_scd_cases,cases_cluster_005,cases_cluster_010,shared_mean,shared_sd,exceed_prob_rr_gt1,hotspot_080,hotspot_090,robust_hotspot_005,robust_hotspot_010,hotspot_class_005,hotspot_class_010,rr_malaria,rr_scd
HF0002,1,20563,2943,720,1858.2974547847923,193.00952376605005,Not significant,Not significant,6.828271626851587,0.5590587231373322,1,1,1,0,0,Bayesian hotspot only,Bayesian hotspot only,8.524789159827249e-4,0.01932750607452939
HF0007,2,9446,2628,711,853.6438145162257,88.66254736634289,Not significant,Not significant,7.593941462526852,0.5701092495634017,1,1,1,0,0,Bayesian hotspot only,Bayesian hotspot only,0.0036075809778366675,0.09043966700670124
HF0008,3,20547,8130,26,1856.8515198883008,192.85934371546128,Not significant,Not significant,3.6921166696193364,0.5935474925170009,0.9999999997520923,1,1,0,0,Bayesian hotspot only,Bayesian hotspot only,0.002357804337177846,7.38277967820184e-4
HF0019,4,17421,623,15,1574.3519894862552,163.51791633168108,Not significant,Not significant,3.2139028344924707,0.6004176291191458,0.9999999566931789,1,1,0,0,Bayesian hotspot only,Bayesian hotspot only,2.513956146478343e-4,5.920390711760909e-4
HF0022,5,26312,3772,199,2377.839937280429,246.97109319322612,Not significant,Not significant,5.346468871775357,0.5482922483721038,1,1,1,0,0,Bayesian hotspot only,Bayesian hotspot only,6.671856673165936e-4,0.0032711830225894646
HF0039,6,30712,0,0,2775.4720338156176,288.27060710513683,Low-High,Low-High,-4.57883488768384,3.0018886878790165,0.06358989856000985,0,0,0,0,Not hotspot,Not hotspot,5.848858038424121e-7,1.2605352091799207e-5
HF0052,7,36720,2092,100,3318.420587448212,344.6632161012186,Not significant,Not significant,4.323833518742607,0.5508505932819635,0.9999999999999979,1,1,0,0,Bayesian hotspot only,Bayesian hotspot only,1.9000485352322691e-4,8.466990506977876e-4
HF0083,8,8716,0,0,787.6730348637966,81.81058255823042,Not significant,Not significant,-3.8463918121890903,3.459682046343458,0.13311721520455633,0,0,0,0,Not hotspot,Not hotspot,2.482875440145058e-5,4.0584950768201243e-4
HF0092,9,16039,0,0,1449.4593628017938,150.5461144620764,Not significant,Not significant,-4.067751865227193,3.1175248876286883,0.09598018503439154,0,0,0,0,Not hotspot,Not hotspot,2.811183184637135e-6,5.686334814007372e-5
HF0093,10,10903,2290,369,985.3142610279916,102.33831822308241,Not significant,Not significant,6.809453129606814,0.55866987230965,1,1,1,0,0,Bayesian hotspot only,Bayesian hotspot only,0.002359499377874622,0.03524567204131942
HF0103,11,17771,0,0,1605.981815347009,166.80310493831033,Not significant,Not significant,-4.119812625491933,3.077173934041835,0.09031301907808109,0,0,0,0,Not hotspot,Not hotspot,2.0808267638295246e-6,4.304615242565077e-5
HF0118,12,35945,2628,711,3248.3831158994,337.3888699008252,Not significant,Not significant,6.249937381457202,0.5533810811974403,1,1,1,0,0,Bayesian hotspot only,Bayesian hotspot only,2.491349906377625e-4,0.006245926062133401
HF0202,13,21561,23,9,1948.4876439534555,202.37700442152433,Not significant,Not significant,2.3028720388005084,0.6447789286962831,0.9998225750694416,1,1,0,0,Bayesian hotspot only,Bayesian hotspot only,6.31032363935626e-6,2.194833237237037e-4
HF0203,14,7544,1382,17,681.7583036957873,70.8098938526033,Not significant,Not significant,4.2141613984543795,0.5946747533887075,0.9999999999993122,1,1,0,0,Bayesian hotspot only,Bayesian hotspot only,0.002973131883355007,0.0035925914961550016
HF0204,15,25095,11550,601,2267.858514216037,235.5480230953181,Not significant,Not significant,6.506164620915639,0.5542957781502039,1,1,1,0,0,Bayesian hotspot only,Bayesian hotspot only,0.0022457587775633714,0.0108412409200553
HF0216,16,37804,3525,2191,3416.3826766855173,354.8379145286075,Not significant,Not significant,7.299369985218605,0.5697132600042758,1,1,1,0,0,Bayesian hotspot only,Bayesian hotspot only,3.021107059456117e-4,0.017398856852970022
HF0252,17,28974,3771,273,2618.407355684218,271.95729910993214,Not significant,Not significant,5.555392612278282,0.5477812325618724,1,1,1,0,0,Bayesian hotspot only,Bayesian hotspot only,5.500903171102805e-4,0.003696861685445342
HF0253,18,5788,74,0,523.0669488058346,54.3276333004862,Not significant,Low-High,1.2355910328782336,1.108441929937469,0.8675125904489575,1,0,0,0,Bayesian hotspot only,Bayesian hotspot only,2.697309179841515e-4,3.8014002462126407e-4
HF0262,19,13670,151,2,1235.3706271900069,128.31008072177718,Not significant,Not significant,1.6482591762925536,0.8018667302255974,0.9800859625151351,1,1,0,0,Bayesian hotspot only,Bayesian hotspot only,9.89282048295449e-5,1.8095142197762867e-4
HF0263,20,10779,299,373,974.1082655801818,101.17442283101947,Not significant,Not significant,6.751989767319119,0.5705075793860556,1,1,1,0,0,Bayesian hotspot only,Bayesian hotspot only,3.165350822940076e-4,0.03638847189548023
HF0264,21,8264,0,0,746.825374037909,77.56799612909778,Not significant,Not significant,-3.4994879207298903,3.187462777687758,0.13612596032931612,0,0,0,0,Not hotspot,Not hotspot,1.2819123895183618e-5,2.4175814601003814e-4
HF0281,22,94308,1030,383,8522.701763645586,885.1987631828356,Not significant,Not significant,4.645325272358337,0.5481641454129814,1,1,1,0,0,Bayesian hotspot only,Bayesian hotspot only,1.4193559723026469e-5,4.88685550498116e-4
HF0282,23,46581,1861,724,4209.568338342188,437.2210585297076,Not significant,Not significant,5.993505660104849,0.5530412820280111,1,1,1,0,0,Bayesian hotspot only,Bayesian hotspot only,1.0507544777755586e-4,0.0037866894920586948
HF0283,24,102942,0,0,9302.964382164864,966.2396729817985,Not significant,Not significant,-5.516143649966311,2.8039556901121636,0.024575927928982444,0,0,0,0,Not hotspot,Not hotspot,3.4148910936788636e-8,8.384961781978036e-7
HF0290,25,7616,0,0,688.2650107299994,71.48570408025275,Not significant,Not significant,-3.4953482753394374,3.2555388681264805,0.14148710596276193,0,0,0,0,Not hotspot,Not hotspot,1.7854936986462305e-5,3.270073699641068e-4
HF0298,26,25610,4109,71,2314.39954369686,240.38194347364401,Not significant,High-High,4.385742745721343,0.5584411523264349,0.999999999999998,1,1,0,1,Bayesian hotspot only,Robust hotspot,7.671123480665422e-4,0.0012444069608218442
HF0304,27,45037,11399,1041,4070.035620830749,422.72868364789167,Not significant,Not significant,6.448369542460671,0.5525300985879781,1,1,1,0,0,Bayesian hotspot only,Bayesian hotspot only,6.881614652490825e-4,0.005827215747739982
HF0316,28,15892,0,0,1436.1748359402773,149.1663352472921,Not significant,Not significant,-4.122188076729857,3.1584362219751405,0.09592331100572182,0,0,0,0,Not hotspot,Not hotspot,3.1897207240918784e-6,6.18707035442468e-5
HF0327,29,25071,3771,65,2265.6896118712993,235.32275301943494,Not significant,Not significant,4.316867754591229,0.5593080765746212,0.9999999999999941,1,1,0,0,Bayesian hotspot only,Bayesian hotspot only,7.346068970057268e-4,0.001189882040768456
HF0354,30,22487,0,0,2032.1711260879067,211.06867484934918,Not significant,Not significant,-4.543384261774665,3.2277328407392964,0.07962351091438569,0,0,0,0,Not hotspot,Not hotspot,1.9251464337838775e-6,3.6129110056365875e-5
HF0362,31,28783,6308,148,2601.1465078573497,270.1645247560287,Not significant,Not significant,4.991053324238935,0.5512920020913203,1,1,1,0,0,Bayesian hotspot only,Bayesian hotspot only,9.323272658153897e-4,0.002038534515026124
HF0376,32,11582,0,0,1046.6761231978537,108.71158411994318,Not significant,Not significant,-3.8142042387889443,3.166313899544711,0.11417506556227064,0,0,0,0,Not hotspot,Not hotspot,6.140072256323538e-6,1.1802868722835533e-4
HF0401,33,29137,0,0,2633.137817442226,273.48725837530515,Not significant,Not significant,-4.575191985068793,3.0435944142637745,0.0663911613149083,0,0,0,0,Not hotspot,Not hotspot,7.131449343019907e-7,1.5111364439198691e-5
HF0402,34,14744,0,0,1332.4290071170053,138.39091661754813,Not significant,Not significant,-4.03211286394424,3.1508088044372013,0.10032405729585014,0,0,0,0,Not hotspot,Not hotspot,3.6251229627537038e-6,7.111985000733127e-5
HF0411,35,33798,0,0,3054.356726976434,317.23658436244517,Not significant,Not significant,-4.6824973222777375,3.0086560258865376,0.059813410952904156,0,0,0,0,Not hotspot,Not hotspot,4.896217068195279e-7,1.0548137480811225e-5
HF0429,36,24780,0,0,2239.3916709413584,232.59135334935175,Not significant,Not significant,-4.463033317833955,3.0773981589877017,0.07349274892012725,0,0,0,0,Not hotspot,Not hotspot,1.0720063315971835e-6,2.2026538457349423e-5
HF0438,37,38773,0,0,3503.9521088542892,363.93319384238964,Not significant,Not significant,-4.851097258936408,3.0304716654654835,0.05471360145633153,0,0,0,0,Not hotspot,Not hotspot,3.918856434412345e-7,8.317853297160004e-6
HF0446,38,27853,0,0,2517.1015419987757,261.43530931555665,Not significant,Not significant,-4.5850185798542835,3.0813994822926865,0.06837989091124663,0,0,0,0,Not hotspot,Not hotspot,8.570586036106764e-7,1.75877834674687e-5
HF0465,39,25852,7898,65,2336.2693090062953,242.6534167387991,Not significant,Not significant,4.319183297214475,0.5649570983823111,0.9999999999999896,1,1,0,0,Bayesian hotspot only,Bayesian hotspot only,0.0014469653750080688,0.0011232517592810758
HF0494,40,29288,9391,2603,2646.7838280278656,274.90458260273664,Not significant,Not significant,7.760042042440976,0.5721307476883224,1,1,1,0,0,Bayesian hotspot only,Bayesian hotspot only,0.0013406505733447505,0.03444284848168125
HF0499,41,13401,2649,0,1211.060846742742,125.78517862125355,Not significant,High-High,1.3213758758325975,0.9313500810045833,0.9220176357749773,1,1,0,1,Bayesian hotspot only,Robust hotspot,0.001805397206852251,1.288746843175215e-4
HF0505,42,8760,0,0,791.6493558291485,82.22357769734953,Not significant,Not significant,-3.583807337895069,3.2130815966193222,0.13234378239712763,0,0,0,0,Not hotspot,Not hotspot,1.2080185907505235e-5,2.273789446971077e-4
HF0506,43,17879,4672,434,1615.7418758983272,167.8168202797845,High-High,High-High,6.497122510775822,0.5541604571299392,1,1,1,1,1,Robust hotspot,Robust hotspot,0.0017898153266413272,0.015421871584187929
HF0537,44,14188,0,0,1282.1827694639223,133.17215985958848,Not significant,Not significant,-4.004604980206739,3.1555761310488046,0.10221042397260482,0,0,0,0,Not hotspot,Not hotspot,3.975337205097697e-6,7.714287502346967e-5
HF0540,45,14995,0,0,1355.112110805717,140.74686616115937,Not significant,Not significant,-4.090626937431096,3.181529020789906,0.09926647941846312,0,0,0,0,Not hotspot,Not hotspot,3.79779311836708e-6,7.27624415527021e-5
HF0550,46,29277,2697,226,2645.7897477865276,274.8013338179569,Not significant,Not significant,5.347913265670134,0.5473096293261963,1,1,1,0,0,Bayesian hotspot only,Bayesian hotspot only,3.8534543480857987e-4,0.0029976600619417665
HF0560,47,10014,2444,0,904.9745033416773,93.99393916224409,Not significant,Not significant,1.5887929102096785,0.9339712301978134,0.9555393469371058,1,1,0,0,Bayesian hotspot only,Bayesian hotspot only,0.0029829068539234693,2.26836868381279e-4
HF0583,48,44464,0,0,4018.253077350144,417.35036058618147,Not significant,Not significant,-4.852099922776222,2.928331892882302,0.04876477859712902,0,0,0,0,Not hotspot,Not hotspot,2.3711201853794808e-7,5.343688081196922e-6
HF0588,49,27583,1071,157,2492.7013906204797,258.90102096187127,Not significant,Not significant,5.020321276922376,0.548329026542473,1,1,1,0,0,Bayesian hotspot only,Bayesian hotspot only,1.7247342563244736e-4,0.0023454244284510633
HF0608,50,45130,0,0,4078.4401174166064,423.60160519193886,Not significant,Not significant,-4.979940121467108,3.0106290533078024,0.04905162085285786,0,0,0,0,Not hotspot,Not hotspot,2.765487543694984e-7,5.927894036885219e-6
HF0615,51,28603,0,0,2584.879740271819,268.4749991869051,Not significant,Not significant,-4.70959887758232,3.1627217771069533,0.06823094017197884,0,0,0,0,Not hotspot,Not hotspot,1.0023804369826113e-6,1.9551899110524253e-5
HF0650,52,42103,285,0,3804.8873091866026,395.18941687117666,Not significant,Not significant,-0.3424263582829102,1.024555277957348,0.36910696312838953,0,0,0,0,Not hotspot,Not hotspot,1.9650661753004028e-5,9.379625984747846e-6
HF0678,53,45197,0,0,4084.494969795665,424.2304841537793,Not significant,Not significant,-4.837098161065935,2.9063889723404466,0.0480264182145651,0,0,0,0,Not hotspot,Not hotspot,2.1910419656307624e-7,5.0031353735412345e-6
HF0680,54,49954,2040,2021,4514.389488708823,468.8808904444519,Not significant,Not significant,6.919653340441242,0.5686306301655111,1,1,1,0,0,Bayesian hotspot only,Bayesian hotspot only,1.0016256793308302e-4,0.00919059799142125
HF0698,55,15464,0,0,1397.496077459127,145.1490188940426,Not significant,Not significant,-3.973998302218547,3.067079657931562,0.09754037521302061,0,0,0,0,Not hotspot,Not hotspot,2.704446832867664e-6,5.5439891129998354e-5
HF0715,56,11149,2628,711,1007.5455100615499,104.64733650088469,Not significant,Not significant,7.426064009523273,0.5676515524203033,1,1,1,0,0,Bayesian hotspot only,Bayesian hotspot only,0.0025896438450742285,0.06492005312790515
HF0718,57,14181,9051,173,1281.550172946707,133.1064560874559,Not significant,Not significant,5.867289088347034,0.5559436304632785,1,1,1,0,0,Bayesian hotspot only,Bayesian hotspot only,0.0055109524170326805,0.009811369759289038
HF0720,58,376,0,0,33.97947006755249,3.5292311888360075,Not significant,Not significant,-1.5227509512015966,4.262012039826059,0.3604394065300437,0,0,0,0,Not hotspot,Not hotspot,0.18551353467797588,1.8513807974639591
HF0724,59,24745,0,0,2236.228688355283,232.26283448868884,Not significant,Not significant,-4.438048692164794,3.0572741130116543,0.07330144313203824,0,0,0,0,Not hotspot,Not hotspot,1.026266727642075e-6,2.1260054657193454e-5
HF0732,60,5972,0,0,539.695200115488,56.05470388225701,Not significant,Not significant,-3.3863992905212603,3.3756017128003255,0.1578824971611128,0,0,0,0,Not hotspot,Not hotspot,4.017692670736149e-5,6.889953692239942e-4
HF0741,61,3728,1539,13,336.90283088254176,34.99195178718254,Not significant,Not significant,4.681491386837856,0.6093969505760877,0.9999999999999922,1,1,0,0,Bayesian hotspot only,Bayesian hotspot only,0.013557118220689529,0.011518971083969482
HF0752,62,7103,5466,304,641.9047231112377,66.67055620825043,Not significant,Not significant,7.086403437275955,0.5624469664781886,1,1,1,0,0,Bayesian hotspot only,Bayesian hotspot only,0.013266541994845664,0.06849537412464418
HF0773,63,46103,0,0,4166.371033309501,432.7344295183682,Not significant,Not significant,-5.034918189505965,3.0525111420858138,0.049529292297017635,0,0,0,0,Not hotspot,Not hotspot,2.910519036629896e-7,6.2410799274833915e-6
HF0777,64,33538,444,149,3030.8602849084455,314.7961585403777,Not significant,Low-High,4.737139890895663,0.5511609932304652,1,1,1,0,0,Bayesian hotspot only,Bayesian hotspot only,4.843573109594083e-5,0.0015030887414468304
HF0854,65,20865,1587,86,1885.5894759560713,195.844172220913,Not significant,Not significant,4.73438179423618,0.5519907196570302,1,1,1,0,0,Bayesian hotspot only,Bayesian hotspot only,4.464577758976583e-4,0.0022558646861595166
HF0859,66,5596,0,0,505.7157300479355,52.525472693421,Not significant,Not significant,-3.4744145547026735,3.5414774206253226,0.163280691854515,0,0,0,0,Not hotspot,Not hotspot,7.666143538038655e-5,0.001223843472969789
HF0860,67,19756,0,0,1785.3681134429976,185.43481746447915,Not significant,Not significant,-4.369537514374982,3.1947695935275098,0.08570049362989429,0,0,0,0,Not hotspot,Not hotspot,2.2654852054579337e-6,4.384970274310224e-5
HF0873,68,14170,0,0,1280.5560927053693,133.00320730267612,Not significant,Not significant,-3.949983898719971,3.11503928086906,0.10239243567447454,0,0,0,0,Not hotspot,Not hotspot,3.6064055329813123e-6,7.181040118855707e-5
HF0883,69,30893,2279,9,2791.8291723321786,289.96951892742226,Not significant,Not significant,2.2643543969699724,0.645322300722275,0.9997749956580064,1,1,0,0,Bayesian hotspot only,Bayesian hotspot only,2.923353594187679e-4,1.2370678221710496e-4
HF0887,70,60614,444,149,5477.743613496348,568.9383491492174,Not significant,Not significant,4.142502592146363,0.5514188138287579,0.999999999999971,1,1,0,0,Bayesian hotspot only,Bayesian hotspot only,1.482838267034177e-5,4.602202898536922e-4
HF0889,71,71727,0,2,6482.035770040792,673.2477805362773,Not significant,Not significant,-0.9553226371056317,1.0199940259842268,0.17448312637777563,0,0,0,0,Not hotspot,Not hotspot,3.235057686951218e-8,3.647527869531438e-6
HF0919,72,22924,0,0,2071.6632229483334,215.17046748105486,Not significant,Not significant,-4.375690575731115,3.0677584839410397,0.07688398615762704,0,0,0,0,Not hotspot,Not hotspot,1.2265719629393659e-6,2.520005683949606e-5
HF0921,73,35279,511,14,3188.1960758329374,331.13762529506783,Not significant,Not significant,2.4294523697227954,0.60918812107707,0.9999666860057145,1,1,0,0,Bayesian hotspot only,Bayesian hotspot only,5.028682651449699e-5,1.3500994349712728e-4
HF0926,74,51320,0,0,4637.836180496793,481.7025122634678,Not significant,Not significant,-4.952442131205978,2.896544059460553,0.04365363168546177,0,0,0,0,Not hotspot,Not hotspot,1.663291068580738e-7,3.822243902718679e-6
HF0940,75,65003,11,31,5874.3816297901985,610.1346142763483,Not significant,Not significant,2.3836560459234857,0.6020156034155038,0.9999624401166535,1,1,0,0,Bayesian hotspot only,Bayesian hotspot only,3.6419384534374313e-7,8.159352737153643e-5
HF0948,76,10195,0,0,921.3316418582385,95.6928509845295,Not significant,Not significant,-3.6702132608847777,3.1571393766442077,0.12251372194570975,0,0,0,0,Not hotspot,Not hotspot,7.764826739997038e-6,1.5020770715631562e-4
HF0957,77,23314,0,0,2106.907886050316,218.83110621415605,Not significant,Not significant,-4.337849011885532,3.0310360725812893,0.07619447822510672,0,0,0,0,Not hotspot,Not hotspot,1.085242329521706e-6,2.2974814294861375e-5
HF0966,78,39980,0,0,3613.029822608374,375.2624014086797,Not significant,Not significant,-4.861450602451018,3.014285374154686,0.05339358107825076,0,0,0,0,Not hotspot,Not hotspot,3.546834665156184e-7,7.60003433281157e-6
HF0975,79,8327,7821,192,752.5187426928447,78.15933007829105,Not significant,Not significant,6.497356620993227,0.559770656590526,1,1,1,0,0,Bayesian hotspot only,Bayesian hotspot only,0.013811270423979886,0.031550363727266724
HF0998,80,41002,0,0,3705.3889141217746,384.85515214003715,Not significant,Not significant,-4.846746940591054,2.9855902819540896,0.05225412057982548,0,0,0,0,Not hotspot,Not hotspot,3.1570578572660463e-7,6.90744023646067e-6
HF1015,81,71146,1665,206,6429.530259111941,667.7943674492728,Not significant,Not significant,4.345842920648948,0.5462127116885471,0.9999999999999991,1,1,0,0,Bayesian hotspot only,Bayesian hotspot only,4.0291843349319874e-5,4.625312982618772e-4
HF1032,82,51046,11617,551,4613.074545394374,479.13067889713517,Not significant,Not significant,5.707265901065735,0.5477432180697197,1,1,1,0,0,Bayesian hotspot only,Bayesian hotspot only,5.459147802231699e-4,0.0024025385073332354
HF1063,83,42335,0,0,3825.853365185731,397.36702760471377,Not significant,Not significant,-4.897595000570381,2.999416941584986,0.05125037763597251,0,0,0,0,Not hotspot,Not hotspot,3.0567831795454457e-7,6.629331136642438e-6
HF1065,84,22892,0,0,2068.7713531553504,214.87010737987734,Not significant,Not significant,-4.425641797758794,3.112047409838686,0.07749864981745402,0,0,0,0,Not hotspot,Not hotspot,1.3673043744416034e-6,2.7568577623641634e-5
HF1092,85,45814,0,0,4140.253834241622,430.0218023546086,Not significant,Not significant,-4.995973126217303,3.0168237892431233,0.048857119141655914,0,0,0,0,Not hotspot,Not hotspot,2.7177497609871455e-7,5.860561761720946e-6
HF1113,86,54227,3938,556,4900.544477003109,508.98835020481425,Not significant,Not significant,5.613341319440278,0.5469576547003532,1,1,1,0,0,Bayesian hotspot only,Bayesian hotspot only,1.6400614563170712e-4,0.0021469045685462763
HF1125,87,37541,22309,679,3392.6151218244368,352.36932994705467,Not significant,Not significant,6.243508277837911,0.5531097484888959,1,1,1,0,0,Bayesian hotspot only,Bayesian hotspot only,0.0019382702537214579,0.005473968662966699
HF1130,88,31671,1852,11,2862.1377566740825,297.27202388730103,Not significant,Not significant,2.3969336141452025,0.6294617693405707,0.9999299268029953,1,1,0,0,Bayesian hotspot only,Bayesian hotspot only,2.260389171835405e-4,1.3880228201886357e-4
HF1147,89,16454,0,0,1486.9632991795445,154.4414095242225,Not significant,Not significant,-4.155134980731597,3.166100488249572,0.09469554856516771,0,0,0,0,Not hotspot,Not hotspot,3.0142909566837444e-6,5.914492948604206e-5
HF1165,90,28965,0,0,2617.594017304941,271.87282283147596,Not significant,Not significant,-4.59433798087205,3.0578016394017355,0.06648439300667386,0,0,0,0,Not hotspot,Not hotspot,7.48866225613578e-7,1.5599222569550983e-5
HF1166,91,82312,11399,1041,7438.612075001013,772.6012702539081,Not significant,Not significant,5.841300663486908,0.547249022038748,1,1,1,0,0,Bayesian hotspot only,Bayesian hotspot only,2.060169308511727e-4,0.0017445253374169982
HF1180,92,21313,0,0,1926.0756530578358,200.04921363739845,Not significant,Not significant,-4.358109689957483,3.1167439713974723,0.08101310755357782,0,0,0,0,Not hotspot,Not hotspot,1.5928286162608646e-6,3.20755678989807e-5
HF1207,93,22757,0,0,2056.5712774662024,213.60296320303462,Not significant,Not significant,-4.338343990423226,3.0468551747188117,0.07724118369013733,0,0,0,0,Not hotspot,Not hotspot,1.1833690836670054e-6,2.4706905629636282e-5
HF1209,94,19238,0,0,1738.5559711690821,180.57273832666783,Not significant,Not significant,-4.2259886209327435,3.090793773745899,0.08576836798348975,0,0,0,0,Not hotspot,Not hotspot,1.8381890492506673e-6,3.736467264296601e-5
HF1234,95,43021,2139,78,3887.847823872808,403.8059972737071,Not significant,Not significant,3.926636555438006,0.554701797428148,0.9999999999992731,1,1,0,0,Bayesian hotspot only,Bayesian hotspot only,1.4152697406572055e-4,4.8251227590773757e-4
HF1246,96,4118,0,0,372.1474939845244,38.65259052028372,Not significant,Not significant,-3.0551163767606018,3.4043494259016507,0.1847485882950517,0,0,0,0,Not hotspot,Not hotspot,9.23090685631178e-5,0.001530396707680426
HF1249,97,27547,0,0,2489.4480371033737,258.56311584804655,Not significant,Not significant,-4.4960580445906455,3.022307608022936,0.0684250091850549,0,0,0,0,Not hotspot,Not hotspot,7.612425328695148e-7,1.6210229942110117e-5
HF1250,98,38980,3224,54,3522.6588915776492,365.8761482468818,Not significant,Not significant,3.690953683345791,0.5637003577344132,0.9999999999707895,1,1,0,0,Bayesian hotspot only,Bayesian hotspot only,2.598075974510019e-4,4.10321488328029e-4
HF1269,99,14944,0,0,1350.50319332315,140.2681672499077,Not significant,Not significant,-4.080768147907293,3.184178995145285,0.09999566953205485,0,0,0,0,Not hotspot,Not hotspot,3.826962315930455e-6,7.421348153710234e-5
HF1276,100,20124,6090,864,1818.624616062304,188.88895862802076,Not significant,Not significant,7.053929632003019,0.5602365440202174,1,1,1,0,0,Bayesian hotspot only,Bayesian hotspot only,0.001841529444816489,0.02422052978813331
HF1281,101,43229,0,0,3906.6449775271985,405.75833793136104,Not significant,Not significant,-4.90620259361475,2.9927518865360083,0.05056898446711178,0,0,0,0,Not hotspot,Not hotspot,2.881003320547491e-7,6.303410509906836e-6
HF1312,102,38659,1382,17,3493.6498227167867,362.8631609819447,Not significant,Not significant,2.572955727166028,0.602719770411182,0.9999901784218205,1,1,0,0,Bayesian hotspot only,Bayesian hotspot only,1.1321810839740585e-4,1.3709252182278074e-4
HF1313,103,32937,2093,190,2976.54735535898,309.15502039013717,Not significant,Not significant,5.052417480924643,0.5469326043824101,1,1,1,0,0,Bayesian hotspot only,Bayesian hotspot only,2.3629355495151006e-4,0.001991676407651726
HF1322,104,35682,0,0,3224.6155610383194,334.92028531927235,Not significant,Not significant,-4.694373451121174,2.9762138629091774,0.05736359138133573,0,0,0,0,Not hotspot,Not hotspot,4.08370826881901e-7,8.961125073421153e-6
HF1340,105,39080,0,0,3531.6959846807217,366.81477356306164,Not significant,Not significant,-4.7915088930231375,2.980614926426503,0.053966099570529114,0,0,0,0,Not hotspot,Not hotspot,3.434566128642772e-7,7.531843220513121e-6
HF1354,106,26873,3324,39,2428.5380295886653,252.23678121699476,Not significant,Not significant,3.7561091730304916,0.5713058754461253,0.9999999999756084,1,1,0,0,Bayesian hotspot only,Bayesian hotspot only,5.635788313598828e-4,6.291955933889602e-4
HF1375,107,16880,22896,957,1525.4613157986332,158.43995337114842,Not significant,Not significant,7.3833286823031505,0.5657937505274437,1,1,1,0,0,Bayesian hotspot only,Bayesian hotspot only,0.009839261562342893,0.03814532916055609
HF1390,108,7587,0,0,685.6442537301084,71.2135027385606,Not significant,Not significant,-3.2725152482905617,3.104896796376357,0.14594484822998144,0,0,0,0,Not hotspot,Not hotspot,1.2350330137852428e-5,2.538950231851657e-4
HF1405,109,32289,0,0,2917.9869920510705,303.07272834129213,Not significant,Not significant,-4.683805846291043,3.0455541732367797,0.062034603246807096,0,0,0,0,Not hotspot,Not hotspot,5.844207046284686e-7,1.2339220359848814e-5
HF1408,110,14010,4879,4387,1266.0967437404533,131.50140679678847,Not significant,Not significant,8.982398133354122,0.6024189888402588,1,1,1,0,0,Bayesian hotspot only,Bayesian hotspot only,0.003044450063656597,0.2536651640124926
HF1419,111,24695,0,0,2231.710141803747,231.79352183059893,Low-High,Low-High,-4.253839559787543,2.9363525899631715,0.07371328006455591,0,0,0,0,Not hotspot,Not hotspot,7.838953622153531e-7,1.7761040916367572e-5
HF1421,112,18583,3771,155,1679.3630113439574,174.42474250569023,High-High,High-High,5.456661773975618,0.5507498082058919,1,1,1,1,1,Robust hotspot,Robust hotspot,0.0013372068384577772,0.005114913385744125
HF1431,113,3748,1817,92,338.71024950315626,35.179676850418495,Not significant,Not significant,6.534008458073437,0.5623443426653216,1,1,1,0,0,Bayesian hotspot only,Bayesian hotspot only,0.015840876249093236,0.07476191338175744
HF1438,114,2355,0,0,212.8235425773567,22.104626196034037,Not significant,Not significant,-2.794602172895599,3.716158895233346,0.2260214284478076,0,0,0,0,Not hotspot,Not hotspot,7.336584968494723e-4,0.010556865818808015
HF1475,115,47838,0,0,4323.164598647809,449.01957875408755,Not significant,Not significant,-4.956868748164684,2.9602699425445054,0.047019612499010766,0,0,0,0,Not hotspot,Not hotspot,2.1795737504921027e-7,4.914919396784694e-6
HF1483,116,35867,0,0,3241.3341832790034,336.656742154205,Not significant,Not significant,-4.8262569902659544,3.0779485805520452,0.05843929177031315,0,0,0,0,Not hotspot,Not hotspot,5.129259824704627e-7,1.066569262035564e-5
HF1492,117,28252,0,0,2553.1595434800347,265.18042432711405,Not significant,Not significant,-4.63469507679305,3.1109386407478516,0.06813762550660107,0,0,0,0,Not hotspot,Not hotspot,8.977508211975667e-7,1.8115084193721326e-5
HF1515,118,40545,0,0,3664.0893986407336,380.5656344450955,Not significant,Not significant,-4.854226107509426,2.9982168296546554,0.05271957492155532,0,0,0,0,Not hotspot,Not hotspot,3.3252307716807114e-7,7.198851924662235e-6
HF1524,119,29019,0,0,2622.4740475806007,272.37968050221303,Not significant,Not significant,-4.657633466880596,3.107471716238877,0.06695629651227963,0,0,0,0,Not hotspot,Not hotspot,8.439611610745753e-7,1.7056314925073274e-5
HF1530,120,29079,0,0,2627.896303442444,272.9428556919209,Not significant,Not significant,-4.635470979863272,3.0870596408773827,0.06660263992828896,0,0,0,0,Not hotspot,Not hotspot,7.984811330874575e-7,1.6330251176673506e-5
HF1532,121,23806,760,5,2151.3703841174324,223.4491427697606,Not significant,Not significant,1.9523186809373967,0.6893721559249165,0.9976872831594449,1,1,0,0,Bayesian hotspot only,Bayesian hotspot only,1.6414478342986218e-4,1.2449875521996034e-4
HF1533,122,56800,0,0,5133.068882545163,533.1391795901202,Not significant,Not significant,-5.172226108336028,2.983991666362905,0.041518996958379795,0,0,0,0,Not hotspot,Not hotspot,1.642293007429538e-7,3.599404260413397e-6
HF1547,123,63519,0,0,5740.271168140604,596.2054145842403,Not significant,Not significant,-5.214658769306037,2.9319923719620493,0.03765779853055007,0,0,0,0,Not hotspot,Not hotspot,1.168144699185457e-7,2.646129883062866e-6
HF1583,124,52652,0,0,4758.210260629718,494.20500147498257,Not significant,Not significant,-5.06672162975064,2.961317688492589,0.04354345318435815,0,0,0,0,Not hotspot,Not hotspot,1.8140666652081121e-7,4.027839388439664e-6
HF1591,125,18565,2139,307,1677.7363345854044,174.25578994877785,Low-High,Low-High,6.09521548779323,0.5515495107652779,1,1,1,0,0,Bayesian hotspot only,Bayesian hotspot only,7.601498284935425e-4,0.010116886525532482
HF1595,126,6851,0,0,619.1312484914951,64.30522041147735,Not significant,Not significant,-3.2754834989274273,3.181336504407168,0.15160042559100173,0,0,0,0,Not hotspot,Not hotspot,1.818282398300068e-5,3.56504349775699e-4
HF1600,127,44898,0,0,4057.4740614174784,421.42399445840175,Low-High,Low-High,-4.780216770328201,2.8787251392289437,0.048403683572337486,0,0,0,0,Not hotspot,Not hotspot,2.089540052005977e-7,4.915047984067326e-6
HF1609,128,12997,11399,1041,1174.5509906063292,121.9931323438872,Not significant,Not significant,7.697621098262964,0.5692315245415466,1,1,1,0,0,Bayesian hotspot only,Bayesian hotspot only,0.00826310114422115,0.06996798280670208
HF1617,129,54737,810,579,4946.633651828779,513.7753393173311,Not significant,Not significant,5.583948654700359,0.5546481770740376,1,1,1,0,0,Bayesian hotspot only,Bayesian hotspot only,3.31510439249438e-5,0.002192329641421395
HF1629,130,6620,0,0,598.2555634233976,62.13699593110204,Not significant,Not significant,-3.409417503054592,3.3054024772509187,0.15116065946427337,0,0,0,0,Not hotspot,Not hotspot,2.698018856100997e-5,4.821370619096289e-4
HF1643,131,40788,0,0,3686.0495348811996,382.8464939634124,Not significant,Not significant,-4.836466183650638,2.986568561591684,0.05267999948177682,0,0,0,0,Not hotspot,Not hotspot,3.188394032646165e-7,7.025168078744693e-6
HF1647,132,35229,0,0,3183.677529281401,330.66831263697793,Not significant,Not significant,-4.8039163499469995,3.0701092137618375,0.058822184931067945,0,0,0,0,Not hotspot,Not hotspot,5.223886637528606e-7,1.0835184924962793e-5
HF1667,133,25438,0,0,2298.8557435595753,238.76750792981477,Not significant,Not significant,-4.546425724290095,3.123654340245035,0.07276779951074386,0,0,0,0,Not hotspot,Not hotspot,1.1426622871850756e-6,2.2836747864661132e-5
HF1688,134,8949,0,0,808.7294617939555,83.99757954492934,Not significant,Low-High,-3.6268871125899427,3.241518741586862,0.1315945741544028,0,0,0,0,Not hotspot,Not hotspot,1.2365189811226987e-5,2.3329770533259616e-4
HF1697,135,13885,2897,67,1254.8003773616126,130.32812515156374,Not significant,Not significant,4.929920732585861,0.5579544700139267,1,1,1,0,0,Bayesian hotspot only,Bayesian hotspot only,0.0018399770776738617,0.00399131215790332
HF1698,136,44836,7489,1167,4051.8710636935734,420.8420467623703,Not significant,Not significant,6.5467385958696065,0.5541231619289295,1,1,1,0,0,Bayesian hotspot only,Bayesian hotspot only,4.561975183227309e-4,0.006590010609081365
HF1722,137,20993,0,0,1897.156955128004,197.04561262562314,Not significant,Not significant,-4.33979398070438,3.1110545067724815,0.08151407774150654,0,0,0,0,Not hotspot,Not hotspot,1.623469011240303e-6,3.263032624238194e-5
HF1726,138,10796,0,0,975.644571407704,101.33398913477004,Not significant,Not significant,-3.820186193617348,3.2299088001402985,0.11845341146176835,0,0,0,0,Not hotspot,Not hotspot,8.316028394856622e-6,1.5439441232767255e-4
HF1734,139,26861,0,0,2427.4535784162968,252.12414617905316,Not significant,Low-High,-4.52829965066919,3.0645076476764412,0.0697494344148416,0,0,0,0,Not hotspot,Not hotspot,8.857424439276277e-7,1.8338344819477902e-5
HF1747,140,18869,4349,57,1705.2090976187446,177.10921090996442,Not significant,Not significant,4.484511421548006,0.562903775021567,0.9999999999999992,1,1,0,0,Bayesian hotspot only,Bayesian hotspot only,0.001495632678442179,0.001848529665791591
HF1751,141,10610,0,0,958.8355782359893,99.58814604667563,Low-High,Low-High,-3.800056775875916,3.232219484276734,0.11986132667442895,0,0,0,0,Not hotspot,Not hotspot,8.644532254560535e-6,1.6145824423621934e-4
HF1752,142,8639,16907,2472,780.7144731744309,81.087841064772,Not significant,Not significant,8.959156288187401,0.5934064563616328,1,1,1,0,0,Bayesian hotspot only,Bayesian hotspot only,0.02773955551118738,0.3759707362279668
HF1754,143,13722,1374,261,1240.0699156036046,128.79816588619067,Low-High,Low-High,6.222441849987996,0.5539280175054876,1,1,1,0,0,Bayesian hotspot only,Bayesian hotspot only,8.939922370475074e-4,0.015738660598615378
HF1769,144,3752,3938,556,339.07173322727914,35.21722186306569,Not significant,Not significant,8.299438351550666,0.5809254826633238,1,1,1,0,0,Bayesian hotspot only,Bayesian hotspot only,0.03425831327292346,0.44840455946652996
HF1785,145,39520,13988,328,3571.4591943342407,370.9447249542527,Not significant,Not significant,5.469724419532955,0.5498984795022904,1,1,1,0,0,Bayesian hotspot only,Bayesian hotspot only,0.0010966475544600279,0.0023892712846828507
HF1805,146,9776,0,0,883.4662217563648,91.7600109097362,Not significant,Not significant,-3.9238135137169277,3.4308980477245443,0.12638035984759544,0,0,0,0,Not hotspot,Not hotspot,1.8237104624182143e-5,3.054547744556633e-4
HF1831,147,8783,16436,1408,793.7278872428552,82.43946152007088,Not significant,Not significant,8.398144940379444,0.5816692895825187,1,1,1,0,0,Bayesian hotspot only,Bayesian hotspot only,0.026089530108286997,0.20721563588518435
HF1856,148,13211,0,0,1193.8903698469042,124.00179052051195,Not significant,Not significant,-3.9462019075919623,3.1746338065827824,0.10692625090836083,0,0,0,0,Not hotspot,Not hotspot,4.787940964118788e-6,9.317298331945382e-5
HF1868,149,20616,0,0,1863.0871141294208,193.50699518362535,Low-High,Low-High,-4.3457597899194065,3.145014297368746,0.08351758328075942,0,0,0,0,Not hotspot,Not hotspot,1.8168612367012723e-6,3.6672413478463725e-5
HF1882,150,22673,0,0,2048.9801192596215,212.8145179374436,Not significant,Not significant,-4.4046525771857965,3.108297755061037,0.07823230926094471,0,0,0,0,Not hotspot,Not hotspot,1.3739200253856236e-6,2.7995583814665528e-5
HF1903,151,5663,0,0,511.77058242699405,53.15435165526146,Not significant,Not significant,-3.5312816239707003,3.5747895415647606,0.16161814317453793,0,0,0,0,Not hotspot,Not hotspot,8.485943090283122e-5,0.0012948324502084013
HF1927,152,16106,0,0,1455.5142151808523,151.17499342391685,Low-High,Low-High,-4.069197864395279,3.1144982874342206,0.09568551449961982,0,0,0,0,Not hotspot,Not hotspot,2.7718795611523393e-6,5.604005284803289e-5
HF1934,153,21637,2482,737,1955.3558347117907,203.09035966182097,Not significant,Not significant,6.792724187046809,0.5594862835800523,1,1,1,0,0,Bayesian hotspot only,Bayesian hotspot only,6.493932488109107e-4,0.017867014693452307
HF1965,154,65633,7301,802,5931.3153163395555,616.047953768281,Not significant,Not significant,5.800646963717627,0.5473060654279528,1,1,1,0,0,Bayesian hotspot only,Bayesian hotspot only,2.0754631773680198e-4,0.0021139653228703535
HF1970,155,48979,1847,556,4426.277830953866,459.72929361169895,Not significant,Not significant,5.687352839936738,0.5499027744596645,1,1,1,0,0,Bayesian hotspot only,Bayesian hotspot only,9.43196196679261e-5,0.0026305177804580317
HF1994,156,37474,0,0,3386.560269445378,351.7404509852142,Not significant,Not significant,-4.737755715212137,2.970528410978513,0.05536504288978139,0,0,0,0,Not hotspot,Not hotspot,3.658109793450379e-7,8.040183739391428e-6
HF1999,157,16857,0,0,1523.3827843849265,158.22406954842705,Not significant,Not significant,-4.20467805159726,3.18537284024399,0.09341824780995556,0,0,0,0,Not hotspot,Not hotspot,3.028103683252007e-6,5.8595381036946716e-5
HF2009,158,44937,1801,50,4060.9985277276764,421.79005833171186,Not significant,Not significant,3.4498741375517588,0.5635440906340723,0.9999999995372244,1,1,0,0,Bayesian hotspot only,Bayesian hotspot only,1.0921519462904772e-4,2.8543590242616906e-4
HF2019,159,28213,0,0,2549.635077169836,264.81436045380394,Not significant,Not significant,-4.558686651624731,3.0519227755636784,0.06762575613989097,0,0,0,0,Not hotspot,Not hotspot,7.774725781991287e-7,1.627979439112065e-5
HF2027,160,8475,0,0,765.893640485392,79.54849554623713,Low-High,Low-High,-3.6875608569332057,3.3250889863666586,0.13371267973404088,0,0,0,0,Not hotspot,Not hotspot,1.744974164770716e-5,3.0530765595696013e-4
HF2028,161,8613,1821,39,778.364828967632,80.84379848256525,Low-High,Low-High,4.872606004906446,0.5668358649773888,1,1,1,0,0,Bayesian hotspot only,Bayesian hotspot only,0.0030057924534587664,0.0060924786392082915
HF2029,162,28907,14835,4585,2612.352503305159,271.32842014809165,Not significant,Not significant,8.338194019567807,0.5828099448999138,1,1,1,0,0,Bayesian hotspot only,Bayesian hotspot only,0.0021739562099815503,0.06227842346541849
HF2057,163,12103,0,0,1093.7593782648612,113.60182201723988,Not significant,Not significant,-3.9187986403430486,3.2250221513360198,0.11215958839755347,0,0,0,0,Not hotspot,Not hotspot,6.487320854911298e-6,1.2251931823898334e-4
HF2067,164,42088,17764,2371,3803.531745221142,395.04862307374964,Not significant,Not significant,7.328746023264651,0.5634109222201018,1,1,1,0,0,Bayesian hotspot only,Bayesian hotspot only,0.0012279551021554904,0.015193626648435413
HF2099,165,7239,5434,387,654.1951697314162,67.94708663825494,Not significant,Not significant,7.300904793636814,0.5645714260062726,1,1,1,0,0,Bayesian hotspot only,Bayesian hotspot only,0.012698157436066745,0.08390639385205438
HF2108,166,3020,0,0,272.9202117127886,28.346484548629633,Not significant,Not significant,-2.889766491425729,3.5445482066385963,0.20745867256536488,0,0,0,0,Not hotspot,Not hotspot,2.576981768975294e-4,0.003972949149113855
HF2124,167,29361,15823,629,2653.380905993108,275.5897790835479,Not significant,Not significant,6.40460043385512,0.5539097403434329,1,1,1,0,0,Bayesian hotspot only,Bayesian hotspot only,0.002247484942158417,0.008289596821358885
HF2140,168,4459,0,0,402.9639814660015,41.8533028484568,Not significant,Not significant,-3.171319927433367,3.4448677941191788,0.17863157384436013,0,0,0,0,Not hotspot,Not hotspot,8.791306135120248e-5,0.001442923338715406
HF2145,169,44637,2628,711,4033.887248418459,418.9741823831725,Not significant,Not significant,6.032401804851743,0.5515128129117586,1,1,1,0,0,Bayesian hotspot only,Bayesian hotspot only,1.6155547432323704e-4,0.004050312070130529
HF2152,170,18498,0,0,1671.681482206346,173.6269109869374,Not significant,Not significant,-4.281840364899349,3.1761870898897633,0.08881196918207879,0,0,0,0,Not hotspot,Not hotspot,2.45164013773422e-6,4.801241232641563e-5
HF2167,171,17234,0,0,1557.4526253835097,161.76268699042487,Not significant,Not significant,-4.191009388994083,3.157524190340795,0.09220329037418884,0,0,0,0,Not hotspot,Not hotspot,2.6885088621611187e-6,5.304799328027496e-5
HF2186,172,1735,0,0,156.7935653383074,16.28514923571934,Not significant,Not significant,-2.451459727977672,3.653938181269832,0.2511392759819362,0,0,0,0,Not hotspot,Not hotspot,0.0010982256429188846,0.015754585837159447
HF2190,173,9064,0,0,819.1221188624888,85.07699865853608,Not significant,Not significant,-3.6714011799805193,3.2598394625332183,0.13002940415287167,0,0,0,0,Not hotspot,Not hotspot,1.2704140351151046e-5,2.340880539296699e-4
HF2205,174,28991,180,0,2619.94366151174,272.11686541368266,Low-High,Low-High,-0.08419424565836228,1.0458020274463884,0.46791706709210423,0,0,0,0,Not hotspot,Not hotspot,2.6165096273937513e-5,1.8343227434173664e-5
HF2206,175,20149,13408,3698,1820.8838893380723,189.1236149570657,Not significant,Not significant,8.488476320636849,0.585338337878981,1,1,1,0,0,Bayesian hotspot only,Bayesian hotspot only,0.004044156641261904,0.10338666180475967
HF2211,176,7013,0,0,633.7713393184724,65.82579342368861,Not significant,Not significant,-3.5391334103083163,3.3759756681750432,0.14724351183938977,0,0,0,0,Not hotspot,Not hotspot,2.9182798130702665e-5,5.068816621604025e-4
HF2222,177,47543,7492,1818,4296.505173993745,446.2506340713572,Not significant,Not significant,6.916701088005859,0.5595033957157224,1,1,1,0,0,Bayesian hotspot only,Bayesian hotspot only,4.05896766941456e-4,0.009129241096851537
HF2228,178,29883,0,0,2700.5545319911466,280.4894032340064,Not significant,Not significant,-4.62167204459129,3.0612964039049766,0.06555862540672741,0,0,0,0,Not hotspot,Not hotspot,7.058384748932942e-7,1.483391376104924e-5
HF2249,179,12609,0,0,1139.487069366408,118.35126611710962,Not significant,Not significant,-3.9997615402308204,3.254229030371488,0.10951781197693966,0,0,0,0,Not hotspot,Not hotspot,6.504105603953317e-6,1.196699478523956e-4
HF2278,180,12616,1861,724,1140.119665883623,118.4169698892422,Not significant,Not significant,7.307035514735875,0.5675529689515174,1,1,1,0,0,Bayesian hotspot only,Bayesian hotspot only,0.0014324380953099317,0.051619654360143555
HF2280,181,3782,0,0,341.7828611582009,35.49880945791963,Not significant,Not significant,-3.051563258320652,3.4859283448613483,0.190679586556173,0,0,0,0,Not hotspot,Not hotspot,1.378626246843441e-4,0.002204984675097837
HF2292,182,5048,0,0,456.1924598430984,47.381805960755756,Not significant,Not significant,-3.2622590546889954,3.414909373440027,0.16971329020233528,0,0,0,0,Not hotspot,Not hotspot,6.28988413722016e-5,0.0010520960222649412
HF2305,183,2347,19599,197,212.10057512911092,22.02953617073965,Not significant,Not significant,7.83227617221122,0.58393235640614,1,1,1,0,0,Bayesian hotspot only,Bayesian hotspot only,0.4356586659613945,0.4079782594846083
HF2329,184,32747,14033,580,2959.3768784631425,307.37163228939556,Not significant,Not significant,6.210821603152416,0.5519766736586309,1,1,1,0,0,Bayesian hotspot only,Bayesian hotspot only,0.0016023537977972245,0.006145133307363733
HF2330,185,22447,11399,1041,2028.5562888466777,210.69322472287726,Not significant,Not significant,7.1485555096726605,0.5609915138272614,1,1,1,0,0,Bayesian hotspot only,Bayesian hotspot only,0.0027702098851299034,0.02345720983894449
HF2353,186,10906,11399,1041,985.5853738210837,102.3664769825678,Not significant,Not significant,7.874321037807283,0.5722332412996424,1,1,1,0,0,Bayesian hotspot only,Bayesian hotspot only,0.011735411747939305,0.09936975517334602
HF2375,187,7819,0,0,706.6103097292365,73.39111347209771,Not significant,Not significant,-3.587543262081492,3.315493592381267,0.1396142563823699,0,0,0,0,Not hotspot,Not hotspot,1.982202020120825e-5,3.5320740595342774e-4
HF2376,188,20273,1861,724,1832.089884785882,190.28751034912867,Not significant,Not significant,6.829610982505796,0.5613729074811699,1,1,1,0,0,Bayesian hotspot only,Bayesian hotspot only,5.547317402678086e-4,0.019990650902196656
HF2400,189,34572,0,0,3124.303827594215,324.5015443096767,Not significant,Not significant,-4.736979729271195,3.03745143226037,0.059436152894716376,0,0,0,0,Not hotspot,Not hotspot,4.984150993362499e-7,1.0641022292672364e-5
HF2410,190,11325,0,0,1023.4507939229574,106.29931705736112,Not significant,Not significant,-3.8264538512662787,3.203121097196151,0.11612134583278322,0,0,0,0,Not hotspot,Not hotspot,7.012207368765722e-6,1.3394220291411483e-4
HF2428,191,12476,0,0,1127.4677355393217,117.1028944465905,Not significant,Not significant,-4.004903763273371,3.270975256151378,0.11040519996831899,0,0,0,0,Not hotspot,Not hotspot,6.95119782413083e-6,1.2709310895408398e-4
HF2445,192,107529,334,724,9717.495842802799,1009.2944162349655,Not significant,Not significant,5.086082286529721,0.5639282649881291,1,1,1,0,0,Bayesian hotspot only,Bayesian hotspot only,3.553227160996125e-6,7.100869489506842e-4
HF2448,193,30891,0,0,2791.648430470117,289.9507464210987,Not significant,Low-High,-4.537172706032374,2.972220906456206,0.06343945121542849,0,0,0,0,Not hotspot,Not hotspot,5.397243367628201e-7,1.1935192317655257e-5
HF2457,194,18179,2482,272,1642.8531552075447,170.63269622832388,Not significant,Not significant,6.002868982468542,0.5508613871623931,1,1,1,0,0,Bayesian hotspot only,Bayesian hotspot only,9.198270836477116e-4,0.009351330396940064
HF2475,195,9079,0,0,820.4776828279497,85.21779245596306,Not significant,Not significant,-3.733897172663413,3.3084915024120494,0.12953753643802168,0,0,0,0,Not hotspot,Not hotspot,1.4503779366091095e-5,2.57982003237332e-4
HF2481,196,12101,1665,206,1093.5786364027997,113.58304951091628,Not significant,Not significant,6.128190115433386,0.5530237704751503,1,1,1,0,0,Bayesian hotspot only,Bayesian hotspot only,0.0013927598060827304,0.015985681119170193
HF2490,197,17047,13471,1315,1540.5532612807642,160.00745764916866,Not significant,Not significant,7.6570973178143245,0.5684412410567881,1,1,1,0,0,Bayesian hotspot only,Bayesian hotspot only,0.005676283274639275,0.05137273104480556
HF2494,198,17538,0,0,1584.9253884168502,164.6161079516114,Low-High,Low-High,-4.172178734931977,3.1424710207516324,0.09214282564800924,0,0,0,0,Not hotspot,Not hotspot,2.481924169783446e-6,5.070888349084903e-5
HF2501,199,4903,0,0,443.0886748436433,46.02079925229506,Not significant,Not significant,-3.2093492729331894,3.3908665387571433,0.17195477258515757,0,0,0,0,Not hotspot,Not hotspot,6.244804309779884e-5,0.0010547960397677208
HF2508,200,9958,0,0,899.9137312039567,93.46830898518341,Not significant,Not significant,-3.7622490703162828,3.2461427223086803,0.12322999771975107,0,0,0,0,Not hotspot,Not hotspot,1.021714663041539e-5,1.8659748419178887e-4
HF2512,201,15960,745,43,1442.3200592503665,149.80460046229436,Not significant,Not significant,4.305261003161996,0.5614406889404704,0.9999999999999912,1,1,0,0,Bayesian hotspot only,Bayesian hotspot only,3.5830491466150473e-4,0.0019392376538384802
HF2513,202,6376,1281,16,576.2050562519008,59.846750159623355,Not significant,Not significant,4.3215281948636886,0.5969664832436904,0.9999999999997743,1,1,0,0,Bayesian hotspot only,Bayesian hotspot only,0.003857989722936212,0.004745393120440833
HF2521,203,10825,0,0,978.265328407595,101.60619047646217,Not significant,Not significant,-3.853388288224438,3.2550221335634637,0.11824045964903596,0,0,0,0,Not hotspot,Not hotspot,8.841970088791884e-6,1.6141068082669546e-4
HF2522,204,11275,2092,100,1018.9322473714212,105.83000439927123,Not significant,Not significant,5.510131203488457,0.5534521032078958,1,1,1,0,0,Bayesian hotspot only,Bayesian hotspot only,0.002015288161791278,0.008977377390600623
HF2528,205,5756,0,0,520.1750790128515,54.02727319930867,Not significant,Not significant,-3.376706388825152,3.388501180112077,0.15949897838758942,0,0,0,0,Not hotspot,Not hotspot,4.523421382509133e-5,7.557470620767534e-4
HF2565,206,33385,0,0,3017.0335324607445,313.36006180662264,Not significant,Not significant,-4.7092946912025715,3.043108497781631,0.06086802528917623,0,0,0,0,Not hotspot,Not hotspot,5.416497050574666e-7,1.1520876307714486e-5
HF2566,207,18722,14128,1777,1691.9245707572281,175.72943169518012,Not significant,Not significant,7.856403489660323,0.5717994444549921,1,1,1,0,0,Bayesian hotspot only,Bayesian hotspot only,0.004935578023441586,0.057549717928274395
HF2570,208,25853,0,0,2336.3596799373263,242.6628029919609,Not significant,Not significant,-4.595228643032183,3.1642945470329233,0.07322123996511043,0,0,0,0,Not hotspot,Not hotspot,1.223636090998435e-6,2.4351471886247638e-5
HF2578,209,19268,0,0,1741.2670991000039,180.8543259215218,Not significant,Not significant,-4.5299453474121725,3.369180506406893,0.08938943828693202,0,0,0,0,Not hotspot,Not hotspot,3.991887910960095e-6,6.942335536974108e-5
HF2586,210,27097,0,0,2448.7811181395477,254.33930192523746,Not significant,Not significant,-4.757116162435495,3.265991199253393,0.0726187679468121,0,0,0,0,Not hotspot,Not hotspot,1.4842336926924204e-6,2.7725248627949754e-5
HF2594,211,9482,4306,137,856.8971680333318,89.00045248016761,Not significant,Not significant,6.017311607369375,0.5558950271461249,1,1,1,0,0,Bayesian hotspot only,Bayesian hotspot only,0.005864564185608768,0.01737965878802649
HF2601,212,29704,4936,1,2684.378135336647,278.80926391804456,Not significant,Not significant,1.036962059330757,0.834634227629934,0.8929582525310533,1,0,0,0,Bayesian hotspot only,Bayesian hotspot only,6.848402779026706e-4,3.9692141875278614e-5
HF2622,213,33949,0,0,3068.0027375620734,318.6539085898766,Not significant,Not significant,-4.7331168881891275,3.0479536692405707,0.060225487571470615,0,0,0,0,Not hotspot,Not hotspot,5.307322479473872e-7,1.1251113621407814e-5
HF2652,214,49953,0,0,4514.299117777792,468.87150419129006,Not significant,Not significant,-5.030304293392684,2.979998539417875,0.04570346432681194,0,0,0,0,Not hotspot,Not hotspot,2.0914274045377081e-7,4.638869768840407e-6
HF2673,215,3990,0,0,360.5800148125916,37.45115011557359,Not significant,Not significant,-3.0383814200409835,3.4391069139778576,0.1884885512853519,0,0,0,0,Not hotspot,Not hotspot,1.0729324497427533e-4,0.0018057372815528667
HF2677,216,39320,0,0,3553.3850081280957,369.0674743218931,Not significant,Not significant,-4.839198827117125,3.016924731005847,0.0543551428222373,0,0,0,0,Not hotspot,Not hotspot,3.672982209331942e-7,7.949109547584741e-6
HF2695,217,13838,0,0,1250.5529436031686,129.88697125295923,Not significant,Not significant,-4.019333579672293,3.195217502741669,0.10421002918427558,0,0,0,0,Not hotspot,Not hotspot,4.602920441548815e-6,8.831433974926637e-5
HF2705,218,36682,1268,34,3314.986492069044,344.3065384810703,Not significant,Not significant,3.269322768706838,0.572074538635138,0.9999999945101045,1,1,0,0,Bayesian hotspot only,Bayesian hotspot only,1.1539893818876903e-4,2.9344504000414906e-4
HF2708,219,10418,0,19,941.4843594780901,97.78598543961044,Not significant,Not significant,3.6185980641481317,0.6356320983413071,0.9999999937554884,1,1,0,0,Bayesian hotspot only,Bayesian hotspot only,2.2882662729731373e-6,0.001866786172998324
HF2734,220,18187,0,0,1643.5761226557904,170.70778625361825,Not significant,Not significant,-4.220861415035302,3.145580107039033,0.08982413543364576,0,0,0,0,Not hotspot,Not hotspot,2.3357204691254083e-6,4.70390146340862e-5
HF2749,221,18606,0,0,1681.4415427576641,174.64062632841157,Not significant,Not significant,-4.24726892873616,3.1391988647224323,0.08803123133487123,0,0,0,0,Not hotspot,Not hotspot,2.207732978318488e-6,4.394037687305506e-5
HF2753,222,22905,0,0,2069.9461752587495,214.99212867098072,Not significant,Not significant,-4.3795719726282165,3.0722019809872876,0.07699940026734975,0,0,0,0,Not hotspot,Not hotspot,1.240910131580331e-6,2.5478948980076364e-5
HF2761,223,3648,0,0,329.67315640008377,34.24105153423871,Not significant,Not significant,-2.9704078509792673,3.4414174042179675,0.19403162003569507,0,0,0,0,Not hotspot,Not hotspot,1.3077502472568224e-4,0.002131770852374923
HF2778,224,33303,0,0,3009.623116116225,312.5903890473552,Not significant,Not significant,-4.681684381531683,3.015278568935057,0.06025290670817185,0,0,0,0,Not hotspot,Not hotspot,5.131020545642278e-7,1.093644085061472e-5
HF2791,225,8402,3771,31,759.2965625201491,78.86329906542589,Not significant,Not significant,4.714909883591681,0.5781664078332989,0.9999999999999998,1,1,0,0,Bayesian hotspot only,Bayesian hotspot only,0.006540432324773323,0.005165388103987117
HF2801,226,15455,16513,179,1396.6827390798505,145.06454261558642,Not significant,Not significant,5.837841793902927,0.5595248433844968,1,1,1,0,0,Bayesian hotspot only,Bayesian hotspot only,0.0084649897346141,0.008554300806115732
HF2806,227,16826,9429,1200,1520.581285522974,157.93309570041131,Not significant,Not significant,7.568182838654183,0.567275217110019,1,1,1,0,0,Bayesian hotspot only,Bayesian hotspot only,0.004078265247230705,0.0481173317093408
HF2819,228,52231,0,0,4720.164098665783,490.2533888938657,Not significant,Not significant,-5.104722157358721,3.014803370915623,0.04520690070916833,0,0,0,0,Not hotspot,Not hotspot,2.0643543921850947e-7,4.58476630776329e-6
HF2830,229,30916,0,0,2793.907703745885,290.1854027501436,Not significant,Not significant,-4.653199971702347,3.060161790162064,0.06418348962130715,0,0,0,0,Not hotspot,Not hotspot,6.584483722919616e-7,1.3879448450874809e-5
HF2836,230,13918,6342,142,1257.7826180856266,130.63787150590306,Not significant,Not significant,5.683463707021136,0.5551370740543105,1,1,1,0,0,Bayesian hotspot only,Bayesian hotspot only,0.00400885574734191,0.00836743626252762
HF2837,231,7996,1828,30,722.6059645216749,75.05248028173594,Not significant,Not significant,4.700960435580975,0.5743099250668736,0.9999999999999999,1,1,0,0,Bayesian hotspot only,Bayesian hotspot only,0.003500812969431771,0.005489268985133791
HF2843,232,27369,0,0,2473.3620113799047,256.8923627852465,Not significant,Not significant,-4.419526006944397,2.986994595999981,0.06949140773989171,0,0,0,0,Not hotspot,Not hotspot,7.064341992519521e-7,1.5787684445228643e-5
HF2874,233,10419,2844,100,941.5747304091208,97.79537169277224,Not significant,Not significant,5.602667942545523,0.5548961597510818,1,1,1,0,0,Bayesian hotspot only,Bayesian hotspot only,0.00320814348733611,0.01052349949719634
HF2879,234,17100,0,0,1545.3429206253927,160.50492906674395,Not significant,Not significant,-4.1952687151081465,3.1638256598283276,0.09241796995761287,0,0,0,0,Not hotspot,Not hotspot,2.7833258565094144e-6,5.438756995401982e-5
HF2886,235,24853,0,0,2245.9887489066014,233.276549830163,Not significant,Not significant,-4.452063097135017,3.0730597258939563,0.07370516857723075,0,0,0,0,Not hotspot,Not hotspot,1.0507783438727445e-6,2.1893318313570444e-5
HF2891,236,53557,5434,387,4839.995953212524,502.6995605864097,Not significant,Not significant,5.288708657401225,0.5455899124510244,1,1,1,0,0,Bayesian hotspot only,Bayesian hotspot only,2.319878263805209e-4,0.0015331193084494833
HF2900,237,11614,0,0,1049.567992990837,109.01194422112071,Not significant,Not significant,-3.900431320996382,3.23710941963662,0.11411867738530623,0,0,0,0,Not hotspot,Not hotspot,7.310978873999026e-6,1.3540416168969068e-4
HF2916,238,2703,0,0,244.2726265760489,25.371042296339702,Not significant,Not significant,-2.777596456185231,3.5511220176764864,0.21705606654676957,0,0,0,0,Not hotspot,Not hotspot,3.271956048492571e-4,0.005075538893196178
HF2927,239,103509,5434,387,9354.204700059285,971.561678524538,Not significant,Not significant,4.623224415887251,0.5439455368502841,1,1,1,0,0,Bayesian hotspot only,Bayesian hotspot only,6.210710869045703e-5,4.1043258718684186e-4
HF2931,240,72717,0,0,6571.502991761209,682.5401711664573,Not significant,Not significant,-5.517526888712236,3.0674353892153565,0.036029698763604734,0,0,0,0,Not hotspot,Not hotspot,1.2320806520233674e-7,2.580260078055507e-6
HF2932,241,47889,0,0,4327.773516130376,449.49827766533923,Not significant,Not significant,-5.169265025590537,3.1185120043533803,0.0486984824906066,0,0,0,0,Not hotspot,Not hotspot,3.220822910729375e-7,6.46775285552304e-6
HF2937,242,36257,0,0,3276.578846380986,340.3173808873062,Not significant,Not significant,-4.965480621155191,3.18267769972602,0.05936125375871182,0,0,0,0,Not hotspot,Not hotspot,6.634182163659972e-7,1.2813999933645783e-5
HF2983,243,12289,0,0,1110.568371436576,115.34766510533429,Not significant,Not significant,-3.930469820268568,3.2220090938597474,0.11125486852675759,0,0,0,0,Not hotspot,Not hotspot,6.242884814875047e-6,1.1813271873607969e-4
HF2984,244,4819,1527,4,435.4975166370624,45.23235398670404,Not significant,Not significant,3.447302805343432,0.7037800918131203,0.9999995165720319,1,1,0,0,Bayesian hotspot only,Bayesian hotspot only,0.008048491291181965,0.0026651869952401203
HF2991,245,4409,0,0,398.4454349144653,41.3839901903669,Not significant,Not significant,-3.1706982813262594,3.4871250386070387,0.1816068304494658,0,0,0,0,Not hotspot,Not hotspot,1.004120487463695e-4,0.0016932348220366326
HF3019,246,45503,11157,727,4112.148474691066,427.10267762128944,Not significant,Not significant,6.090891214481449,0.5497565412453361,1,1,1,0,0,Bayesian hotspot only,Bayesian hotspot only,6.598209873955283e-4,0.003987824475956151
HF3033,247,10245,0,0,925.8501884097747,96.1621636426194,Not significant,Not significant,-3.8037457197471363,3.267839952649939,0.12221324509929288,0,0,0,0,Not hotspot,Not hotspot,1.01664673798175e-5,1.8659042732928008e-4
HF3034,248,23176,2628,711,2094.436697568076,217.53580327782794,Not significant,Not significant,6.6912954770020585,0.5579065153679391,1,1,1,0,0,Bayesian hotspot only,Bayesian hotspot only,5.992869574108139e-4,0.015024180115304799
HF3036,249,16320,0,0,1474.8535944214273,153.1836516005416,Not significant,Not significant,-4.161845241083443,3.177403520468961,0.09512737944335248,0,0,0,0,Not hotspot,Not hotspot,3.160009139685567e-6,6.14968790679608e-5
HF3047,250,70531,0,0,6373.952136528045,662.0218217547671,Not significant,Not significant,-5.476342628902256,3.0567181024128187,0.03660045946642532,0,0,0,0,Not hotspot,Not hotspot,1.2740660114354816e-7,2.6782142691854477e-6
HF3083,251,36153,0,0,3267.180269553791,339.3412105584792,Not significant,Not significant,-4.95408418915696,3.1828845956258287,0.05979744634013784,0,0,0,0,Not hotspot,Not hotspot,6.634769277956347e-7,1.3015765987249466e-5
HF3085,252,84598,10855,217,7645.200023337249,794.058244981778,Not significant,Not significant,4.2950082956602,0.5494480805408907,0.9999999999999973,1,1,0,0,Bayesian hotspot only,Bayesian hotspot only,1.857178682436183e-4,3.4548376607852836e-4
HF3103,253,17367,0,0,1569.4719592105962,163.01105866094397,Not significant,Not significant,-4.233479314280239,3.1816627004806874,0.09166245635147552,0,0,0,0,Not hotspot,Not hotspot,2.8310363955577514e-6,5.461859948061658e-5
HF3109,254,26630,4401,661,2406.5778933481993,249.95592169867786,Not significant,Not significant,6.500355576291154,0.5540808335417021,1,1,1,0,0,Bayesian hotspot only,Bayesian hotspot only,7.600094106667256e-4,0.0105822598588466
HF3118,255,10598,0,0,957.7511270636205,99.47551100873406,Not significant,Not significant,-3.725769182159767,3.173863810211345,0.12021940574643242,0,0,0,0,Not hotspot,Not hotspot,7.4589260823269245e-6,1.4413496270799365e-4
HF3137,256,13976,0,0,1263.0241320854086,131.18227418928734,Not significant,Not significant,-3.9927125681095927,3.161282546336459,0.10329386729471679,0,0,0,0,Not hotspot,Not hotspot,4.148089593141117e-6,8.072416895176728e-5
HF3141,257,439,1447,424,39.67283872248815,4.120565138029274,Not significant,Not significant,10.155398526202458,0.6255215636236251,1,1,1,0,0,Bayesian hotspot only,Bayesian hotspot only,0.9199241423482653,24.96334763186414
HF3145,258,13500,0,0,1220.0075689147836,126.71441768427154,Not significant,Not significant,-3.908400119771447,3.1322103118833566,0.10605051168369173,0,0,0,0,Not hotspot,Not hotspot,4.120799091134656e-6,8.284416353754601e-5
HF3146,259,2071,78,8,187.15819816463087,19.438930298083434,Not significant,Not significant,4.626531315899809,0.6377008180427528,0.9999999999997992,1,1,0,0,Bayesian hotspot only,Bayesian hotspot only,0.00224257863414624,0.022059849730851868
HF3149,260,5362,189,295,484.56893218674594,50.32908945356029,Not significant,Not significant,7.208067535007126,0.5791375521859383,1,1,1,0,0,Bayesian hotspot only,Bayesian hotspot only,8.109916441488166e-4,0.11622273306820476
HF3153,261,8864,0,0,801.0479326563438,83.19974802617651,Not significant,Not significant,-3.5755669965391528,3.199840404739618,0.13190730491319014,0,0,0,0,Not hotspot,Not hotspot,1.1418480360845058e-5,2.1741622738798987e-4
HF3171,262,27126,3398,101,2451.4018751394387,254.61150326692962,Not significant,Not significant,4.657927863303647,0.5522559445974436,1,1,1,0,0,Bayesian hotspot only,Bayesian hotspot only,5.654779698798535e-4,0.0015691809903977038
HF3186,263,17676,0,0,1597.3965768990902,165.91141088793952,Not significant,Not significant,-4.177858070867299,3.1209062482836054,0.09033935019463113,0,0,0,0,Not hotspot,Not hotspot,2.3430082182388783e-6,4.684305554697894e-5
HF3188,264,43122,0,0,3896.975287906911,404.75400884304867,Not significant,Not significant,-4.897473566308562,2.984903931807506,0.05042492356924466,0,0,0,0,Not hotspot,Not hotspot,2.850407418811879e-7,6.2312275685220465e-6
HF3207,265,26197,0,0,2367.4472802118953,245.89167407961938,Not significant,Not significant,-4.506999413840752,3.0662704938493417,0.07079934866663962,0,0,0,0,Not hotspot,Not hotspot,9.349874307829258e-7,1.928369014428625e-5
HF3214,266,6196,0,0,559.9382886663703,58.15722459049974,Not significant,Not significant,-3.3926847235421387,3.350866352157754,0.15565433374585602,0,0,0,0,Not hotspot,Not hotspot,3.4810816968054304e-5,6.085007339776983e-4
HF3222,267,11456,15823,629,1035.2893858879822,107.52891622155664,Not significant,Not significant,7.35046931404663,0.5656659683094847,1,1,1,0,0,Bayesian hotspot only,Bayesian hotspot only,0.014762927669483804,0.05444901059063632
HF3226,268,31784,0,0,2872.3496718805545,298.3326704945842,Not significant,Not significant,-4.634340770204157,3.0171861407065967,0.06227151266650843,0,0,0,0,Not hotspot,Not hotspot,5.653603679607353e-7,1.2075377831669357e-5
HF3236,269,24292,957,2,2195.290656598365,228.0108618063944,Not significant,Not significant,1.3237891099817953,0.7851570906116111,0.9541038487920702,1,1,0,0,Bayesian hotspot only,Bayesian hotspot only,1.9846253239150943e-4,6.749855605653741e-5
HF3241,270,12615,0,0,1140.0292949525922,118.4075836360804,Not significant,Not significant,-3.942953455867667,3.203186613059538,0.10917131430773108,0,0,0,0,Not hotspot,Not hotspot,5.670993842420448e-6,1.0723068017329508e-4
HF3255,271,21068,0,0,1903.9347749553083,197.749581612758,Not significant,Not significant,-4.3505613537799075,3.125101486050605,0.0819408480459679,0,0,0,0,Not hotspot,Not hotspot,1.660220177788088e-6,3.355453050037592e-5
HF3264,272,14470,0,0,1307.6673720145866,135.8190832512155,Not significant,Not significant,-4.031094372485772,3.168764168155791,0.10166265901883453,0,0,0,0,Not hotspot,Not hotspot,3.928051108558438e-6,7.673834427258559e-5
HF3271,273,16976,0,0,1534.1369251775827,159.341033674681,Not significant,Not significant,-4.176080745716257,3.14756574660597,0.09229318019407373,0,0,0,0,Not hotspot,Not hotspot,2.7203630928588226e-6,5.308207960557864e-5
HF3291,274,12078,0,0,1091.5001049890932,113.36716568819493,Not significant,Not significant,-3.9290965489692002,3.2306779598750013,0.11195755392802431,0,0,0,0,Not hotspot,Not hotspot,6.639486087084686e-6,1.2396338320645446e-4
HF3308,275,26761,672,9,2418.4164853132243,251.18552086287337,Not significant,Not significant,2.322540210013829,0.6378553167268256,0.9998642995455951,1,1,0,0,Bayesian hotspot only,Bayesian hotspot only,1.1488427794042539e-4,1.5870968829349307e-4
HF3330,276,15918,0,0,1438.524480147076,149.41037782949883,Not significant,Not significant,-4.047874718003179,3.111829246035038,0.09666306298744165,0,0,0,0,Not hotspot,Not hotspot,2.8086620388890827e-6,5.7372962655150885e-5
HF3331,277,5154,828,4,465.7717785323552,48.37674879590634,Not significant,Not significant,3.3231010526848257,0.7030586416037318,0.9999988586405215,1,1,0,0,Bayesian hotspot only,Bayesian hotspot only,0.003815028691666426,0.00225590369052313
HF3339,278,29106,0,0,2630.3363185802737,273.19628452728944,Not significant,Not significant,-4.604265168606236,3.0581051721429056,0.06608569929743036,0,0,0,0,Not hotspot,Not hotspot,7.43502316929448e-7,1.5384224702873266e-5
HF3353,279,16796,2124,5,1517.8701575920522,157.65150810555738,Not significant,Not significant,2.393201012067314,0.689604953332643,0.9997401524561745,1,1,0,0,Bayesian hotspot only,Bayesian hotspot only,9.216500885879128e-4,2.624549260082502e-4
HF3362,280,3052,0,0,275.81208150577186,28.646844649807164,Not significant,Not significant,-2.9116134639694344,3.54877445613755,0.20597808775658266,0,0,0,0,Not hotspot,Not hotspot,2.5697060293280544e-4,0.003917647535507612
