id,catchment_id,malaria_cases,malaria_deaths,scd_cases,scd_deaths,catchment_population,centroid_x,centroid_y,z_malaria_cases,z_scd_cases,z_malaria_deaths,z_scd_deaths,malaria_cases_rate_per_1000,scd_cases_rate_per_1000,malaria_deaths_rate_per_1000,scd_deaths_rate_per_1000
HF0002,HF0002,2943,12,720,5,117227,507026.46180671145,35579.41571858697,0.15629278002986266,0.8132496174048867,-0.19229180362278664,0.22152243440585856,25.105137894853577,6.141929760208826,0.10236549600348042,0.042652290001450176
HF0007,HF0007,2628,18,711,12,41558,497346.4014508736,41321.06591538727,0.08393691048208536,0.7981583873911878,-0.10750171698596733,1.0812926748721612,63.2369218922951,17.108619279079843,0.4331296020020213,0.2887530680013475
HF0008,HF0008,8130,0,26,1,77886,488839.64907690336,42455.29913276713,1.347752765249929,-0.35045189698478624,-0.36187197689642525,-0.2697748458606001,104.38332948154996,0.3338212258942557,0,0.012839277919009835
HF0019,HF0019,623,10,15,0,120831,495263.16207008477,23047.206197151947,-0.37661394171884643,-0.36889673366819603,-0.22055516583505974,-0.3925991659272148,5.155961632362557,0.12414032822702782,0.08276021881801855,0
HF0022,HF0022,3772,19,199,4,126012,517199.1929290011,41920.43076293728,0.3467150525857592,-0.06036492005479571,-0.09337003587983078,0.0986981143392439,29.93365711202108,1.5792146779671776,0.1507792908611878,0.03174300860235533
HF0039,HF0039,0,0,0,0,126212,347944.7654531864,-16292.021204798957,-0.5197177726022283,-0.3940487836910276,-0.36187197689642525,-0.3925991659272148,0,0,0,0
HF0052,HF0052,2092,19,100,4,143579,395126.08402059955,17900.136541874916,-0.03918291833571986,-0.22636845020548393,-0.09337003587983078,0.0986981143392439,14.570375890624673,0.696480683108254,0.13233132979056828,0.02785922732433016
HF0083,HF0083,0,0,0,0,44006,353422.2380136891,24186.576674171327,-0.5197177726022283,-0.3940487836910276,-0.36187197689642525,-0.3925991659272148,0,0,0,0
HF0092,HF0092,0,0,0,0,62110,372999.1102896634,-19492.196894331333,-0.5197177726022283,-0.3940487836910276,-0.36187197689642525,-0.3925991659272148,0,0,0,0
HF0093,HF0093,2290,30,369,7,54373,361016.16408500716,-22448.06850526171,0.0062979139514544565,0.22469164687062848,0.062078456287671266,0.4671710745390879,42.11649164107185,6.78645651334302,0.5517444319791073,0.1287403674617917
HF0103,HF0103,0,0,0,0,82203,363690.39497386455,-5029.089225478239,-0.5197177726022283,-0.3940487836910276,-0.36187197689642525,-0.3925991659272148,0,0,0,0
HF0118,HF0118,2628,18,711,12,243967,453678.40733328206,41321.065673107325,0.08393691048208536,0.7981583873911878,-0.10750171698596733,1.0812926748721612,10.771948665188324,2.9143285772256085,0.07378047030950907,0.04918698020633938
HF0202,HF0202,23,0,9,0,183488,457837.26391013234,34389.63804502373,-0.5144346456193747,-0.37895755367732864,-0.36187197689642525,-0.3925991659272148,0.12534879665155213,0.04904952912452041,0,0
HF0203,HF0203,1382,55,17,1,71046,453678.40733328194,35775.92357064044,-0.20227075128467825,-0.3655431269984852,0.415370483941085,-0.2697748458606001,19.45218590772176,0.23928159220786532,0.7741463277313291,0.014075387776933254
HF0204,HF0204,11550,6,601,12,181515,453678.40733328206,31617.06699379027,2.1333307774829398,0.6137100205570898,-0.27708189025960595,1.0812926748721612,63.63110486736634,3.3110211277304904,0.03305511941161887,0.06611023882323774
HF0216,HF0216,3525,0,2191,0,238924,457979.72367229726,26661.035655236807,0.28997886281337504,3.279827322977234,-0.36187197689642525,-0.3925991659272148,14.753645510706335,9.17028008906598,0,0
HF0252,HF0252,3771,10,273,10,239469,457375.1688428583,39472.68508021677,0.3464853514125916,0.06371852672450659,-0.22055516583505974,0.8356440347389319,15.747340991944677,1.1400222993372837,0.04175905858378329,0.04175905858378329
HF0253,HF0253,74,1,0,0,40079,458816.30295521306,30292.632355653404,-0.5027198857878298,-0.3940487836910276,-0.3477402957902887,-0.3925991659272148,1.8463534519324336,0,0.02495072232341126,0
HF0262,HF0262,151,1,2,0,99318,462014.3464189314,33039.855119586275,-0.48503289545392864,-0.39069517702131673,-0.3477402957902887,-0.3925991659272148,1.5203689160071687,0.02013733663585654,0.01006866831792827,0
HF0263,HF0263,299,50,373,13,66129,463382.406012599,35775.92357064044,-0.45103712182513167,0.23139886021005024,0.34471207841040225,1.204116994938776,4.521465620227131,5.640490556336856,0.7560979298038681,0.1965854617490057
HF0264,HF0264,0,0,0,0,68614,456450.97838451556,35775.92357064044,-0.5197177726022283,-0.3940487836910276,-0.36187197689642525,-0.3925991659272148,0,0,0,0
HF0281,HF0281,1030,6,383,4,594380,443974.4086540392,31617.066993791414,-0.2831255642396548,0.2481668935586046,-0.27708189025960595,0.0986981143392439,1.7328981459672264,0.6443689222382988,0.010094552306605203,0.006729701537736801
HF0282,HF0282,1861,31,724,3,291689,445360.69417958165,35775.923570640436,-0.09224388933742322,0.8199568307443085,0.07621013739380782,-0.024126205727370762,6.380082896509639,2.4820956566754315,0.10627757645985965,0.010284926754179965
HF0283,HF0283,0,0,0,0,503661,446901.01140617416,40088.81206415607,-0.5197177726022283,-0.3940487836910276,-0.36187197689642525,-0.3925991659272148,0,0,0,0
HF0290,HF0290,0,0,0,0,29346,487488.37129099964,116873.6269268995,-0.5197177726022283,-0.3940487836910276,-0.36187197689642525,-0.3925991659272148,0,0,0,0
HF0298,HF0298,4109,9,71,0,109538,501351.22635712737,63270.586392158846,0.4241243479432225,-0.2749957469162916,-0.2346868469411963,-0.3925991659272148,37.51209625883256,0.6481768883857657,0.08216326754185763,0
HF0304,HF0304,11399,216,1041,17,213826,490117.91261042893,87050.48448848097,2.0986459003346405,1.3515034878934817,2.6905711420290697,1.6954142752052346,53.30970041061424,4.868444436130312,1.0101671452489407,0.07950389569088885
HF0316,HF0316,0,0,0,0,86711,391902.05857244536,80353.66776078539,-0.5197177726022283,-0.3940487836910276,-0.36187197689642525,-0.3925991659272148,0,0,0,0
HF0327,HF0327,3771,7,65,4,123578,364031.94356775563,98582.35923998657,0.3464853514125916,-0.2850565669254242,-0.2629502091534694,0.0986981143392439,30.515140235316967,0.5259835893120135,0.05664438654129376,0.03236822088073929
HF0354,HF0354,0,0,0,0,120014,340492.27167238964,111695.44252926933,-0.5197177726022283,-0.3940487836910276,-0.36187197689642525,-0.3925991659272148,0,0,0,0
HF0362,HF0362,6308,31,148,5,170628,445652.5436094908,65106.80682774531,0.9292372277386585,-0.14588189013242298,0.07621013739380782,0.22152243440585856,36.96931336005814,0.8673840166912816,0.18168178727993062,0.029303514077408162
HF0376,HF0376,0,0,0,0,68178,463728.97743947577,64714.633592183585,-0.5197177726022283,-0.3940487836910276,-0.36187197689642525,-0.3925991659272148,0,0,0,0
HF0401,HF0401,0,0,0,0,138002,453363.34231488046,80578.15112530382,-0.5197177726022283,-0.3940487836910276,-0.36187197689642525,-0.3925991659272148,0,0,0,0
HF0402,HF0402,0,0,0,0,69531,467327.9876676473,81416.70892730166,-0.5197177726022283,-0.3940487836910276,-0.36187197689642525,-0.3925991659272148,0,0,0,0
HF0411,HF0411,0,0,0,0,166414,448484.22350833495,99264.2909625941,-0.5197177726022283,-0.3940487836910276,-0.36187197689642525,-0.3925991659272148,0,0,0,0
HF0429,HF0429,0,0,0,0,118581,335599.4990638592,-54087.99685045504,-0.5197177726022283,-0.3940487836910276,-0.36187197689642525,-0.3925991659272148,0,0,0,0
HF0438,HF0438,0,0,0,0,175942,311845.9948515676,-49650.07097109979,-0.5197177726022283,-0.3940487836910276,-0.36187197689642525,-0.3925991659272148,0,0,0,0
HF0446,HF0446,0,0,0,0,142999,324658.2477612216,-53328.77351288728,-0.5197177726022283,-0.3940487836910276,-0.36187197689642525,-0.3925991659272148,0,0,0,0
HF0465,HF0465,7898,57,65,0,130642,293149.0867078055,-47528.38982694021,1.294462093075058,-0.2850565669254242,0.4436338461533581,-0.3925991659272148,60.45529002924022,0.4975429035072947,0.43630685384485846,0
HF0494,HF0494,9391,207,2603,32,159156,352561.1101068475,-37860.30191648273,1.637405944614206,3.9706702969376737,2.5633860120738405,3.5377790762044543,59.00500138229159,16.35502274497977,1.300610721556209,0.20106059463670864
HF0499,HF0499,2649,0,0,0,73642,360698.42691989423,-59999.33695383114,0.08876063511860384,-0.3940487836910276,-0.36187197689642525,-0.3925991659272148,35.971320713723145,0,0,0
HF0505,HF0505,0,0,0,0,53833,372234.133082004,-38303.709125052235,-0.5197177726022283,-0.3940487836910276,-0.36187197689642525,-0.3925991659272148,0,0,0,0
HF0506,HF0506,4672,60,434,1,86572,363662.26719866635,-39822.84751074674,0.5534461084365515,0.33368386363623187,0.4860288894717677,-0.2697748458606001,53.96664048422123,5.013168229912674,0.6930647322459917,0.01155107887076653
HF0537,HF0537,0,0,0,0,61345,405620.5095426724,36330.43767746332,-0.5197177726022283,-0.3940487836910276,-0.36187197689642525,-0.3925991659272148,0,0,0,0
HF0540,HF0540,0,0,0,0,79995,390519.23866838176,64111.59951884857,-0.5197177726022283,-0.3940487836910276,-0.36187197689642525,-0.3925991659272148,0,0,0,0
HF0550,HF0550,2697,84,226,7,129409,392515.49004385923,43483.671410972805,0.0997862914306461,-0.015091230013698928,0.8251892360190449,0.4671710745390879,20.840899782858997,1.7464009458383885,0.6491047763293125,0.054092064694109376
HF0560,HF0560,2444,8,0,0,53235,405739.75956218166,54647.294058310225,0.0416718946192567,-0.3940487836910276,-0.24881852804733284,-0.3925991659272148,45.90964590964591,0,0.15027707335399643,0
HF0583,HF0583,0,0,0,0,267404,422212.25985012203,24221.23146893582,-0.5197177726022283,-0.3940487836910276,-0.36187197689642525,-0.3925991659272148,0,0,0,0
HF0588,HF0588,1071,4,157,4,123986,388281.67235202383,2371.1506662475954,-0.2737078161397854,-0.13079066011872403,-0.30534525247187905,0.0986981143392439,8.638072040391657,1.2662719984514381,0.03226170696691562,0.03226170696691562
HF0608,HF0608,0,0,0,0,193413,367035.56205092766,62415.71049405872,-0.5197177726022283,-0.3940487836910276,-0.36187197689642525,-0.3925991659272148,0,0,0,0
HF0615,HF0615,0,0,0,0,183110,348670.64339690335,51226.950547795896,-0.5197177726022283,-0.3940487836910276,-0.36187197689642525,-0.3925991659272148,0,0,0,0
HF0650,HF0650,285,1,0,0,250907,321830.5990822833,63893.41029525116,-0.4542529382494774,-0.3940487836910276,-0.3477402957902887,-0.3925991659272148,1.1358790308759819,0,0.0039855404592139725,0
HF0678,HF0678,0,0,0,0,261527,475259.5009218117,39372.77247153437,-0.5197177726022283,-0.3940487836910276,-0.36187197689642525,-0.3925991659272148,0,0,0,0
HF0680,HF0680,2040,12,2021,5,249722,478181.00376293086,63259.0341456599,-0.0511273793404323,2.9947707560518095,-0.19229180362278664,0.22152243440585856,8.169084021431832,8.092999415349869,0.048053435420187245,0.020022264758411353
HF0698,HF0698,0,0,0,0,79842,476353.3330655024,23557.43150620859,-0.5197177726022283,-0.3940487836910276,-0.36187197689642525,-0.3925991659272148,0,0,0,0
HF0715,HF0715,2628,18,711,12,51687,424086.5436789256,95332.8834013656,0.08393691048208536,0.7981583873911878,-0.10750171698596733,1.0812926748721612,50.84450635556329,13.75587671948459,0.34825004353125544,0.23216669568750364
HF0718,HF0718,9051,15,173,6,70751,432765.30021825974,80691.57447318609,1.5593075457372398,-0.10396180676103706,-0.14989676030437699,0.3443467544724732,127.9275204590748,2.445195120917019,0.21201113765176466,0.08480445506070586
HF0720,HF0720,0,0,0,0,4217,409911.3926640574,129053.13526676416,-0.5197177726022283,-0.3940487836910276,-0.36187197689642525,-0.3925991659272148,0,0,0,0
HF0724,HF0724,0,0,0,0,115960,421257.2135799435,72355.97380704197,-0.5197177726022283,-0.3940487836910276,-0.36187197689642525,-0.3925991659272148,0,0,0,0
HF0732,HF0732,0,0,0,0,23060,443446.3001548325,120141.29973840169,-0.5197177726022283,-0.3940487836910276,-0.36187197689642525,-0.3925991659272148,0,0,0,0
HF0741,HF0741,1539,19,13,0,7978,445360.6944219268,156151.71661753612,-0.16620766709737336,-0.3722503403379069,-0.09337003587983078,-0.3925991659272148,192.90549009776885,1.6294810729506142,2.3815492604662825,0
HF0752,HF0752,5466,98,304,2,39471,436765.7236804016,146013.34851414023,0.7358288399315839,0.11569943010502512,1.0230327715049565,-0.14695052579398543,138.48141673633808,7.7018570596133875,2.482835499480631,0.0506701122342986
HF0773,HF0773,0,0,0,0,257871,322907.8668514046,-91216.44983866622,-0.5197177726022283,-0.3940487836910276,-0.36187197689642525,-0.3925991659272148,0,0,0,0
HF0777,HF0777,444,24,149,5,176754,347500.6510551834,-64817.64050300837,-0.4177304517158374,-0.14420508679756755,-0.022711630349148033,0.22152243440585856,2.5119657829525783,0.842979508243095,0.1357819342136529,0.028287902961177683
HF0854,HF0854,1587,5,86,3,96347,330761.0908075481,-26637.730993040088,-0.15518201078533111,-0.24984369689346003,-0.2912135713657425,-0.024126205727370762,16.47171162568632,0.8926069311966123,0.051895751813756524,0.031137451088253918
HF0859,HF0859,0,0,0,0,30912,301132.63529333385,6093.104084302243,-0.5197177726022283,-0.3940487836910276,-0.36187197689642525,-0.3925991659272148,0,0,0,0
HF0860,HF0860,0,0,0,0,113368,323394.74990500335,-6927.106501193415,-0.5197177726022283,-0.3940487836910276,-0.36187197689642525,-0.3925991659272148,0,0,0,0
HF0873,HF0873,0,0,0,0,171754,445686.87888490397,55510.10552056565,-0.5197177726022283,-0.3940487836910276,-0.36187197689642525,-0.3925991659272148,0,0,0,0
HF0883,HF0883,2279,60,9,0,242339,431422.9043445166,44768.04599310557,0.0037712010466114387,-0.37895755367732864,0.4860288894717677,-0.3925991659272148,9.404181745406229,0.03713805866987979,0.24758705779919865,0
HF0887,HF0887,444,1,149,2,538746,444571.65021217364,12972.65686009899,-0.4177304517158374,-0.14420508679756755,-0.3477402957902887,-0.14695052579398543,0.8241360492699714,0.2765681786964544,0.0018561622731305663,0.0037123245462611326
HF0889,HF0889,0,0,2,0,426954,463702.31785614433,43027.26304218614,-0.5197177726022283,-0.39069517702131673,-0.36187197689642525,-0.3925991659272148,0,0.004684345386154012,0,0
HF0919,HF0919,0,0,0,0,173431,418358.26327707723,55003.10111099362,-0.5197177726022283,-0.3940487836910276,-0.36187197689642525,-0.3925991659272148,0,0,0,0
HF0921,HF0921,511,5,14,0,271032,446746.9798989521,48529.75030932575,-0.4023404731136117,-0.37057353700305146,-0.2912135713657425,-0.3925991659272148,1.8853862274565365,0.05165441719059004,0.01844800613949644,0
HF0926,HF0926,0,0,0,0,386003,458946.2925439441,51302.32129283726,-0.5197177726022283,-0.3940487836910276,-0.36187197689642525,-0.3925991659272148,0,0,0,0
HF0940,HF0940,11,0,31,0,492592,444336.5184290469,23299.00034035122,-0.5171910596973852,-0.34206788031050905,-0.36187197689642525,-0.3925991659272148,0.022330853931854355,0.0629324065352259,0,0
HF0948,HF0948,0,0,0,0,65353,453678.40733328194,27458.210416940157,-0.5197177726022283,-0.3940487836910276,-0.36187197689642525,-0.3925991659272148,0,0,0,0
HF0957,HF0957,0,0,0,0,166302,441795.96040618484,44093.63672434076,-0.5197177726022283,-0.3940487836910276,-0.36187197689642525,-0.3925991659272148,0,0,0,0
HF0966,HF0966,0,0,0,0,240177,568220.2487485403,226428.6916026703,-0.5197177726022283,-0.3940487836910276,-0.36187197689642525,-0.3925991659272148,0,0,0,0
HF0975,HF0975,7821,17,192,5,62411,586977.4622296068,249602.76437919418,1.276775102741157,-0.07210254339878377,-0.12163339809210388,0.22152243440585856,125.31444777362965,3.0763807662110847,0.27238788034160644,0.08011408245341366
HF0998,HF0998,0,0,0,0,230903,605831.6965221,114557.51567247683,-0.5197177726022283,-0.3940487836910276,-0.36187197689642525,-0.3925991659272148,0,0,0,0
HF1015,HF1015,1665,30,206,9,388002,652521.5158152523,110279.88412813767,-0.13726531927826244,-0.048627296710807656,0.062078456287671266,0.7128197146723173,4.291214993737145,0.5309250983242355,0.07731918907634497,0.02319575672290349
HF1032,HF1032,11617,20,551,9,292996,588107.3301926362,62563.8529378077,2.1487207560851656,0.529869853814318,-0.07923835477369423,0.7128197146723173,39.649005447173344,1.8805717484197735,0.06826031754699723,0.030717142896148755
HF1063,HF1063,0,0,0,0,232165,572029.1364743097,50726.06137103569,-0.5197177726022283,-0.3940487836910276,-0.36187197689642525,-0.3925991659272148,0,0,0,0
HF1065,HF1065,0,0,0,0,180776,623518.1886571038,150560.36508062886,-0.5197177726022283,-0.3940487836910276,-0.36187197689642525,-0.3925991659272148,0,0,0,0
HF1092,HF1092,0,0,0,0,278504,645892.2274048582,147905.0955219797,-0.5197177726022283,-0.3940487836910276,-0.36187197689642525,-0.3925991659272148,0,0,0,0
HF1113,HF1113,3938,51,556,5,297299,612919.4673372799,51914.84161616751,0.384845447331572,0.5382538704885951,0.3588437595165388,0.22152243440585856,13.245924136979943,1.8701711072018405,0.1715444720634782,0.01681808549641943
HF1125,HF1125,22309,100,679,11,195701,597235.9746743465,92100.19099612518,4.6046856995925785,0.7445006806758138,1.0512961337172297,0.9584683548055466,113.99532960996622,3.4695785918314166,0.5109835923168508,0.05620819515485358
HF1130,HF1130,1852,1,11,0,182641,616104.8608840642,105321.2469858633,-0.09431119989593115,-0.3756039470076178,-0.3477402957902887,-0.3925991659272148,10.140110927995357,0.060227440717035056,0.005475221883366823,0
HF1147,HF1147,0,0,0,0,111894,500742.80123085686,148134.36584590247,-0.5197177726022283,-0.3940487836910276,-0.36187197689642525,-0.3925991659272148,0,0,0,0
HF1165,HF1165,0,0,0,0,136566,569310.9295587561,68802.13740232488,-0.5197177726022283,-0.3940487836910276,-0.36187197689642525,-0.3925991659272148,0,0,0,0
HF1166,HF1166,11399,216,1041,5,449866,553648.666261788,67425.97886704642,2.0986459003346405,1.3515034878934817,2.6905711420290697,0.22152243440585856,25.338656399905748,2.3140223977806724,0.48014297590838156,0.011114420738619945
HF1180,HF1180,0,0,0,0,129867,551550.1654160043,90303.15408335302,-0.5197177726022283,-0.3940487836910276,-0.36187197689642525,-0.3925991659272148,0,0,0,0
HF1207,HF1207,0,0,0,0,128509,515599.16110701306,57956.491980507984,-0.5197177726022283,-0.3940487836910276,-0.36187197689642525,-0.3925991659272148,0,0,0,0
HF1209,HF1209,0,0,0,0,88179,527299.0598696294,56107.79537233005,-0.5197177726022283,-0.3940487836910276,-0.36187197689642525,-0.3925991659272148,0,0,0,0
HF1234,HF1234,2139,23,78,3,195011,522561.39532481984,74591.91815872553,-0.028386963196845146,-0.26325812357230355,-0.036843311455284584,-0.024126205727370762,10.968612027013862,0.39997743717021095,0.11794206480660066,0.015383747583469653
HF1246,HF1246,0,0,0,0,31392,525590.4723090429,48799.697799505666,-0.5197177726022283,-0.3940487836910276,-0.36187197689642525,-0.3925991659272148,0,0,0,0
HF1249,HF1249,0,0,0,0,145831,521353.52861873864,49930.776672687876,-0.5197177726022283,-0.3940487836910276,-0.36187197689642525,-0.3925991659272148,0,0,0,0
HF1250,HF1250,3224,0,54,0,206568,539375.881694011,56193.23608187231,0.22083880968994338,-0.303501403608834,-0.36187197689642525,-0.3925991659272148,15.607451299330004,0.2614151272220286,0,0
HF1269,HF1269,0,0,0,0,91502,519014.64710830554,193752.1998389306,-0.5197177726022283,-0.3940487836910276,-0.36187197689642525,-0.3925991659272148,0,0,0,0
HF1276,HF1276,6090,39,864,11,119681,536186.297468538,208201.1611302602,0.8791623719881332,1.0547092976240695,0.1892635862429002,0.9584683548055466,50.88527000944176,7.219191016117846,0.32586626114420836,0.09191099673298184
HF1281,HF1281,0,0,0,0,245575,557076.8236614541,112520.69027395114,-0.5197177726022283,-0.3940487836910276,-0.36187197689642525,-0.3925991659272148,0,0,0,0
HF1312,HF1312,1382,38,17,0,196516,511707.14766117715,113134.56121868268,-0.20227075128467825,-0.3655431269984852,0.17513190513676366,-0.3925991659272148,7.032506259032344,0.08650695108795213,0.1933684789024812,0
HF1313,HF1313,2093,40,190,4,160864,512518.52609165595,97573.4513871197,-0.03895321716255231,-0.07545615006849464,0.20339526734903676,0.0986981143392439,13.010990650487368,1.1811219415158145,0.24865725084543464,0.024865725084543468
HF1322,HF1322,0,0,0,0,176006,507183.129288157,80314.03343800639,-0.5197177726022283,-0.3940487836910276,-0.36187197689642525,-0.3925991659272148,0,0,0,0
HF1340,HF1340,0,0,0,0,177898,535355.6235236966,107180.99159549053,-0.5197177726022283,-0.3940487836910276,-0.36187197689642525,-0.3925991659272148,0,0,0,0
HF1354,HF1354,3324,25,39,1,182969,665756.59629285,157769.0504327281,0.2438089270066981,-0.32865345363166554,-0.008579949243011484,-0.2697748458606001,18.167011898190403,0.21315086162136754,0.13663516770600484,0.005465406708240194
HF1375,HF1375,22896,111,957,1,111728,610390.2843682448,216177.8801877422,4.739520288241929,1.210652007765625,1.2067446258847319,-0.2697748458606001,204.92624946298153,8.565444651296005,0.9934841758556495,0.008950307890591435
HF1390,HF1390,0,0,0,0,45096,607941.1801449475,194890.69518347867,-0.5197177726022283,-0.3940487836910276,-0.36187197689642525,-0.3925991659272148,0,0,0,0
HF1405,HF1405,0,0,0,0,173371,587406.6015178018,113472.39148138516,-0.5197177726022283,-0.3940487836910276,-0.36187197689642525,-0.3925991659272148,0,0,0,0
HF1408,HF1408,4879,46,4387,21,79058,610688.0790026821,155509.91770167727,0.6009942512822337,6.962087446319773,0.28818535398585604,2.186711555471693,61.714184522755446,55.49090541121708,0.5818512990462699,0.2656277669559058
HF1419,HF1419,0,0,0,0,139796,602010.9583506584,172218.41068356624,-0.5197177726022283,-0.3940487836910276,-0.36187197689642525,-0.3925991659272148,0,0,0,0
HF1421,HF1421,3771,22,155,4,94576,595583.6346294708,148191.07696364194,0.3464853514125916,-0.1341442667884349,-0.050974992561421135,0.0986981143392439,39.872694975469464,1.6388935882253426,0.23261715445779058,0.04229402808323465
HF1431,HF1431,1817,17,92,10,21091,614976.80524065,176035.40069600087,-0.10235074095679529,-0.23978287688432742,-0.12163339809210388,0.8356440347389319,86.1504907306434,4.362050163576881,0.8060310084870324,0.47413588734531315
HF1438,HF1438,0,0,0,0,13961,681029.2335344244,156844.85990522473,-0.5197177726022283,-0.3940487836910276,-0.36187197689642525,-0.3925991659272148,0,0,0,0
HF1475,HF1475,0,0,0,0,220722,535612.6620411369,84534.9316507683,-0.5197177726022283,-0.3940487836910276,-0.36187197689642525,-0.3925991659272148,0,0,0,0
HF1483,HF1483,0,0,0,0,218236,644591.7900515982,93119.75165394635,-0.5197177726022283,-0.3940487836910276,-0.36187197689642525,-0.3925991659272148,0,0,0,0
HF1492,HF1492,0,0,0,0,168844,642081.2115077324,105882.36310789696,-0.5197177726022283,-0.3940487836910276,-0.36187197689642525,-0.3925991659272148,0,0,0,0
HF1515,HF1515,0,0,0,0,215196,564716.7413575206,39534.599971448995,-0.5197177726022283,-0.3940487836910276,-0.36187197689642525,-0.3925991659272148,0,0,0,0
HF1524,HF1524,0,0,0,0,132774,640419.2224357598,120583.9792150965,-0.5197177726022283,-0.3940487836910276,-0.36187197689642525,-0.3925991659272148,0,0,0,0
HF1530,HF1530,0,0,0,0,241986,628870.2405800943,101017.98561648937,-0.5197177726022283,-0.3940487836910276,-0.36187197689642525,-0.3925991659272148,0,0,0,0
HF1532,HF1532,760,4,5,0,126686,633103.3627236229,115784.40237888118,-0.3451448809948925,-0.3856647670167504,-0.30534525247187905,-0.3925991659272148,5.999084350283378,0.03946766019923274,0.0315741281593862,0
HF1533,HF1533,0,0,0,0,297370,625255.4204787273,125852.24394736256,-0.5197177726022283,-0.3940487836910276,-0.36187197689642525,-0.3925991659272148,0,0,0,0
HF1547,HF1547,0,0,0,0,390611,596731.4179314902,35138.00003482096,-0.5197177726022283,-0.3940487836910276,-0.36187197689642525,-0.3925991659272148,0,0,0,0
HF1583,HF1583,0,0,0,0,275880,571908.7591195316,92257.15716170147,-0.5197177726022283,-0.3940487836910276,-0.36187197689642525,-0.3925991659272148,0,0,0,0
HF1591,HF1591,2139,17,307,3,100774,590273.7410055768,160079.52578705657,-0.028386963196845146,0.12072984010959142,-0.12163339809210388,-0.024126205727370762,21.225712981523014,3.046420703752952,0.16869430607101038,0.029769583424295948
HF1595,HF1595,0,0,0,0,51233,587491.441670078,169443.03324428434,-0.5197177726022283,-0.3940487836910276,-0.36187197689642525,-0.3925991659272148,0,0,0,0
HF1600,HF1600,0,0,0,0,256457,599264.5437757383,132815.91014435785,-0.5197177726022283,-0.3940487836910276,-0.36187197689642525,-0.3925991659272148,0,0,0,0
HF1609,HF1609,11399,216,1041,3,69718,614487.5285202643,132507.84668626604,2.0986459003346405,1.3515034878934817,2.6905711420290697,-0.024126205727370762,163.50153475429588,14.931581514099658,3.098195587939987,0.04303049427694426
HF1617,HF1617,810,100,579,11,319861,577943.5013677824,132854.4181814157,-0.33365982233651514,0.5768203471902702,1.0512961337172297,0.9584683548055466,2.5323499895267005,1.8101612888098269,0.3126358011761359,0.03438993812937495
HF1629,HF1629,0,0,0,0,51802,531310.3962831843,170106.99141976997,-0.5197177726022283,-0.3940487836910276,-0.36187197689642525,-0.3925991659272148,0,0,0,0
HF1643,HF1643,0,0,0,0,269660,554190.8374953157,167109.65324989322,-0.5197177726022283,-0.3940487836910276,-0.36187197689642525,-0.3925991659272148,0,0,0,0
HF1647,HF1647,0,0,0,0,200652,651323.1154547386,130934.522617481,-0.5197177726022283,-0.3940487836910276,-0.36187197689642525,-0.3925991659272148,0,0,0,0
HF1667,HF1667,0,0,0,0,144065,638432.4602391451,131681.6768961772,-0.5197177726022283,-0.3940487836910276,-0.36187197689642525,-0.3925991659272148,0,0,0,0
HF1688,HF1688,0,0,0,0,52329,552381.9365892127,208507.09975231462,-0.5197177726022283,-0.3940487836910276,-0.36187197689642525,-0.3925991659272148,0,0,0,0
HF1697,HF1697,2897,1,67,0,89809,577970.7394024817,200169.10006128842,0.1457265260641555,-0.28170296025571334,-0.3477402957902887,-0.3925991659272148,32.25734614570923,0.7460276809673864,0.011134741506975914,0
HF1698,HF1698,7489,419,1167,61,245592,565802.5009146093,190214.7322985411,1.2005143132495315,1.562780708085267,5.55930240657479,7.09968435813628,30.493664288739048,4.751783445714844,1.7060816313234959,0.24837942603993615
HF1722,HF1722,0,0,0,0,135857,633292.7930443336,86164.3890686597,-0.5197177726022283,-0.3940487836910276,-0.36187197689642525,-0.3925991659272148,0,0,0,0
HF1726,HF1726,0,0,0,0,42992,604922.1578629897,74314.66079502327,-0.5197177726022283,-0.3940487836910276,-0.36187197689642525,-0.3925991659272148,0,0,0,0
HF1734,HF1734,0,0,0,0,133014,615327.7012910482,88286.73904083362,-0.5197177726022283,-0.3940487836910276,-0.36187197689642525,-0.3925991659272148,0,0,0,0
HF1747,HF1747,4349,24,57,2,93459,615443.5873605966,71245.71177632894,0.4792526295034338,-0.2984709936042677,-0.022711630349148033,-0.14695052579398543,46.5337741683519,0.6098931082078772,0.25679709819279045,0.021399758182732535
HF1751,HF1751,0,0,0,0,80273,637526.5355267962,76628.69014945741,-0.5197177726022283,-0.3940487836910276,-0.36187197689642525,-0.3925991659272148,0,0,0,0
HF1752,HF1752,16907,104,2472,25,42651,628350.3835609887,78750.77486475871,3.3638399621414896,3.7510090600716115,1.107822858141776,2.6780088357381517,396.4033668612694,57.95878174017022,2.438395348291951,0.5861527279547959
HF1754,HF1754,1374,26,261,0,73373,625725.2481289955,70470.72286068484,-0.20410836067001864,0.04359688670624135,0.005551731863125066,-0.3925991659272148,18.726234445913345,3.557166805228081,0.3543537813637169,0
HF1769,HF1769,3938,51,556,5,42977,571192.7649031957,298103.7998705041,0.384845447331572,0.5382538704885951,0.3588437595165388,0.22152243440585856,91.63040696186333,12.937152430369734,1.186681248109454,0.11634129883426018
HF1785,HF1785,13988,187,328,11,184607,372098.5176587318,375973.4055706538,2.6933422376654197,0.15594271014155558,2.2807523899511097,0.9584683548055466,75.77177463476465,1.7767473606092943,1.0129626720546892,0.059586039532628775
HF1805,HF1805,0,0,0,0,56104,366149.6247633471,346762.9161143115,-0.5197177726022283,-0.3940487836910276,-0.36187197689642525,-0.3925991659272148,0,0,0,0
HF1831,HF1831,16436,293,1408,17,33544,549116.4641000563,336076.1749130874,3.255650709579575,1.966890311785427,3.778710587201584,1.6954142752052346,489.98330550918195,41.974719771046985,8.734796088719294,0.506797042690198
HF1856,HF1856,0,0,0,0,76697,531079.3491689876,305292.9342075102,-0.5197177726022283,-0.3940487836910276,-0.36187197689642525,-0.3925991659272148,0,0,0,0
HF1868,HF1868,0,0,0,0,124673,529485.4135417035,250141.29016196,-0.5197177726022283,-0.3940487836910276,-0.36187197689642525,-0.3925991659272148,0,0,0,0
HF1882,HF1882,0,0,0,0,141470,484028.8183308435,183017.93062478886,-0.5197177726022283,-0.3940487836910276,-0.36187197689642525,-0.3925991659272148,0,0,0,0
HF1903,HF1903,0,0,0,0,40186,402198.50722062535,358180.97614171257,-0.5197177726022283,-0.3940487836910276,-0.36187197689642525,-0.3925991659272148,0,0,0,0
HF1927,HF1927,0,0,0,0,80505,469475.61449614173,224181.79815555905,-0.5197177726022283,-0.3940487836910276,-0.36187197689642525,-0.3925991659272148,0,0,0,0
HF1934,HF1934,2482,32,737,12,116013,450828.82068947237,216147.07355707567,0.050400539199623486,0.8417552740974291,0.09034181849994437,1.0812926748721612,21.394154103419446,6.35273633127322,0.27583115685311127,0.10343668381991673
HF1965,HF1965,7301,349,802,16,271111,270466.13143317396,338327.7660972474,1.1573304926940327,0.9507474908630325,4.570084729145231,1.57258995513862,26.92992906964306,2.9581979336876776,1.287295609547381,0.05901641762967936
HF1970,HF1970,1847,44,556,6,275970,274371.0474184611,351942.0549554223,-0.09545970576176888,0.5382538704885951,0.25992199177358294,0.3443467544724732,6.692756459035403,2.014711744030148,0.15943762003116282,0.021741493640613112
HF1994,HF1994,0,0,0,0,269889,296476.3203752886,358201.71050134493,-0.5197177726022283,-0.3940487836910276,-0.36187197689642525,-0.3925991659272148,0,0,0,0
HF1999,HF1999,0,0,0,0,119694,311540.8192251767,333307.45443894,-0.5197177726022283,-0.3940487836910276,-0.36187197689642525,-0.3925991659272148,0,0,0,0
HF2009,HF2009,1801,82,50,0,274398,275576.34487492644,314710.657222045,-0.10602595972747604,-0.31020861694825574,0.7969258738067718,-0.3925991659272148,6.563458917339048,0.18221707155299968,0.2988359973469194,0
HF2019,HF2019,0,0,0,0,153861,518459.1551086476,217154.5244106957,-0.5197177726022283,-0.3940487836910276,-0.36187197689642525,-0.3925991659272148,0,0,0,0
HF2027,HF2027,0,0,0,0,74663,432884.1245158535,329238.2285661327,-0.5197177726022283,-0.3940487836910276,-0.36187197689642525,-0.3925991659272148,0,0,0,0
HF2028,HF2028,1821,2,39,0,47199,420962.06904517324,318300.9143115704,-0.10143193626412511,-0.32865345363166554,-0.33360861468415215,-0.3925991659272148,38.58132587554821,0.8262886925570456,0.04237377910548953,0
HF2029,HF2029,14835,368,4585,74,175898,411135.83831244323,307964.8878320985,2.8878991313383318,7.294094506621149,4.838586670161826,8.696400519002271,84.33865080899157,26.066242936247143,2.0921215704556047,0.4206983592763988
HF2057,HF2057,0,0,0,0,60887,455925.146310223,293242.6078855827,-0.5197177726022283,-0.3940487836910276,-0.36187197689642525,-0.3925991659272148,0,0,0,0
HF2067,HF2067,17764,132,2371,11,214139,431844.41046795086,302022.72213635163,3.5606938675460773,3.5816519232512123,1.5035099291135994,0.9584683548055466,82.95546350734803,11.072247465431333,0.6164220436258692,0.0513685036354891
HF2099,HF2099,5434,102,387,22,45080,626307.4362316434,388767.99616591557,0.7284784023902223,0.25487410689802636,1.0795594959295027,2.3095358755383075,120.54125998225378,8.584738243123336,2.2626441881100265,0.4880212954747116
HF2108,HF2108,0,0,0,0,17189,579878.1930317193,397357.4308852268,-0.5197177726022283,-0.3940487836910276,-0.36187197689642525,-0.3925991659272148,0,0,0,0
HF2124,HF2124,15823,6,629,4,150715,490786.49839469,365379.17007581773,3.1148438904278684,0.660660513933042,-0.27708189025960595,0.0986981143392439,104.98623229273794,4.17343993630362,0.03981023786617125,0.026540158577447497
HF2140,HF2140,0,0,0,0,28508,541259.033839038,370930.8357279209,-0.5197177726022283,-0.3940487836910276,-0.36187197689642525,-0.3925991659272148,0,0,0,0
HF2145,HF2145,2628,18,711,12,251072,275798.10050310596,383539.292287077,0.08393691048208536,0.7981583873911878,-0.10750171698596733,1.0812926748721612,10.467117002294163,2.8318569971960232,0.07169258220749426,0.04779505480499618
HF2152,HF2152,0,0,0,0,96525,461513.9344737138,256798.0548709729,-0.5197177726022283,-0.3940487836910276,-0.36187197689642525,-0.3925991659272148,0,0,0,0
HF2167,HF2167,0,0,0,0,128765,622099.4961551293,333650.87558720185,-0.5197177726022283,-0.3940487836910276,-0.36187197689642525,-0.3925991659272148,0,0,0,0
HF2186,HF2186,0,0,0,0,10993,509556.37747085287,396583.3908655421,-0.5197177726022283,-0.3940487836910276,-0.36187197689642525,-0.3925991659272148,0,0,0,0
HF2190,HF2190,0,0,0,0,46874,479584.61808821216,387834.68510970543,-0.5197177726022283,-0.3940487836910276,-0.36187197689642525,-0.3925991659272148,0,0,0,0
HF2205,HF2205,180,3,0,0,156218,485184.8959207125,254456.16383378362,-0.47837156143206977,-0.3940487836910276,-0.3194769335780156,-0.3925991659272148,1.1522359779282798,0,0.01920393296547133,0
HF2206,HF2206,13408,95,3698,26,90097,500228.417826129,248826.11996464917,2.5601155572282424,5.8067699486043765,0.9806377281865469,2.8008331558047663,148.81738570651632,41.04465187520117,1.0544191260530318,0.2885778660776719
HF2211,HF2211,0,0,0,0,51559,502576.47841627453,232250.38999312543,-0.5197177726022283,-0.3940487836910276,-0.36187197689642525,-0.3925991659272148,0,0,0,0
HF2222,HF2222,7492,37,1818,3,274235,488739.8790392823,236642.91959838508,1.201203416769034,2.654379679076156,0.1610002240306271,-0.024126205727370762,27.31963461994275,6.629350739329408,0.13492077962331575,0.010939522672160739
HF2228,HF2228,0,0,0,0,160407,495369.6608435984,273121.69750964205,-0.5197177726022283,-0.3940487836910276,-0.36187197689642525,-0.3925991659272148,0,0,0,0
HF2249,HF2249,0,0,0,0,63956,329339.2594154868,358815.99666943366,-0.5197177726022283,-0.3940487836910276,-0.36187197689642525,-0.3925991659272148,0,0,0,0
HF2278,HF2278,1861,3,724,9,69781,356527.2386937028,401319.38360476587,-0.09224388933742322,0.8199568307443085,-0.3194769335780156,0.7128197146723173,26.669150628394547,10.375317063384015,0.04299164529026526,0.12897493587079578
HF2280,HF2280,0,0,0,0,29400,687868.2420240935,205272.43412042002,-0.5197177726022283,-0.3940487836910276,-0.36187197689642525,-0.3925991659272148,0,0,0,0
HF2292,HF2292,0,0,0,0,44804,675046.3171870288,227521.10035067576,-0.5197177726022283,-0.3940487836910276,-0.36187197689642525,-0.3925991659272148,0,0,0,0
HF2305,HF2305,19599,46,197,5,13632,657000.2845045567,264975.1303917818,3.982195520308526,-0.06371852672450659,0.28818535398585604,0.22152243440585856,1437.7200704225352,14.451291079812208,3.374413145539906,0.36678403755868544
HF2329,HF2329,14033,128,580,7,181821,289387.4531159496,287950.9320659105,2.703678790457959,0.5784971505251256,1.4469832046890532,0.4671710745390879,77.18030370529257,3.1899505557663854,0.7039890881691334,0.038499403259249484
HF2330,HF2330,11399,216,1041,2,114766,300621.16901117744,263126.74994979997,2.0986459003346405,1.3515034878934817,2.6905711420290697,-0.14695052579398543,99.32384155586149,9.070630674590035,1.8820905146123417,0.01742676402418835
HF2353,HF2353,11399,216,1041,4,151427,382930.04220617213,285689.7417276684,2.0986459003346405,1.3515034878934817,2.6905711420290697,0.0986981143392439,75.27719627279151,6.8745996420717574,1.4264298969140246,0.02641536846137083
HF2375,HF2375,0,0,0,0,50739,539465.0175000333,265681.8645777702,-0.5197177726022283,-0.3940487836910276,-0.36187197689642525,-0.3925991659272148,0,0,0,0
HF2376,HF2376,1861,4,724,4,128850,421254.7292474957,236517.76924638907,-0.09224388933742322,0.8199568307443085,-0.30534525247187905,0.0986981143392439,14.443150950717888,5.618936748156772,0.03104384943733023,0.03104384943733023
HF2400,HF2400,0,0,0,0,190427,442845.37184804375,263069.58336741914,-0.5197177726022283,-0.3940487836910276,-0.36187197689642525,-0.3925991659272148,0,0,0,0
HF2410,HF2410,0,0,0,0,58045,503725.06991741434,306996.5450444773,-0.5197177726022283,-0.3940487836910276,-0.36187197689642525,-0.3925991659272148,0,0,0,0
HF2428,HF2428,0,0,0,0,56279,495017.44185489864,330389.3235196725,-0.5197177726022283,-0.3940487836910276,-0.36187197689642525,-0.3925991659272148,0,0,0,0
HF2445,HF2445,334,3,724,2,581762,310748.1694451158,382733.7847183974,-0.44299758076426754,0.8199568307443085,-0.3194769335780156,-0.14695052579398543,0.5741179382634135,1.244495171565004,0.005156747948473774,0.003437831965649183
HF2448,HF2448,0,0,0,0,179360,306388.43451263383,402603.113484673,-0.5197177726022283,-0.3940487836910276,-0.36187197689642525,-0.3925991659272148,0,0,0,0
HF2457,HF2457,2482,12,272,12,95962,270366.95464540663,271182.92092524294,0.050400539199623486,0.06204172338965115,-0.19229180362278664,1.0812926748721612,25.864404660177986,2.834455305224985,0.1250494987599258,0.1250494987599258
HF2475,HF2475,0,0,0,0,47326,209692.15477377462,-41126.44188958302,-0.5197177726022283,-0.3940487836910276,-0.36187197689642525,-0.3925991659272148,0,0,0,0
HF2481,HF2481,1665,19,206,10,120553,330757.35596626555,236754.03301084597,-0.13726531927826244,-0.048627296710807656,-0.09337003587983078,0.8356440347389319,13.811352683052268,1.7087919836088692,0.15760702761441026,0.08295106716547908
HF2490,HF2490,13471,49,1315,8,100365,173128.87426830654,81176.77441344688,2.574586731137798,1.8109476016438715,0.3305803973042657,0.5899953946057026,134.22009664723757,13.102177053753797,0.4882180042843621,0.07970906192397748
HF2494,HF2494,0,0,0,0,119966,166201.37522914098,73830.2917805883,-0.5197177726022283,-0.3940487836910276,-0.36187197689642525,-0.3925991659272148,0,0,0,0
HF2501,HF2501,0,0,0,0,36800,179193.87326117177,85682.20249284233,-0.5197177726022283,-0.3940487836910276,-0.36187197689642525,-0.3925991659272148,0,0,0,0
HF2508,HF2508,0,0,0,0,50128,188897.87206165044,-60570.920490044795,-0.5197177726022283,-0.3940487836910276,-0.36187197689642525,-0.3925991659272148,0,0,0,0
HF2512,HF2512,745,10,43,3,67364,173533.20681960532,-55372.34947606513,-0.3485903985924057,-0.32194624029224383,-0.22055516583505974,-0.024126205727370762,11.059319517843358,0.6383231399560596,0.1484472418502464,0.04453417255507393
HF2513,HF2513,1281,14,16,1,31340,180778.19951671825,-62848.389755403085,-0.2254705697746005,-0.3672199303333406,-0.16402844141051354,-0.2697748458606001,40.874282067645176,0.5105296745373324,0.4467134652201659,0.03190810465858328
HF2521,HF2521,0,0,0,0,51812,198337.81613951584,-51626.078128646004,-0.5197177726022283,-0.3940487836910276,-0.36187197689642525,-0.3925991659272148,0,0,0,0
HF2522,HF2522,2092,19,100,4,51408,182560.56670035853,-46510.02424601307,-0.03918291833571986,-0.22636845020548393,-0.09337003587983078,0.0986981143392439,40.69405539993775,1.9452225334578275,0.36959228135698724,0.07780890133831311
HF2528,HF2528,0,0,0,0,30088,197215.5850941614,-62650.34874825522,-0.5197177726022283,-0.3940487836910276,-0.36187197689642525,-0.3925991659272148,0,0,0,0
HF2565,HF2565,0,0,0,0,206859,316000.45046128536,159630.63328534504,-0.5197177726022283,-0.3940487836910276,-0.36187197689642525,-0.3925991659272148,0,0,0,0
HF2566,HF2566,14128,679,1777,53,125437,325585.62514968746,148280.69523571918,2.725500401908876,2.585630742347083,9.23353949417029,6.117089797603363,112.63024466465238,14.166474006871976,5.4130758867000965,0.4225228600811563
HF2570,HF2570,0,0,0,0,163324,313985.8756501491,179480.19609073622,-0.5197177726022283,-0.3940487836910276,-0.36187197689642525,-0.3925991659272148,0,0,0,0
HF2578,HF2578,0,0,0,0,166217,299189.11745912733,147657.31973562294,-0.5197177726022283,-0.3940487836910276,-0.36187197689642525,-0.3925991659272148,0,0,0,0
HF2586,HF2586,0,0,0,0,134630,259186.1475878716,135268.19765481204,-0.5197177726022283,-0.3940487836910276,-0.36187197689642525,-0.3925991659272148,0,0,0,0
HF2594,HF2594,4306,101,137,5,42035,215422.13490678603,-10248.75571180279,0.46937547905722926,-0.16432672681583277,1.0654278148233662,0.22152243440585856,102.43844415368146,3.2591887712620435,2.4027596050909956,0.11894849530153444
HF2601,HF2601,4936,5,1,0,168709,226152.10216658105,7067.52948219013,0.6140872181527839,-0.39237198035617216,-0.2912135713657425,-0.3925991659272148,29.257478854121594,0.005927366056345542,0.029636830281727707,0
HF2622,HF2622,0,0,0,0,180360,226218.13742255775,-17413.66309349281,-0.5197177726022283,-0.3940487836910276,-0.36187197689642525,-0.3925991659272148,0,0,0,0
HF2652,HF2652,0,0,0,0,287835,239356.10477362887,-102462.82611935916,-0.5197177726022283,-0.3940487836910276,-0.36187197689642525,-0.3925991659272148,0,0,0,0
HF2673,HF2673,0,0,0,0,25375,240883.57933291834,-86910.34514349644,-0.5197177726022283,-0.3940487836910276,-0.36187197689642525,-0.3925991659272148,0,0,0,0
HF2677,HF2677,0,0,0,0,211556,277385.1802784367,-93195.6310911497,-0.5197177726022283,-0.3940487836910276,-0.36187197689642525,-0.3925991659272148,0,0,0,0
HF2695,HF2695,0,0,0,0,71374,157211.34595723436,-124538.09550163077,-0.5197177726022283,-0.3940487836910276,-0.36187197689642525,-0.3925991659272148,0,0,0,0
HF2705,HF2705,1268,17,34,1,186946,168298.12780728686,-144283.3882195871,-0.22845668502577862,-0.3370374703059427,-0.12163339809210388,-0.2697748458606001,6.782707305853027,0.18187070063012847,0.09093535031506424,0.005349138253827308
HF2708,HF2708,0,0,19,0,53292,162360.40557100758,-134341.1145607447,-0.5197177726022283,-0.3621895203287743,-0.36187197689642525,-0.3925991659272148,0,0.35652630788861367,0,0
HF2734,HF2734,0,0,0,0,88238,147571.58375074394,-129298.83425418814,-0.5197177726022283,-0.3940487836910276,-0.36187197689642525,-0.3925991659272148,0,0,0,0
HF2749,HF2749,0,0,0,0,91127,178411.86574529455,-126241.75404166688,-0.5197177726022283,-0.3940487836910276,-0.36187197689642525,-0.3925991659272148,0,0,0,0
HF2753,HF2753,0,0,0,0,113254,186521.38223058733,71720.32695331993,-0.5197177726022283,-0.3940487836910276,-0.36187197689642525,-0.3925991659272148,0,0,0,0
HF2761,HF2761,0,0,0,0,11443,206611.5205029205,69970.96685897665,-0.5197177726022283,-0.3940487836910276,-0.36187197689642525,-0.3925991659272148,0,0,0,0
HF2778,HF2778,0,0,0,0,181871,189654.02798208047,50836.02500059775,-0.5197177726022283,-0.3940487836910276,-0.36187197689642525,-0.3925991659272148,0,0,0,0
HF2791,HF2791,3771,22,31,7,64154,200487.2191471044,56182.046583605894,0.3464853514125916,-0.34206788031050905,-0.050974992561421135,0.4671710745390879,58.780434579293576,0.48321227047417153,0.3429248371107024,0.10911244817158712
HF2801,HF2801,16513,22,179,8,71989,194549.65138528583,71179.52355513128,3.273337699913476,-0.09390098675190445,-0.050974992561421135,0.5899953946057026,229.38226673519566,2.4864909916792843,0.30560224478739806,0.1111280890135993
HF2806,HF2806,9429,268,1200,16,99738,203869.75599192467,76440.2988379357,1.6461345891945727,1.6181152181354963,3.42541855954817,1.57258995513862,94.53768874451062,12.03152258918366,2.6870400449176843,0.1604203011891155
HF2819,HF2819,0,0,0,0,360089,226292.0354208084,31865.88742669793,-0.5197177726022283,-0.3940487836910276,-0.36187197689642525,-0.3925991659272148,0,0,0,0
HF2830,HF2830,0,0,0,0,155691,202379.49860261122,-1237.9002322573438,-0.5197177726022283,-0.3940487836910276,-0.36187197689642525,-0.3925991659272148,0,0,0,0
HF2836,HF2836,6342,13,142,6,72430,142817.7411543022,-86660.8138734799,0.937047067626355,-0.15594271014155558,-0.1781601225166501,0.3443467544724732,87.56040314786691,1.9605135993372913,0.1794836393759492,0.08283860278889962
HF2837,HF2837,1828,5,30,0,35204,127243.62101455736,-103747.80787364562,-0.09982402805195227,-0.3437446836453645,-0.2912135713657425,-0.3925991659272148,51.92591750937393,0.8521758891035109,0.14202931485058518,0
HF2843,HF2843,0,0,0,0,162171,136888.92346098804,-90410.36533451264,-0.5197177726022283,-0.3940487836910276,-0.36187197689642525,-0.3925991659272148,0,0,0,0
HF2874,HF2874,2844,32,100,2,91641,166717.30353052347,20180.21158916106,0.1335523638862755,-0.22636845020548393,0.09034181849994437,-0.14695052579398543,31.03414410580417,1.0912146310057724,0.3491886819218472,0.02182429262011545
HF2879,HF2879,0,0,0,0,134312,184474.961362413,33135.37949692591,-0.5197177726022283,-0.3940487836910276,-0.36187197689642525,-0.3925991659272148,0,0,0,0
HF2886,HF2886,0,0,0,0,114729,176532.20541494823,20138.622463279335,-0.5197177726022283,-0.3940487836910276,-0.36187197689642525,-0.3925991659272148,0,0,0,0
HF2891,HF2891,5434,102,387,22,328735,149273.3447825658,3422.1460647086215,0.7284784023902223,0.25487410689802636,1.0795594959295027,2.3095358755383075,16.53003178852267,1.1772400261608893,0.3102803169726375,0.06692320562154927
HF2900,HF2900,0,0,0,0,91010,181372.32216189447,45083.8407701538,-0.5197177726022283,-0.3940487836910276,-0.36187197689642525,-0.3925991659272148,0,0,0,0
HF2916,HF2916,0,0,0,0,46975,166498.41679080308,5715.4160478974945,-0.5197177726022283,-0.3940487836910276,-0.36187197689642525,-0.3925991659272148,0,0,0,0
HF2927,HF2927,5434,102,387,22,518195,257038.89239778047,106549.95317558195,0.7284784023902223,0.25487410689802636,1.0795594959295027,2.3095358755383075,10.486399907370778,0.7468231071314853,0.19683709800364727,0.04245506035372785
HF2931,HF2931,0,0,0,0,546903,303714.9316145346,120844.92701316065,-0.5197177726022283,-0.3940487836910276,-0.36187197689642525,-0.3925991659272148,0,0,0,0
HF2932,HF2932,0,0,0,0,391570,316257.53909146186,90325.83376605924,-0.5197177726022283,-0.3940487836910276,-0.36187197689642525,-0.3925991659272148,0,0,0,0
HF2937,HF2937,0,0,0,0,262532,288074.1019607037,84932.24507740932,-0.5197177726022283,-0.3940487836910276,-0.36187197689642525,-0.3925991659272148,0,0,0,0
HF2983,HF2983,0,0,0,0,86199,251280.72090177753,-6064.69415559327,-0.5197177726022283,-0.3940487836910276,-0.36187197689642525,-0.3925991659272148,0,0,0,0
HF2984,HF2984,1527,7,4,0,29029,275425.19329243747,-20426.40204475575,-0.16896408117538395,-0.3873415703516058,-0.2629502091534694,-0.3925991659272148,52.602569843949155,0.1377932412415171,0.24113817217265493,0
HF2991,HF2991,0,0,0,0,27071,260630.0882510082,-23221.80915781752,-0.5197177726022283,-0.3940487836910276,-0.36187197689642525,-0.3925991659272148,0,0,0,0
HF3019,HF3019,11157,49,727,19,284372,398638.22889179015,205804.83810652135,2.043058216428094,0.8249872407488748,0.3305803973042657,1.941062915338464,39.2338204886557,2.5565104862644707,0.17230951007834808,0.06681389166303293
HF3033,HF3033,0,0,0,0,59258,129304.87133315623,-128027.5958068611,-0.5197177726022283,-0.3940487836910276,-0.36187197689642525,-0.3925991659272148,0,0,0,0
HF3034,HF3034,2628,18,711,12,107975,129984.08551572738,-143328.74763400538,0.08393691048208536,0.7981583873911878,-0.10750171698596733,1.0812926748721612,24.338967353554064,6.584857605927298,0.16670525584626072,0.11113683723084047
HF3036,HF3036,0,0,0,0,100020,139243.64497207865,-136123.48098905262,-0.5197177726022283,-0.3940487836910276,-0.36187197689642525,-0.3925991659272148,0,0,0,0
HF3047,HF3047,0,0,0,0,533214,286870.76761630725,49569.02861891395,-0.5197177726022283,-0.3940487836910276,-0.36187197689642525,-0.3925991659272148,0,0,0,0
HF3083,HF3083,0,0,0,0,174158,223663.73821825048,88672.23013231621,-0.5197177726022283,-0.3940487836910276,-0.36187197689642525,-0.3925991659272148,0,0,0,0
HF3085,HF3085,10855,88,217,7,486694,243085.14692884477,63672.62976229454,1.9736884621314947,-0.030182460027397856,0.8817159604435911,0.4671710745390879,22.303541855868367,0.44586536920529124,0.18081176262703053,0.014382753845331974
HF3103,HF3103,0,0,0,0,127805,342977.73219650163,170938.76213654323,-0.5197177726022283,-0.3940487836910276,-0.36187197689642525,-0.3925991659272148,0,0,0,0
HF3109,HF3109,4401,33,661,6,133145,357986.1980050717,185725.80783957872,0.49119709050814625,0.714318220648416,0.10447349960608092,0.3443467544724732,33.054189042021854,4.9645123737278904,0.24785008824965263,0.04506365240902775
HF3118,HF3118,0,0,0,0,73661,367083.9213594385,196004.7392742386,-0.5197177726022283,-0.3940487836910276,-0.36187197689642525,-0.3925991659272148,0,0,0,0
HF3137,HF3137,0,0,0,0,70444,225067.3218410969,-86469.2546828568,-0.5197177726022283,-0.3940487836910276,-0.36187197689642525,-0.3925991659272148,0,0,0,0
HF3141,HF3141,1447,35,424,2,2661,237417.86533707383,-64036.63427376329,-0.1873401750287877,0.3169158302876775,0.132736861818354,-0.14695052579398543,543.7805336339721,159.33859451334084,13.152950018789928,0.7515971439308531
HF3145,HF3145,0,0,0,0,82785,248349.71732355893,-59046.00601600494,-0.5197177726022283,-0.3940487836910276,-0.36187197689642525,-0.3925991659272148,0,0,0,0
HF3146,HF3146,78,1,8,0,15199,239266.24592982652,-59877.77769674697,-0.5018010810951596,-0.38063435701218407,-0.3477402957902887,-0.3925991659272148,5.1319165734587795,0.5263504177906441,0.06579380222383051,0
HF3149,HF3149,189,17,295,3,30847,232912.43768166695,-65076.34823607789,-0.4763042508735619,0.10060820009132619,-0.12163339809210388,-0.024126205727370762,6.127013972185302,9.563328686744255,0.5511070768632281,0.09725419003468733
HF3153,HF3153,0,0,0,0,45420,240190.43638830728,-68195.49085061345,-0.5197177726022283,-0.3940487836910276,-0.36187197689642525,-0.3925991659272148,0,0,0,0
HF3171,HF3171,3398,33,101,4,181255,244072.03560482044,-78500.21329378136,0.26080681382109655,-0.22469164687062848,0.10447349960608092,0.0986981143392439,18.747069046371134,0.5572260075584122,0.18206394306363963,0.02206835673498662
HF3186,HF3186,0,0,0,0,85125,218502.7692636256,-72724.02365518734,-0.5197177726022283,-0.3940487836910276,-0.36187197689642525,-0.3925991659272148,0,0,0,0
HF3188,HF3188,0,0,0,0,260709,231433.73268692062,-42641.62776271452,-0.5197177726022283,-0.3940487836910276,-0.36187197689642525,-0.3925991659272148,0,0,0,0
HF3207,HF3207,0,0,0,0,117562,168672.32187521036,-67306.8464421969,-0.5197177726022283,-0.3940487836910276,-0.36187197689642525,-0.3925991659272148,0,0,0,0
HF3214,HF3214,0,0,0,0,31592,194134.9506287543,87838.64633866747,-0.5197177726022283,-0.3940487836910276,-0.36187197689642525,-0.3925991659272148,0,0,0,0
HF3222,HF3222,15823,18,629,12,61365,202923.819718742,-84423.18590976221,3.1148438904278684,0.660660513933042,-0.10750171698596733,1.0812926748721612,257.8505662837122,10.25014258942394,0.29332681495966756,0.1955512099731117
HF3226,HF3226,0,0,0,0,169086,202985.53071431982,-101653.67944639603,-0.5197177726022283,-0.3940487836910276,-0.36187197689642525,-0.3925991659272148,0,0,0,0
HF3236,HF3236,957,3,2,0,118495,182185.33162955774,-91470.49543803776,-0.29989374988088574,-0.39069517702131673,-0.3194769335780156,-0.3925991659272148,8.076290138824422,0.01687834929743871,0.025317523946158063,0
HF3241,HF3241,0,0,0,0,69442,185747.2229411879,-111926.4977177605,-0.5197177726022283,-0.3940487836910276,-0.36187197689642525,-0.3925991659272148,0,0,0,0
HF3255,HF3255,0,0,0,0,139662,180302.90197891172,-24727.738428315417,-0.5197177726022283,-0.3940487836910276,-0.36187197689642525,-0.3925991659272148,0,0,0,0
HF3264,HF3264,0,0,0,0,80889,146539.14754902068,-72107.89677409378,-0.5197177726022283,-0.3940487836910276,-0.36187197689642525,-0.3925991659272148,0,0,0,0
HF3271,HF3271,0,0,0,0,84850,165011.10625314727,-79392.41275352953,-0.5197177726022283,-0.3940487836910276,-0.36187197689642525,-0.3925991659272148,0,0,0,0
HF3291,HF3291,0,0,0,0,57926,168985.77051397588,-94660.9420745651,-0.5197177726022283,-0.3940487836910276,-0.36187197689642525,-0.3925991659272148,0,0,0,0
HF3308,HF3308,672,7,9,0,124151,164149.266305963,-109170.45472617389,-0.36535858423363665,-0.37895755367732864,-0.2629502091534694,-0.3925991659272148,5.4127634896215095,0.07249236816457379,0.056382953016890724,0
HF3330,HF3330,0,0,0,0,76159,155879.07127940832,-89241.82560055428,-0.5197177726022283,-0.3940487836910276,-0.36187197689642525,-0.3925991659272148,0,0,0,0
HF3331,HF3331,828,0,4,0,24156,160578.03911947354,-93346.67108141219,-0.3295252012194993,-0.3873415703516058,-0.36187197689642525,-0.3925991659272148,34.277198211624444,0.16559032952475575,0,0
HF3339,HF3339,0,0,0,0,142720,207292.81424899815,-62223.7996652907,-0.5197177726022283,-0.3940487836910276,-0.36187197689642525,-0.3925991659272148,0,0,0,0
HF3353,HF3353,2124,19,5,1,80650,184739.01533337816,-75820.06131723871,-0.03183248079435835,-0.3856647670167504,-0.09337003587983078,-0.2697748458606001,26.33601983880967,0.06199628022318661,0.23558586484810912,0.01239925604463732
HF3362,HF3362,0,0,0,0,11821,200912.3468189994,-75589.0133307369,-0.5197177726022283,-0.3940487836910276,-0.36187197689642525,-0.3925991659272148,0,0,0,0
