area_index,shared_mean,shared_sd,shared_q025,shared_q50,shared_q975,exceed_prob_rr_gt1,hotspot_080,hotspot_090
1,6.828271626851587,0.5590587231373322,5.711767021543036,6.8286648543043755,7.932398290671572,1,1,1
2,7.593941462526852,0.5701092495634017,6.460900926155579,7.59291586384749,8.721804260735144,1,1,1
3,3.6921166696193364,0.5935474925170009,2.589262643012023,3.6674059913328603,4.95282329722945,0.9999999997520923,1,1
4,3.2139028344924707,0.6004176291191458,2.050246461124406,3.2058387454236676,4.427838094265319,0.9999999566931789,1,1
5,5.346468871775357,0.5482922483721038,4.280251806703723,5.338497932908827,6.459304907922379,1,1,1
6,-4.57883488768384,3.0018886878790165,-10.478869804650259,-4.575683031661599,1.3035183645766164,0.06358989856000985,0,0
7,4.323833518742607,0.5508505932819635,3.2499207205493477,4.316881485122052,5.439298640623611,0.9999999999999979,1,1
8,-3.8463918121890903,3.459682046343458,-10.653412319980301,-3.841024703114146,2.9298883205309068,0.13311721520455633,0,0
9,-4.067751865227193,3.1175248876286883,-10.193994494562585,-4.064834374731862,2.042080177445123,0.09598018503439154,0,0
10,6.809453129606814,0.55866987230965,5.704252751381024,6.806932117917491,7.9216834745722124,1,1,1
11,-4.119812625491933,3.077173934041835,-10.168729469637256,-4.116336051044086,1.9096205663560335,0.09031301907808109,0,0
12,6.249937381457202,0.5533810811974403,5.136556548434375,6.252522912909437,7.337585001040912,1,1,1
13,2.3028720388005084,0.6447789286962831,0.9985760617430703,2.3127072634530985,3.5462947753009297,0.9998225750694416,1,1
14,4.2141613984543795,0.5946747533887075,3.080903240356559,4.199502307898019,5.439191591051772,0.9999999999993122,1,1
15,6.506164620915639,0.5542957781502039,5.434995355574118,6.496080802892305,7.634835425196648,1,1,1
16,7.299369985218605,0.5697132600042758,6.141675769241748,7.305174057373653,8.407446160191338,1,1,1
17,5.555392612278282,0.5477812325618724,4.483533148890899,5.549380533903502,6.660426783158772,1,1,1
18,1.2355910328782336,1.108441929937469,-0.9497040625819972,1.238984462112079,3.401806145794094,0.8675125904489575,1,0
19,1.6482591762925536,0.8018667302255974,0.07557581036535632,1.6471264099795224,3.228830829470294,0.9800859625151351,1,1
20,6.751989767319119,0.5705075793860556,5.566072687107959,6.764737398479656,7.842798223496626,1,1,1
21,-3.4994879207298903,3.187462777687758,-9.768769333179566,-3.4949491740356513,2.7444722131347676,0.13612596032931612,0,0
22,4.645325272358337,0.5481641454129814,3.5221317494726865,4.653547479538983,5.707470030743837,1,1,1
23,5.993505660104849,0.5530412820280111,4.8682716735853875,5.999456152356379,7.070792222656963,1,1,1
24,-5.516143649966311,2.8039556901121636,-11.02945738951611,-5.512437646013023,-0.023571941711495015,0.024575927928982444,0,0
25,-3.4953482753394374,3.2555388681264805,-9.892882932128282,-3.4923644774823024,2.885420199203694,0.14148710596276193,0,0
26,4.385742745721343,0.5584411523264349,3.3215301799315133,4.371088416498683,5.54227603223974,0.999999999999998,1,1
27,6.448369542460671,0.5525300985879781,5.36637739362412,6.442558705842051,7.559998922427443,1,1,1
28,-4.122188076729857,3.1584362219751405,-10.327684354585687,-4.119603113712428,2.0687167830798385,0.09592331100572182,0,0
29,4.316867754591229,0.5593080765746212,3.2494760738185233,4.302723959837576,5.473287681542122,0.9999999999999941,1,1
30,-4.543384261774665,3.2277328407392964,-10.889799034419475,-4.539389843703858,1.7802497287805465,0.07962351091438569,0,0
31,4.991053324238935,0.5512920020913203,3.93685407025954,4.977536291159835,6.129233992996513,1,1,1
32,-3.8142042387889443,3.166313899544711,-10.037199903437863,-3.8110419258491888,2.3910456986086035,0.11417506556227064,0,0
33,-4.575191985068793,3.0435944142637745,-10.555457485920662,-4.572518779948537,1.3899920787038758,0.0663911613149083,0,0
34,-4.03211286394424,3.1508088044372013,-10.222998375469235,-4.029415330302827,2.1435692278167746,0.10032405729585014,0,0
35,-4.6824973222777375,3.0086560258865376,-10.594611513084992,-4.679700382935065,1.2138655675003927,0.059813410952904156,0,0
36,-4.463033317833955,3.0773981589877017,-10.509432799585486,-4.460436556658872,1.5686939373411528,0.07349274892012725,0,0
37,-4.851097258936408,3.0304716654654835,-10.805458702685229,-4.848471477790224,1.0883610183686754,0.05471360145633153,0,0
38,-4.5850185798542835,3.0813994822926865,-10.639271108187291,-4.582420892580599,1.4544945163236571,0.06837989091124663,0,0
39,4.319183297214475,0.5649570983823111,3.2584913108163995,4.299103539059548,5.50789209283044,0.9999999999999896,1,1
40,7.760042042440976,0.5721307476883224,6.623728392866469,7.758795914642918,8.892013972777505,1,1,1
41,1.3213758758325975,0.9313500810045833,-0.49839092079944725,1.3174677438541578,3.166124937914753,0.9220176357749773,1,1
42,-3.583807337895069,3.2130815966193222,-9.899262869435033,-3.5804464953579225,2.7128144803681944,0.13234378239712763,0,0
43,6.497122510775822,0.5541604571299392,5.412160642819699,6.49128010888769,7.611824992442648,1,1,1
44,-4.004604980206739,3.1555761310488046,-10.2052476970442,-4.001803376764096,2.180280317667293,0.10221042397260482,0,0
45,-4.090626937431096,3.181529020789906,-10.341305575419899,-4.08808384525696,2.145679122916058,0.09926647941846312,0,0
46,5.347913265670134,0.5473096293261963,4.271399998101777,5.343575596447803,6.446894202688828,1,1,1
47,1.5887929102096785,0.9339712301978134,-0.23647911762188145,1.585011656391275,3.43827135945879,0.9555393469371058,1,1
48,-4.852099922776222,2.928331892882302,-10.609222065874963,-4.8485052050414446,0.8849048035273315,0.04876477859712902,0,0
49,5.020321276922376,0.548329026542473,3.9262057640809718,5.020556486559942,6.106960801916288,1,1,1
50,-4.979940121467108,3.0106290533078024,-10.895363446547314,-4.977309389013626,0.9205837132955956,0.04905162085285786,0,0
51,-4.70959887758232,3.1627217771069533,-10.927096849935179,-4.705962396017943,1.4871495617844674,0.06823094017197884,0,0
52,-0.3424263582829102,1.024555277957348,-2.3631743137899677,-0.3391825352785193,1.6603494733661734,0.36910696312838953,0,0
53,-4.837098161065935,2.9063889723404466,-10.552843261072852,-4.832996996716975,0.8557221968391788,0.0480264182145651,0,0
54,6.919653340441242,0.5686306301655111,5.745544846147185,6.930264934049411,8.012616078948813,1,1,1
55,-3.973998302218547,3.067079657931562,-10.006984975854365,-3.9693996998500034,2.033319356913683,0.09754037521302061,0,0
56,7.426064009523273,0.5676515524203033,6.295383164261354,7.425723982614139,8.547604269577104,1,1,1
57,5.867289088347034,0.5559436304632785,4.812730154481441,5.850955185588132,7.022189199335484,1,1,1
58,-1.5227509512015966,4.262012039826059,-9.892203070537795,-1.521022501404422,6.836915223810182,0.3604394065300437,0,0
59,-4.438048692164794,3.0572741130116543,-10.44580344629339,-4.435207233530421,1.553721989145835,0.07330144313203824,0,0
60,-3.3863992905212603,3.3756017128003255,-10.017596782158188,-3.38400881884367,3.2312556408636577,0.1578824971611128,0,0
61,4.681491386837856,0.6093969505760877,3.526751083690721,4.664466492677379,5.942084808413911,0.9999999999999922,1,1
62,7.086403437275955,0.5624469664781886,6.000787462081943,7.075934483287446,8.230005399981312,1,1,1
63,-5.034918189505965,3.0525111420858138,-11.034941422348194,-5.0316199023653985,0.9462533229628018,0.049529292297017635,0,0
64,4.737139890895663,0.5511609932304652,3.6123503031746607,4.744347960527159,5.807972996972125,1,1,1
65,4.73438179423618,0.5519907196570302,3.6567013007839257,4.727893838820573,5.850010111303122,1,1,1
66,-3.4744145547026735,3.5414774206253226,-10.442337881447797,-3.469077714799971,3.4627809411465176,0.163280691854515,0,0
67,-4.369537514374982,3.1947695935275098,-10.64864606280656,-4.366301500380566,1.891085368683319,0.08570049362989429,0,0
68,-3.949983898719971,3.11503928086906,-10.073361218261597,-3.9465038623502275,2.1538867275007028,0.10239243567447454,0,0
69,2.2643543969699724,0.645322300722275,1.0342369418477804,2.2492638275690493,3.5894410264507295,0.9997749956580064,1,1
70,4.142502592146363,0.5514188138287579,3.014632649560964,4.150609090972164,5.211381666734575,0.999999999999971,1,1
71,-0.9553226371056317,1.0199940259842268,-2.987183101284174,-0.9445158276528135,1.0158224273609608,0.17448312637777563,0,0
72,-4.375690575731115,3.0677584839410397,-10.40407568164956,-4.372838006235671,1.6366495421940703,0.07688398615762704,0,0
73,2.4294523697227954,0.60918812107707,1.241403615796168,2.4239737052718455,3.6517569951352336,0.9999666860057145,1,1
74,-4.952442131205978,2.896544059460553,-10.647838832222911,-4.948648565670391,0.7217263510440226,0.04365363168546177,0,0
75,2.3836560459234857,0.6020156034155038,1.1027505003268137,2.408561657043182,3.50294373489245,0.9999624401166535,1,1
76,-3.6702132608847777,3.1571393766442077,-9.878667340049688,-3.666029715777286,2.5148706450566376,0.12251372194570975,0,0
77,-4.337849011885532,3.0310360725812893,-10.295915892033609,-4.3344600057920974,1.6011999121902,0.07619447822510672,0,0
78,-4.861450602451018,3.014285374154686,-10.783960933310269,-4.858847008315068,1.0462921709463338,0.05339358107825076,0,0
79,6.497356620993227,0.559770656590526,5.432465281078694,6.481983186544177,7.654177067496153,1,1,1
80,-4.846746940591054,2.9855902819540896,-10.713150754098876,-4.844081696789053,1.0046088734303256,0.05225412057982548,0,0
81,4.345842920648948,0.5462127116885471,3.2555902835774413,4.346241794897203,5.428467723606766,0.9999999999999991,1,1
82,5.707265901065735,0.5477432180697197,4.646091941479219,5.698009853290831,6.822756859602104,1,1,1
83,-4.897595000570381,2.999416941584986,-10.790914831579872,-4.894994046373395,0.9809985592772552,0.05125037763597251,0,0
84,-4.425641797758794,3.112047409838686,-10.54007325845944,-4.423047267020195,1.6740633842207364,0.07749864981745402,0,0
85,-4.995973126217303,3.0168237892431233,-10.923972514692206,-4.993224160310325,0.9163918917666214,0.048857119141655914,0,0
86,5.613341319440278,0.5469576547003532,4.5250507497592825,5.612501262887879,6.700138165122098,1,1,1
87,6.243508277837911,0.5531097484888959,5.185339841738681,6.230067430310277,7.381982012187685,1,1,1
88,2.3969336141452025,0.6294617693405707,1.1937269790608902,2.383218214979789,3.6866066503222736,0.9999299268029953,1,1
89,-4.155134980731597,3.166100488249572,-10.375422398703133,-4.15261130682449,2.0508529372191395,0.09469554856516771,0,0
90,-4.59433798087205,3.0578016394017355,-10.602237990900564,-4.5917517319744485,1.3989233475468774,0.06648439300667386,0,0
91,5.841300663486908,0.547249022038748,4.765284399556448,5.836749091094965,6.940119647931623,1,1,1
92,-4.358109689957483,3.1167439713974723,-10.481617409595687,-4.355553297831309,1.7508999859076146,0.08101310755357782,0,0
93,-4.338343990423226,3.0468551747188117,-10.326481192938356,-4.335256265086826,1.6324420744461632,0.07724118369013733,0,0
94,-4.2259886209327435,3.090793773745899,-10.299488728958515,-4.223164432282854,1.8316096599422682,0.08576836798348975,0,0
95,3.926636555438006,0.554701797428148,2.8498548072329664,3.9183642213541408,5.054177173806824,0.9999999999992731,1,1
96,-3.0551163767606018,3.4043494259016507,-9.74382511782757,-3.052445156996203,3.618556740685307,0.1847485882950517,0,0
97,-4.4960580445906455,3.022307608022936,-10.435523353108845,-4.4931036154707265,1.426784301197645,0.0684250091850549,0,0
98,3.690953683345791,0.5637003577344132,2.612821994314608,3.6776056136941184,4.853422453801313,0.9999999999707895,1,1
99,-4.080768147907293,3.184178995145285,-10.336518705384002,-4.078254365942291,2.1607391251544206,0.09999566953205485,0,0
100,7.053929632003019,0.5602365440202174,5.950527044223742,7.049988912990499,8.172916597550978,1,1,1
101,-4.90620259361475,2.9927518865360083,-10.786378651660968,-4.903614036116861,0.9593076120113233,0.05056898446711178,0,0
102,2.572955727166028,0.602719770411182,1.4141329667663145,2.561727672841677,3.8025728895605875,0.9999901784218205,1,1
103,5.052417480924643,0.5469326043824101,3.973408216801541,5.049069668703929,6.1478322384012545,1,1,1
104,-4.694373451121174,2.9762138629091774,-10.54375503133117,-4.691295657825916,1.137709642384693,0.05736359138133573,0,0
105,-4.7915088930231375,2.980614926426503,-10.64845312321945,-4.788747797444015,1.0498667682434464,0.053966099570529114,0,0
106,3.7561091730304916,0.5713058754461253,2.6701755961443974,3.7405175129402277,4.940943360193364,0.9999999999756084,1,1
107,7.3833286823031505,0.5657937505274437,6.300876318105756,7.3698025241259355,8.542068419390905,1,1,1
108,-3.2725152482905617,3.104896796376357,-9.392169534907726,-3.264229927012693,2.8006774163988695,0.14594484822998144,0,0
109,-4.683805846291043,3.0455541732367797,-10.667655002369695,-4.681218680792806,1.2853791255238,0.062034603246807096,0,0
110,8.982398133354122,0.6024189888402588,7.776065969046284,8.983817461957496,10.162775487568645,1,1,1
111,-4.253839559787543,2.9363525899631715,-10.035492889651778,-4.247622223974323,1.4930484111587106,0.07371328006455591,0,0
112,5.456661773975618,0.5507498082058919,4.393290453232184,5.446370120121313,6.581767389533894,1,1,1
113,6.534008458073437,0.5623443426653216,5.449031989272454,6.523511173005515,7.679157254835138,1,1,1
114,-2.794602172895599,3.716158895233346,-10.097753238782621,-2.7913725491688086,4.490100874042284,0.2260214284478076,0,0
115,-4.956868748164684,2.9602699425445054,-10.773481773334797,-4.954209061579645,0.8447215407005091,0.047019612499010766,0,0
116,-4.8262569902659544,3.0779485805520452,-10.875164623494033,-4.823247166153475,1.205493455235648,0.05843929177031315,0,0
117,-4.63469507679305,3.1109386407478516,-10.748078010195862,-4.631769457921292,1.4620162840654496,0.06813762550660107,0,0
118,-4.854226107509426,2.9982168296546554,-10.745242767575938,-4.85161126581933,1.0220037100093142,0.05271957492155532,0,0
119,-4.657633466880596,3.107471716238877,-10.764368158366338,-4.654661880728483,1.4321591490734669,0.06695629651227963,0,0
120,-4.635470979863272,3.0870596408773827,-10.701173914546953,-4.632778118799115,1.4149290031581856,0.06660263992828896,0,0
121,1.9523186809373967,0.6893721559249165,0.6178594229181429,1.9441052438646873,3.3382558569030283,0.9976872831594449,1,1
122,-5.172226108336028,2.983991666362905,-11.035779342845096,-5.169474050968877,0.6756770247604962,0.041518996958379795,0,0
123,-5.214658769306037,2.9319923719620493,-10.975722134736788,-5.212028124211643,0.5315341655662404,0.03765779853055007,0,0
124,-5.06672162975064,2.961317688492589,-10.885308678569201,-5.06410518281769,0.7370639158069023,0.04354345318435815,0,0
125,6.09521548779323,0.5515495107652779,5.002428599262673,6.093129829232972,7.193908601483945,1,1,1
126,-3.2754834989274273,3.181336504407168,-9.535467202437847,-3.270092544480714,2.9542381885648834,0.15160042559100173,0,0
127,-4.780216770328201,2.8787251392289437,-10.443995415315769,-4.775405146499566,0.8566580428214872,0.048403683572337486,0,0
128,7.697621098262964,0.5692315245415466,6.591866716445193,7.689221756417026,8.845538460295609,1,1,1
129,5.583948654700359,0.5546481770740376,4.434614379106681,5.595406784921303,6.648578917754235,1,1,1
130,-3.409417503054592,3.3054024772509187,-9.90427367171353,-3.406590646694561,3.06956525208998,0.15116065946427337,0,0
131,-4.836466183650638,2.986568561591684,-10.70490043789112,-4.833751833747079,1.0166662853764539,0.05267999948177682,0,0
132,-4.8039163499469995,3.0701092137618375,-10.83701673407678,-4.801025270228994,1.2127141393585603,0.058822184931067945,0,0
133,-4.546425724290095,3.123654340245035,-10.684613610977898,-4.543547717390877,1.5753630100730458,0.07276779951074386,0,0
134,-3.6268871125899427,3.241518741586862,-9.996330075102293,-3.6240304875008147,2.7265050655941634,0.1315945741544028,0,0
135,4.929920732585861,0.5579544700139267,3.86208153946082,4.916758202577423,6.079406517968975,1,1,1
136,6.5467385958696065,0.5541231619289295,5.448533745746095,6.544704829406664,7.649354957314517,1,1,1
137,-4.33979398070438,3.1110545067724815,-10.45237559121951,-4.337173728143608,1.7579946462274343,0.08151407774150654,0,0
138,-3.820186193617348,3.2299088001402985,-10.165939944567182,-3.8176274739378644,2.5111273116750867,0.11845341146176835,0,0
139,-4.52829965066919,3.0645076476764412,-10.549609753327209,-4.525645320526363,1.478032724438183,0.0697494344148416,0,0
140,4.484511421548006,0.562903775021567,3.417599185857607,4.467920013128582,5.656264006724345,0.9999999999999992,1,1
141,-3.800056775875916,3.232219484276734,-10.150604334765525,-3.7974143665842,2.535617244909965,0.11986132667442895,0,0
142,8.959156288187401,0.5934064563616328,7.806968880255072,8.950379004866994,10.149941437300189,1,1,1
143,6.222441849987996,0.5539280175054876,5.1172360211474155,6.22255695176897,7.318655548318354,1,1,1
144,8.299438351550666,0.5809254826633238,7.1667015192996795,8.292253036713051,9.46403975298609,1,1,1
145,5.469724419532955,0.5498984795022904,4.419802143466968,5.455643496733998,6.606381384890709,1,1,1
146,-3.9238135137169277,3.4308980477245443,-10.676592745152012,-3.917839687461241,2.7946129415225243,0.12638035984759544,0,0
147,8.398144940379444,0.5816692895825187,7.274971776245809,8.38763464397345,9.573594358330775,1,1,1
148,-3.9462019075919623,3.1746338065827824,-10.183907323292232,-3.9434816032522395,2.276189616335865,0.10692625090836083,0,0
149,-4.3457597899194065,3.145014297368746,-10.52487463190051,-4.343171392537043,1.8186601264770044,0.08351758328075942,0,0
150,-4.4046525771857965,3.108297755061037,-10.511544625888439,-4.402100454420566,1.6877783033723288,0.07823230926094471,0,0
151,-3.5312816239707003,3.5747895415647606,-10.56921084037296,-3.524634907069359,3.468384289287771,0.16161814317453793,0,0
152,-4.069197864395279,3.1144982874342206,-10.190091165644944,-4.06610508489218,2.0343374509440766,0.09568551449961982,0,0
153,6.792724187046809,0.5594862835800523,5.669670519103825,6.794676920524448,7.8931034842364705,1,1,1
154,5.800646963717627,0.5473060654279528,4.720122455749711,5.797375127557774,6.895534397852491,1,1,1
155,5.687352839936738,0.5499027744596645,4.573371399189363,5.6919817821272405,6.762877172233571,1,1,1
156,-4.737755715212137,2.970528410978513,-10.575968765900637,-4.734681632369406,1.083189804245987,0.05536504288978139,0,0
157,-4.20467805159726,3.18537284024399,-10.463361710754153,-4.202000242724007,2.0387718463184745,0.09341824780995556,0,0
158,3.4498741375517588,0.5635440906340723,2.3595972667811145,3.4406261595727408,4.5977585911306775,0.9999999995372244,1,1
159,-4.558686651624731,3.0519227755636784,-10.555153582647748,-4.556063143709493,1.4229642975810695,0.06762575613989097,0,0
160,-3.6875608569332057,3.3250889863666586,-10.22062975932813,-3.6848724128719144,2.8301873016799313,0.13371267973404088,0,0
161,4.872606004906446,0.5668358649773888,3.788110349409868,4.859398370981488,6.038992642976459,1,1,1
162,8.338194019567807,0.5828099448999138,7.184878645977548,8.335799000294083,9.492506767404993,1,1,1
163,-3.9187986403430486,3.2250221513360198,-10.254664064553623,-3.91630862486826,2.402958565165653,0.11215958839755347,0,0
164,7.328746023264651,0.5634109222201018,6.222332848479151,7.323873139800672,8.455920927192132,1,1,1
165,7.300904793636814,0.5645714260062726,6.207163918435953,7.291646361838678,8.443973861977904,1,1,1
166,-2.889766491425729,3.5445482066385963,-9.852282878096979,-2.887499488340656,4.059908697361697,0.20745867256536488,0,0
167,6.40460043385512,0.5539097403434329,5.340014005087494,6.392700548288227,7.538877005959282,1,1,1
168,-3.171319927433367,3.4448677941191788,-9.93835741014589,-3.168979158782586,3.5824573720621085,0.17863157384436013,0,0
169,6.032401804851743,0.5515128129117586,4.920997950036564,6.035449476270731,7.115377968457246,1,1,1
170,-4.281840364899349,3.1761870898897633,-10.522826356519536,-4.279068245477476,1.9433516753938038,0.08881196918207879,0,0
171,-4.191009388994083,3.157524190340795,-10.394472974918898,-4.188481173827339,1.998128889119366,0.09220329037418884,0,0
172,-2.451459727977672,3.653938181269832,-9.629660036595073,-2.448945942606656,4.712626007234118,0.2511392759819362,0,0
173,-3.6714011799805193,3.2598394625332183,-10.075830894098257,-3.6688514789665314,2.7186479296212687,0.13002940415287167,0,0
174,-0.08419424565836228,1.0458020274463884,-2.146264068983176,-0.08098490058593795,1.9600109516972335,0.46791706709210423,0,0
175,8.488476320636849,0.585338337878981,7.3341211455175515,8.484966438683887,9.650400466049563,1,1,1
176,-3.5391334103083163,3.3759756681750432,-10.1718912567642,-3.5365162926016263,3.0787252123459865,0.14724351183938977,0,0
177,6.916701088005859,0.5595033957157224,5.799687878418105,6.916974608152812,8.02186768717678,1,1,1
178,-4.62167204459129,3.0612964039049766,-10.636346908985406,-4.619101224847058,1.3784354128366783,0.06555862540672741,0,0
179,-3.9997615402308204,3.254229030371488,-10.39396538923533,-3.996993482443001,2.3786719638689795,0.10951781197693966,0,0
180,7.307035514735875,0.5675529689515174,6.166590358606806,7.309408395061087,8.420743498942697,1,1,1
181,-3.051563258320652,3.4859283448613483,-9.899123690523897,-3.049252628746969,3.782908194274611,0.190679586556173,0,0
182,-3.2622590546889954,3.414909373440027,-9.970544747479133,-3.259896586366452,3.432643178929816,0.16971329020233528,0,0
183,7.83227617221122,0.58393235640614,6.744301772255989,7.808943857971095,9.055917964216732,1,1,1
184,6.210821603152416,0.5519766736586309,5.147555351527141,6.199678881412226,7.339458575029768,1,1,1
185,7.1485555096726605,0.5609915138272614,6.054928547186577,7.141324199190157,8.27890930931751,1,1,1
186,7.874321037807283,0.5722332412996424,6.764189568277819,7.865471282450375,9.028723542337524,1,1,1
187,-3.587543262081492,3.315493592381267,-10.100855636387008,-3.5851113019782392,2.911990809406929,0.1396142563823699,0,0
188,6.829610982505796,0.5613729074811699,5.695760628496622,6.833475198989564,7.927940264504664,1,1,1
189,-4.736979729271195,3.03745143226037,-10.704865606348793,-4.73440131975231,1.2162956198021,0.059436152894716376,0,0
190,-3.8264538512662787,3.203121097196151,-10.120115723250002,-3.8237280121004193,2.4518682774248814,0.11612134583278322,0,0
191,-4.004903763273371,3.270975256151378,-10.433267506646985,-4.001777210024658,2.4055858728553456,0.11040519996831899,0,0
192,5.086082286529721,0.5639282649881291,3.87664743925743,5.108209963224794,6.138783822762862,1,1,1
193,-4.537172706032374,2.972220906456206,-10.381186484091053,-4.533345914435372,1.2854165787411738,0.06343945121542849,0,0
194,6.002868982468542,0.5508613871623931,4.91645233641041,5.999356526835328,7.104911754716623,1,1,1
195,-3.733897172663413,3.3084915024120494,-10.234032015812865,-3.7313057274948687,2.7515003154093147,0.12953753643802168,0,0
196,6.128190115433386,0.5530237704751503,5.035742726745647,6.125223969970186,7.2323902948195284,1,1,1
197,7.6570973178143245,0.5684412410567881,6.550952165924684,7.649270233434707,8.801890374939005,1,1,1
198,-4.172178734931977,3.1424710207516324,-10.346209111843343,-4.169593527402774,1.987267212201604,0.09214282564800924,0,0
199,-3.2093492729331894,3.3908665387571433,-9.870971136961348,-3.206835676671926,3.4381122105268664,0.17195477258515757,0,0
200,-3.7622490703162828,3.2461427223086803,-10.139794320297884,-3.7597181442968863,2.601007424977653,0.12322999771975107,0,0
201,4.305261003161996,0.5614406889404704,3.205830561323139,4.300098179010568,5.434697359601574,0.9999999999999912,1,1
202,4.3215281948636886,0.5969664832436904,3.1832380040572,4.30708921054831,5.549959123380495,0.9999999999997743,1,1
203,-3.853388288224438,3.2550221335634637,-10.248242434764293,-3.8508826350826384,2.5272498610515033,0.11824045964903596,0,0
204,5.510131203488457,0.5534521032078958,4.436762570186681,5.501375153592666,6.635010562604156,1,1,1
205,-3.376706388825152,3.388501180112077,-10.033299556844902,-3.3743078293713817,3.266285190961914,0.15949897838758942,0,0
206,-4.7092946912025715,3.043108497781631,-10.688281283708797,-4.706717953302036,1.255090870156554,0.06086802528917623,0,0
207,7.856403489660323,0.5717994444549921,6.739931095285359,7.849681823580646,9.00359589819234,1,1,1
208,-4.595228643032183,3.1642945470329233,-10.816392023731122,-4.591469917582455,1.6043938399645734,0.07322123996511043,0,0
209,-4.5299453474121725,3.369180506406893,-11.168653960021576,-4.5219246438140965,2.062879159326637,0.08938943828693202,0,0
210,-4.757116162435495,3.265991199253393,-11.185326987414358,-4.75125323974602,1.6376898150205665,0.0726187679468121,0,0
211,6.017311607369375,0.5558950271461249,4.9515756537379305,6.004638760073301,7.1589878539634935,1,1,1
212,1.036962059330757,0.834634227629934,-0.5751270797426633,1.026310952456485,2.7145226250323375,0.8929582525310533,1,0
213,-4.7331168881891275,3.0479536692405707,-10.721658122943971,-4.730530215540723,1.2407608172177627,0.060225487571470615,0,0
214,-5.030304293392684,2.979998539417875,-10.885438494820551,-5.027714150447575,0.8101527273467708,0.04570346432681194,0,0
215,-3.0383814200409835,3.4391069139778576,-9.794823800862904,-3.03580579191857,3.7035771246100517,0.1884885512853519,0,0
216,-4.839198827117125,3.016924731005847,-10.766803825814984,-4.836615079773841,1.0737653195691799,0.0543551428222373,0,0
217,-4.019333579672293,3.195217502741669,-10.296802945050223,-4.016803051039174,2.2438376224731034,0.10421002918427558,0,0
218,3.269322768706838,0.572074538635138,2.1610373157471257,3.260711086540686,4.4312507291171475,0.9999999945101045,1,1
219,3.6185980641481317,0.6356320983413071,2.226761905271912,3.6547180053325543,4.773578026053221,0.9999999937554884,1,1
220,-4.220861415035302,3.145580107039033,-10.400979884954008,-4.218283242265168,1.9447115598559606,0.08982413543364576,0,0
221,-4.24726892873616,3.1391988647224323,-10.414846992335361,-4.244708934394043,1.905842753142105,0.08803123133487123,0,0
222,-4.3795719726282165,3.0722019809872876,-10.416327378853154,-4.376820377181122,1.6416855289933965,0.07699940026734975,0,0
223,-2.9704078509792673,3.4414174042179675,-9.732263471344412,-2.967621038923158,3.7758139469660126,0.19403162003569507,0,0
224,-4.681684381531683,3.015278568935057,-10.60650362880077,-4.678982655659147,1.2278984863041327,0.06025290670817185,0,0
225,4.714909883591681,0.5781664078332989,3.6278204153153655,4.695235938301609,5.926127972361563,0.9999999999999998,1,1
226,5.837841793902927,0.5595248433844968,4.789428621121521,5.817136530624122,7.015206995734475,1,1,1
227,7.568182838654183,0.567275217110019,6.457711813601363,7.5623051495696325,8.705090749597202,1,1,1
228,-5.104722157358721,3.014803370915623,-11.028954157669489,-5.101922579020863,0.8035775654767647,0.04520690070916833,0,0
229,-4.653199971702347,3.060161790162064,-10.665685035977768,-4.65061875395473,1.3446787416066552,0.06418348962130715,0,0
230,5.683463707021136,0.5551370740543105,4.626875492066688,5.668311424267773,6.833174805797931,1,1,1
231,4.700960435580975,0.5743099250668736,3.6070493912114485,4.686153911561446,5.887359682962815,0.9999999999999999,1,1
232,-4.419526006944397,2.986994595999981,-10.292783143049881,-4.415609140341272,1.4317633142963961,0.06949140773989171,0,0
233,5.602667942545523,0.5548961597510818,4.534540495595429,5.591405023387944,6.738583273179197,1,1,1
234,-4.1952687151081465,3.1638256598283276,-10.411173498782464,-4.192723004636037,2.0061937738434965,0.09241796995761287,0,0
235,-4.452063097135017,3.0730597258939563,-10.490031641943608,-4.449431567259596,1.5710550959602312,0.07370516857723075,0,0
236,5.288708657401225,0.5455899124510244,4.219682415738535,5.283104564250811,6.388694024985249,1,1,1
237,-3.900431320996382,3.23710941963662,-10.260112226609541,-3.897923225234974,2.4450165691198364,0.11411867738530623,0,0
238,-2.777596456185231,3.5511220176764864,-9.753315450803521,-2.77523493643,4.184818661746725,0.21705606654676957,0,0
239,4.623224415887251,0.5439455368502841,3.5521201233695487,4.6192418574545115,5.715541839363286,1,1,1
240,-5.517526888712236,3.0674353892153565,-11.552649771721182,-5.512518210384509,0.48901690179124113,0.036029698763604734,0,0
241,-5.169265025590537,3.1185120043533803,-11.3035131853169,-5.1645902991659804,0.9383011363756166,0.0486984824906066,0,0
242,-4.965480621155191,3.18267769972602,-11.227419872610948,-4.960328535483421,1.26706177268054,0.05936125375871182,0,0
243,-3.930469820268568,3.2220090938597474,-10.260425222923022,-3.927977990880249,2.3853670550944948,0.11125486852675759,0,0
244,3.447302805343432,0.7037800918131203,2.1037472072990777,3.4322770114787637,4.88353919230687,0.9999995165720319,1,1
245,-3.1706982813262594,3.4871250386070387,-10.020673462182426,-3.1683691029928718,3.6660760347259376,0.1816068304494658,0,0
246,6.090891214481449,0.5497565412453361,5.020930910777144,6.0831054349049,7.204471277896847,1,1,1
247,-3.8037457197471363,3.267839952649939,-10.223723525606538,-3.8012476721706596,2.6020540892145876,0.12221324509929288,0,0
248,6.6912954770020585,0.5579065153679391,5.5729856710514865,6.6928017746368464,7.790143746879295,1,1,1
249,-4.161845241083443,3.177403520468961,-10.404447986003845,-4.15928888731145,2.0662458178607137,0.09512737944335248,0,0
250,-5.476342628902256,3.0567181024128187,-11.489112141772539,-5.471711812435123,0.5099895131416607,0.03660045946642532,0,0
251,-4.95408418915696,3.1828845956258287,-11.214737143303212,-4.949430768618472,1.2800951539393015,0.05979744634013784,0,0
252,4.2950082956602,0.5494480805408907,3.243626356157252,4.28171278041599,5.429971116193739,0.9999999999999973,1,1
253,-4.233479314280239,3.1816627004806874,-10.48489519863598,-4.230794671400369,2.00266322856284,0.09166245635147552,0,0
254,6.500355576291154,0.5540808335417021,5.402991198263426,6.498123814865316,7.603589515208937,1,1,1
255,-3.725769182159767,3.173863810211345,-9.964778090556013,-3.7222335522547274,2.4934547154076414,0.12021940574643242,0,0
256,-3.9927125681095927,3.161282546336459,-10.204290190253673,-3.9899798894346366,2.203483578315941,0.10329386729471679,0,0
257,10.155398526202458,0.6255215636236251,8.941803622531326,10.145751095455717,11.406835958278908,1,1,1
258,-3.908400119771447,3.1322103118833566,-10.065703634318544,-3.9048132678903,2.2288442736825096,0.10605051168369173,0,0
259,4.626531315899809,0.6377008180427528,3.370152100546174,4.625253899783096,5.888807131218085,0.9999999999997992,1,1
260,7.208067535007126,0.5791375521859383,6.004567015022927,7.220963279938704,8.314842804040326,1,1,1
261,-3.5755669965391528,3.199840404739618,-9.867220962249037,-3.5715454088856755,2.693669933492632,0.13190730491319014,0,0
262,4.657927863303647,0.5522559445974436,3.5944827293069883,4.646829852575942,5.789908397970002,1,1,1
263,-4.177858070867299,3.1209062482836054,-10.310104148612028,-4.175139646862794,1.9390783057016074,0.09033935019463113,0,0
264,-4.897473566308562,2.984903931807506,-10.76246539682824,-4.894823240368431,0.9525555536052108,0.05042492356924466,0,0
265,-4.506999413840752,3.0662704938493417,-10.531621532106826,-4.50438612840076,1.5028593827408372,0.07079934866663962,0,0
266,-3.3926847235421387,3.350866352157754,-9.975459352960636,-3.3902471776981375,3.1763237724739937,0.15565433374585602,0,0
267,7.35046931404663,0.5656659683094847,6.2677743199313785,7.337109845899901,8.508574343707782,1,1,1
268,-4.634340770204157,3.0171861407065967,-10.56326865643426,-4.6315262364141,1.2787480795826172,0.06227151266650843,0,0
269,1.3237891099817953,0.7851570906116111,-0.20179057635022146,1.3172551348519894,2.8900844908035275,0.9541038487920702,1,1
270,-3.942953455867667,3.203186613059538,-10.236091939771491,-3.940428483254186,2.335915745553007,0.10917131430773108,0,0
271,-4.3505613537799075,3.125101486050605,-10.490448484933957,-4.348007195589999,1.774873898703718,0.0819408480459679,0,0
272,-4.031094372485772,3.168764168155791,-10.256624726385109,-4.028570087252374,2.1801491631203085,0.10166265901883453,0,0
273,-4.176080745716257,3.14756574660597,-10.360060171811542,-4.173545225566061,1.9935489952190375,0.09229318019407373,0,0
274,-3.9290965489692002,3.2306779598750013,-10.276126765836679,-3.9265920789232682,2.403731486308881,0.11195755392802431,0,0
275,2.322540210013829,0.6378553167268256,1.0869811638034306,2.3145519824455922,3.6083102724769933,0.9998642995455951,1,1
276,-4.047874718003179,3.111829246035038,-10.163115862583677,-4.044904317389219,2.0506383793577445,0.09666306298744165,0,0
277,3.3231010526848257,0.7030586416037318,1.9720039309084332,3.311352097365238,4.746611975316213,0.9999988586405215,1,1
278,-4.604265168606236,3.0581051721429056,-10.612760675845141,-4.601681564354385,1.3896074967423209,0.06608569929743036,0,0
279,2.393201012067314,0.689604953332643,1.0761023185440197,2.378496935013015,3.8020698934841626,0.9997401524561745,1,1
280,-2.9116134639694344,3.54877445613755,-9.882536866421281,-2.9093205903363173,4.046309654258068,0.20597808775658266,0,0
281,0.3401337798352794,0.753687454103545,-1.1577196855649525,0.34643852310989287,1.802046094818163,0.6741107611841819,0,0
282,0.39162861101724167,0.7963763008683351,-1.1945046030277313,0.3994212882869298,1.9333245881219716,0.6885566463001906,0,0
283,0.3352810224431835,0.7096953777985657,-1.0821678547675422,0.3431564378150739,1.7074188703872166,0.6816898689311857,0,0
284,0.3527909988752597,0.7381819253059048,-1.119475766126251,0.3604756797684851,1.7810449446153152,0.6836459898607877,0,0
285,0.14324626572517304,0.6331293998492769,-1.1059354927594947,0.14525933968846796,1.3808354716455031,0.5894969617511163,0,0
286,0.0705394108215076,0.7064197197873188,-1.3160992937361318,0.07095139002901861,1.4548379508885652,0.5397702055222984,0,0
287,0.08440665378493145,0.8023793428279388,-1.5028764435889546,0.08801789210332973,1.6508559062471282,0.5418896383523417,0,0
288,-0.5863257414050759,1.2274601945813088,-2.9709948765861367,-0.5958081700393391,1.8534065389355772,0.31644114932639766,0,0
289,0.08798498724083689,1.0215577562419538,-1.917576511498802,0.08820409126277591,2.0921117123111093,0.5343177687057226,0,0
290,0.24794636897858255,0.8138285639089964,-1.3586133470927078,0.25136892342513395,1.835216775091725,0.6196899489828775,0,0
291,0.17130945612809997,0.979983004390746,-1.758782945112351,0.1734142387987523,2.08934476732462,0.5693849843568285,0,0
292,0.2521737890207833,0.5865528125031754,-0.9320271579409722,0.2616106035809075,1.3810562605560008,0.6663749445375753,0,0
293,0.2848873538419029,0.5712966504626475,-0.8752109054797048,0.29617225073023357,1.3790570556404351,0.6909933515806889,0,0
294,0.2651722371004548,0.5774156280108991,-0.9049435626871436,0.275746969834842,1.3733775627825144,0.6769690134044607,0,0
295,0.2728321182653126,0.5976473158131359,-0.9365157713565642,0.28344018394304166,1.4202404657935002,0.6759884447203657,0,0
296,0.31000574489792143,0.6290864590614851,-0.9586289631876361,0.32030658616624785,1.5187774487795302,0.6889185165331885,0,0
297,0.2741093924330905,0.5829458048206603,-0.9053435607320589,0.28439534197009964,1.3934291409210866,0.6808990032996202,0,0
298,0.3002132246889253,0.7167273957016477,-1.1319340233776123,0.3080959292677483,1.6866371550286516,0.6623432152044582,0,0
299,0.28829868618391236,0.6106753202921489,-0.9433710719182418,0.29810982141225906,1.4627269437266364,0.6815716319243655,0,0
300,0.3066728388227683,0.6566005406041,-1.0127376414159728,0.316083775640878,1.5714583977085819,0.6797720638622581,0,0
301,0.25973245740817125,0.6033003014239607,-0.9560211883585044,0.26887180060847804,1.4219279849204818,0.6665910552449091,0,0
302,0.24829916764537063,0.6145640280667305,-0.9901979906473799,0.2576699754282651,1.4320296031203055,0.6569027941602219,0,0
303,0.24947683715527721,0.6007197853246734,-0.9624296389335104,0.2589671849617486,1.405846609593575,0.6610375762715168,0,0
304,0.19905199841397497,0.6130136811302004,-1.0271378906111266,0.20532538406930204,1.3881256759853573,0.6272999185027698,0,0
305,0.09837417645712995,0.8586557695529551,-1.5888616290737418,0.09908391865755527,1.781450795421318,0.5456060900910751,0,0
306,0.1557028601875452,0.612335617158022,-1.0554838096136792,0.1584951687668881,1.3507566749559092,0.6003592141128843,0,0
307,0.16205917392800234,0.6499827659742727,-1.123349134331454,0.16501257093220753,1.4304861103976416,0.5984466240549412,0,0
308,-0.1125660624749092,0.6941190015477288,-1.4738831025281358,-0.11439693269260427,1.2594640423036891,0.4355855470811981,0,0
309,-0.37152573871547223,0.949041955276664,-2.2237456336283463,-0.3767385476909958,1.5121437797356487,0.3477232615397303,0,0
310,-0.5856051120137186,1.0310672771316147,-2.5820403914389223,-0.5974788881018701,1.4814722284617838,0.28503101801492847,0,0
311,0.04900542385777215,0.7085210637924199,-1.3513477413799753,0.05138548272857599,1.4354629782383026,0.5275711759195286,0,0
312,0.09054922349002115,0.6311665756947971,-1.1583340194813696,0.09301963449446819,1.3247263452880733,0.5570378429267211,0,0
313,-0.054651922003739715,0.9719535783903507,-1.961374443459814,-0.05553084074260938,1.856951409029457,0.4775797123705565,0,0
314,-0.007289428731476719,0.84555074616566,-1.6673209140186325,-0.00758621316515727,1.6542463150890707,0.49656079151582433,0,0
315,-0.024704608408742224,0.831364358597489,-1.6586728895595502,-0.02489887618842394,1.6101768181735052,0.48814687876470997,0,0
316,-0.09688198858900013,0.7393180282952679,-1.5451252838249963,-0.09746875506870294,1.3546783729686738,0.44787089392392687,0,0
317,-0.2169834779820269,0.7723496650096451,-1.7246204399196403,-0.2197513367746083,1.3062677377530416,0.3893784269748647,0,0
318,-0.19202824653648246,0.7693231081822595,-1.6967575164062039,-0.1934863435341124,1.3209380253887533,0.4014457361078704,0,0
319,-0.0417614761606292,1.1038497303895582,-2.2112341562938407,-0.04120919497490355,2.124949497164478,0.4849105864918787,0,0
320,0.24163756668441957,0.7222838833377667,-1.1839549432832017,0.2446991821666093,1.649991655691441,0.6310164071331539,0,0
321,0.1959583574479619,0.8146717846572256,-1.4086818720217462,0.19819482653307358,1.7879708899858227,0.5950428420724533,0,0
322,0.14558819630244907,0.8599696741296746,-1.5462863122714012,0.14707372548259778,1.8289741383629552,0.5672175266244647,0,0
323,0.2810336647043411,0.8208218878861099,-1.340808892798872,0.28502598722254213,1.8804033383348386,0.6339678367496979,0,0
324,-0.01990000454542397,0.6739296990689877,-1.3488851970326363,-0.019151382296910418,1.3046173697377543,0.4882216206451083,0,0
325,-0.15278561816978395,0.763520312682258,-1.6482483584822605,-0.15504991829559778,1.356016105548726,0.4206985216736431,0,0
326,-0.058855161819989364,0.68239518779898,-1.4049989754168812,-0.05812762236625491,1.2833288436947248,0.46563467115474433,0,0
327,-0.059152441167771866,0.6528078852016855,-1.3455908491669395,-0.05918794888632521,1.2275413505627375,0.4639003185900502,0,0
328,0.1379435069200294,0.6121241552996081,-1.0855613669083115,0.1437660634775987,1.3271371697135628,0.5891473414171607,0,0
329,0.32608260517695165,1.3646283458489463,-2.367469711714236,0.3312650966517081,2.99053910805108,0.5944291475754928,0,0
330,-0.2633325328031493,0.714037250544724,-1.6544324139141788,-0.26899843514507865,1.1616407143735317,0.356140701766706,0,0
331,-0.5292066291105477,0.9328237800511303,-2.331853292792281,-0.5411944727821038,1.3441954202009025,0.2852494725850242,0,0
332,-0.6610328325365663,0.9975853835716336,-2.582674796859972,-0.677261444212612,1.3576003370218928,0.25378286720954835,0,0
333,0.24190255904914812,0.5753034693229011,-0.9135196138543066,0.2494764846774927,1.3528433901969894,0.6629319190197798,0,0
334,0.20528260809898757,0.5393809535179626,-0.8749838351680345,0.21155452032037014,1.2488358404004076,0.6482459810389861,0,0
335,0.28749363191115407,0.6738853525218971,-1.058001544304838,0.2945707092967172,1.5919334217304133,0.6651722942341527,0,0
336,0.05109397846230879,0.8785341615001706,-1.68257751781194,0.05365444770246586,1.7701107690036233,0.523188697938213,0,0
337,0.005613247964239903,0.8541580242996728,-1.6767616841003723,0.006763995487300445,1.681332412732181,0.502621699686937,0,0
338,-0.04367019727036262,0.9877455350318121,-1.9801172766923079,-0.04384816058721909,1.8937841517768732,0.48236771175434145,0,0
339,-0.02905086192229472,0.6620155775498229,-1.334791957372618,-0.02857672843748033,1.2738262278063788,0.4824990544900293,0,0
340,-0.09713958133674473,0.985133844044742,-2.027588586543283,-0.09764309734292692,1.8361540646857917,0.46072576513969266,0,0
341,-0.06540557642975071,0.960016449373727,-1.946442920110531,-0.06624250033254155,1.8203035812291337,0.4728412173737605,0,0
342,0.06540557909475687,0.9600164494075456,-1.8203035787394668,0.06624250303746368,1.9464429227297169,0.527158783730181,0,0
343,-0.3642614891359873,1.2446199899433084,-2.7940726256549646,-0.36846764406864624,2.0892144324943906,0.38488764464717373,0,0
344,0.16521096577340044,0.7698979354743894,-1.3492829094136578,0.16677053241625978,1.6709121214331404,0.5849557791797816,0,0
345,-0.1197437365542088,0.6178916927129089,-1.3292238451579,-0.12060435468783136,1.0946121017788528,0.4231685711767097,0,0
346,-0.42701852129688467,1.4564841739283096,-3.2692080779702613,-0.43256785303128586,2.4463610548995307,0.3846905820327414,0,0
347,-0.3365534727571853,1.0969427655083654,-2.4771222021563113,-0.340668161108626,1.8271532947613314,0.37949383751787213,0,0
348,0.14997562658973404,0.6908306358666542,-1.219109680080051,0.15360639575993076,1.4976273084299796,0.5859327035834242,0,0
349,0.1406283066934773,0.6356458528467549,-1.1259557541479759,0.1457403253164021,1.3770986098408702,0.5875460035939872,0,0
350,0.23202708072318579,0.8037622257311297,-1.3646353460203595,0.23802161783943027,1.7940320917659183,0.6135854378629393,0,0
351,0.24688916883630402,0.577873955651992,-0.9161800854609079,0.2552217531844603,1.361078462484676,0.66539666399152,0,0
352,-0.019757853310148718,0.6266210668777812,-1.2567263841478724,-0.019118272165587844,1.2132771767061727,0.48742312125819764,0,0
353,0.1990118148019359,0.6423115675178723,-1.0824702619810604,0.2048168533133731,1.446294407565025,0.6216574993498151,0,0
354,0.19463641029858528,0.5347209194569127,-0.8823743850004968,0.20191451826540588,1.2283330980792049,0.6420695957450919,0,0
355,0.24546899759998222,0.621681787231419,-1.006015192004497,0.2545738670616135,1.4437640461813344,0.6535219834771981,0,0
356,0.22837797020578557,0.7221041850968443,-1.20947409565817,0.2345260895019816,1.6303801095552084,0.6241002008421911,0,0
357,0.15282211439312257,0.8139839994808715,-1.4535566677542595,0.1553701743600827,1.7442033141249873,0.574462055222323,0,0
358,-0.16649770082209742,0.7195842001841395,-1.5756046179404746,-0.1671854721848854,1.246504182360595,0.4085096340995493,0,0
359,0.09257693478907268,1.315311822711341,-2.4930348555747632,0.09414959429909732,2.669469153727763,0.5280559954010619,0,0
360,-0.04900406915554894,0.8332383443532377,-1.676663090531609,-0.054066585526738195,1.6081861732467924,0.4765510897803057,0,0
361,-0.25866763355010025,1.0704055106109989,-2.3376716047099,-0.26930716420444906,1.883043690934198,0.4045241885174723,0,0
362,-0.09101462439975241,0.7336733758357626,-1.5232926113013472,-0.09533093152077092,1.3664405928182075,0.4506365254916491,0,0
363,-0.13733177023726903,0.8118966420951378,-1.719516147565925,-0.14206538203884597,1.472011997351956,0.43283959344904877,0,0
364,-0.16043492930314757,0.9038652755109841,-1.9136000295528959,-0.17159297673348778,1.6583145701689852,0.42955833534761256,0,0
365,-0.25222352495919986,0.9945628760549324,-2.176436502603361,-0.2657458906885397,1.7511592752303342,0.39990137401193393,0,0
366,-0.043242713831325254,0.8097124151388733,-1.6321572546445449,-0.04501010769034677,1.5564864323174432,0.47870459976618474,0,0
367,-0.05493103363112937,0.7582008249043347,-1.5399893762453887,-0.058589597952290955,1.4520698658609346,0.4711222208715795,0,0
368,-0.1866095736988229,0.8709625216667132,-1.8795672021460759,-0.1956835660418857,1.5603529490398775,0.41517343311267707,0,0
369,-0.1191977881261361,0.9849107835263486,-2.048819713545249,-0.11984132763799639,1.8140587065024358,0.4518360347618098,0,0
370,-0.12125172382914465,0.7820774407564696,-1.6456415476467174,-0.12579938193450677,1.4292955085426364,0.43839567911710997,0,0
371,-0.06108011287988928,0.724846774406439,-1.4787959442084164,-0.063172561667509175,1.368575513075384,0.4664223763985643,0,0
372,-0.12555302132600196,0.8823311337657508,-1.8497583622220315,-0.12801779883751432,1.6125438710220856,0.4434227313154867,0,0
373,0.09192153428851554,0.6894421051807481,-1.2638216443347425,0.09258039999793197,1.4436976873623126,0.5530327767949584,0,0
374,0.03345223111178816,0.7297229333201388,-1.397455851393689,0.033134444944857254,1.4660824840625848,0.5182820573562471,0,0
375,0.09111352056499869,0.7514075154666543,-1.3866529686306976,0.0918357032712291,1.5645662479417015,0.5482563135882956,0,0
376,0.06077340884105977,0.7675770516997779,-1.445408673303174,0.06073951336553748,1.5670280217193797,0.531553542235107,0,0
377,0.0678033441170197,0.7643549259255261,-1.4325012364906418,0.06783975233670686,1.5677412740873988,0.5353424654815785,0,0
378,-0.017965641911649816,0.7404584702392634,-1.4688265494389579,-0.018855476070054705,1.4379432922753703,0.49032146799274356,0,0
379,-0.1170638415516679,0.984919606115499,-2.046741108087258,-0.11769378761785876,1.816171306657233,0.4526946254862888,0,0
380,0.20050408325183208,0.7931345670469252,-1.3593970316151702,0.20208915281996953,1.7514737136942433,0.599788452800748,0,0
381,-0.1075050517618919,0.8983150587244433,-1.8636453127847965,-0.1097179463454428,1.6610537950317021,0.4523706565763137,0,0
382,0.10752139021932187,0.7402425453107564,-1.3493782592737256,0.10869728614569023,1.5575928029683337,0.5577438737842768,0,0
383,0.11150175075484371,0.6911781033546708,-1.2502661373812947,0.11292843598441554,1.4649911092211496,0.5640798263359709,0,0
384,0.08695709936482486,0.7498598375146974,-1.3869831795722778,0.0875216773811039,1.557487244063959,0.5461596500865318,0,0
385,0.005055228745716911,0.784114498624808,-1.5311864837100284,0.004082505494023158,1.5466482876082714,0.5025719847248824,0,0
386,-0.20819683271264994,1.242681997283592,-2.632394411152034,-0.21622174356202212,2.263038430539831,0.4334732560783471,0,0
387,0.9271001227173865,1.6933521395711888,-2.4848940376357964,0.9503051575088739,4.201879655581291,0.707980301516729,0,0
388,0.8025712305593449,1.5167723462195206,-2.256013463016102,0.8221246514910037,3.7428280157383735,0.7016427023721099,0,0
389,-0.13096371656379752,0.9140230711753023,-1.9109769845624829,-0.13707758926596544,1.6844005356606437,0.4430334491621841,0,0
390,0.6159541899409013,1.1165944606276297,-1.6598590337112014,0.6360667669350342,2.7708191119362,0.7094012665289762,0,0
391,0.6243244824617448,1.1494538551412992,-1.7147252095681376,0.6430017981606676,2.8490959745924718,0.7064863224644108,0,0
392,0.5968643695264696,1.097594088418931,-1.6405050800205485,0.6162386584648437,2.717221065318487,0.706708158274309,0,0
393,0.7697035207116074,1.3427923949868357,-1.95626057211043,0.7918532031960283,3.362331670370875,0.7167491189548875,0,0
394,-0.253948216451896,1.4688856362748877,-3.1197502631475835,-0.2618993839990625,2.657906266123301,0.43137093173021934,0,0
395,-0.00807959763674011,1.096146652528604,-2.1554264954303615,-0.00932366310035501,2.1461478445275297,0.4970594592323513,0,0
396,-0.3245575452293243,1.0723471780625453,-2.398744827786878,-0.33804345310652906,1.828426459163589,0.3810741550867509,0,0
397,-0.30518942459768256,0.9191851914581014,-2.0751376185874184,-0.3211077037193325,1.558181814515677,0.3699364388544589,0,0
398,-0.10751064934001979,0.7431274169347823,-1.5572303895322495,-0.1111540958593977,1.3630008352985277,0.44248443507043045,0,0
399,-0.31002680167900853,0.9065007035561388,-2.052020995122826,-0.32723221782586576,1.5328272158555434,0.36617396796455415,0,0
400,-0.24123055580126362,0.8519154017059309,-1.8873754445968633,-0.25417204781284014,1.4813788751643937,0.3885261091493246,0,0
401,-0.2631003530992004,1.0084042065965735,-2.2184305564064104,-0.27440135909195945,1.758722014805131,0.39708186978700133,0,0
402,-0.275175347490476,0.862277885076802,-1.9352417557325041,-0.29087335015676563,1.4772762298167414,0.3748154600003639,0,0
403,-0.11996846859210439,0.7670698272149807,-1.6151045934686687,-0.1247513839706876,1.4027678632919,0.43785951201717144,0,0
404,-0.12389139484391869,0.7689871976193271,-1.6203071942627474,-0.13006285222564112,1.4083378313554156,0.4360034500237784,0,0
405,0.6211345581226018,1.1604688060748867,-1.7374473810637778,0.6399438600578424,2.8658101346241343,0.7037596043610791,0,0
406,0.5387597310531945,1.3974258722909483,-2.2462274172010472,0.5479064686816648,3.2674279465022513,0.6500802939131509,0,0
407,0.45249184390380903,1.0236722392215263,-1.6151897273275788,0.4648332585373163,2.444311765909533,0.6707655459588114,0,0
408,0.13425029437797048,0.8635404529027361,-1.576397758392337,0.13531319548500184,1.8380784232420773,0.5617726177079067,0,0
409,0.5744127466865097,1.1677387372199655,-1.783879062811328,0.5907494754401975,2.834910596512808,0.6886056049853048,0,0
410,0.0389931861469667,0.9683501192441161,-1.8614918075017168,0.03938582811302679,1.9372772162020258,0.5160601288102854,0,0
411,-0.03899318800911391,0.9683501192439463,-1.937277218003312,-0.039385829996884,1.8614918056997993,0.48393987042316344,0,0
412,-0.2968305214528954,0.9293108211459893,-2.0858964084373444,-0.31332182474338194,1.5889654366076413,0.3747080787015563,0,0
413,-0.280811937341441,0.8936089628580511,-1.9998191375185037,-0.29726922622072616,1.5347803551973054,0.37666757343300383,0,0
414,0.06456505430914461,1.1873568609400846,-2.266342825507976,0.06513490093429608,2.3922405310823316,0.5216826488794963,0,0
415,0.015177244246170526,0.9611336596740984,-1.8707937614939676,0.01540361339999041,1.899890266766981,0.5062994285382134,0,0
416,0.058704038003718116,0.9614831713834371,-1.8294287998549459,0.05946417356358066,1.9425943322741954,0.5243425793301504,0,0
417,-0.11363283537718379,0.808090120824965,-1.693189397650798,-0.11930834230883684,1.5002051147847444,0.444085463558444,0,0
418,-0.0788854721074483,0.7656318831110311,-1.5764050046087639,-0.08286877421031778,1.4423144881330043,0.458968326667605,0,0
419,-0.1038899668191163,0.7766916207012697,-1.622300101243986,-0.10945243287812026,1.4481625334575525,0.44679633407125485,0,0
420,-0.05297945180964987,0.7725579875652374,-1.5708876106613732,-0.05540797985146322,1.4803232442490104,0.472663296106436,0,0
421,-0.0630072372306754,0.9329257390817816,-1.8942864448872865,-0.06520280321030299,1.7818897474357593,0.47307700494819394,0,0
422,-0.02401334515597572,0.8367283545336929,-1.673522778269819,-0.024448653751740435,1.6295503537076483,0.48855228973622156,0,0
423,0.022429855163150877,1.011323152922207,-1.9721750656231518,0.02405108927614626,2.0086132763355256,0.5088473046402833,0,0
424,0.23797059284364733,0.9841276948078762,-1.6965949489052057,0.23961818674755653,2.16325229765637,0.5955357833629302,0,0
425,-0.38723245017744573,1.087407934970032,-2.504424349774836,-0.3940264549989022,1.768453989110885,0.36088060576136904,0,0
426,-0.5510595561614838,1.3145281983324433,-3.1035926591446388,-0.5616351584143909,2.060915968738677,0.33753239118911704,0,0
427,0.2407941341057437,0.9842410611050921,-1.6940396115377638,0.24245839927348087,2.1662496252746424,0.5966361034188509,0,0
428,-0.0032723140495851963,0.9684479495754963,-1.9027514939504446,-0.003305036288553795,1.8963903136401337,0.49865200608293336,0,0
429,-0.17247781383865834,1.2378351335631106,-2.594648659325788,-0.1748517063126017,2.2629872644373914,0.44459142238892535,0,0
430,-0.12635774533420546,0.9848985474155092,-2.055827628762829,-0.12704693574514025,1.8070042536234943,0.44895768611386244,0,0
431,-0.5461133117000916,1.3147459432918753,-3.099552563506913,-0.5564962428009497,2.0657186020288316,0.3389335033459542,0,0
432,0.08686215766982182,0.9802069954101252,-1.8391743825998903,0.08776956732299093,2.0077296943062994,0.5353065085772505,0,0
433,0.2516360244635666,1.2809339883984374,-2.274401516820461,0.25589126825451475,2.7539513515011844,0.5778699616004781,0,0
434,0.2424718633062078,0.9389678738464042,-1.6060144382743182,0.2448010585919667,2.0778236366185645,0.6018861965399427,0,0
435,0.25757280137401894,0.8147176963943632,-1.3487842969999053,0.26040067139898726,1.8479710470545458,0.6240555791407558,0,0
436,0.06919139486116208,0.6581365889910118,-1.2223028008344798,0.06942677424286461,1.3593261748910026,0.541864574064656,0,0
437,-0.20833901386129317,0.9677141358557196,-2.100131678175264,-0.2106257734062653,1.6962669318380714,0.4147706782755862,0,0
438,0.20833901368680785,0.967714135773466,-1.6962669318629628,0.21062577323486192,2.1001316778347783,0.5852293216612627,0,0
439,-0.07877709737483081,0.7910725517247311,-1.6286559701554326,-0.07932550797879812,1.4741953920129984,0.460337836161713,0,0
440,-0.20610041527019723,0.7933038905071536,-1.7573288830497393,-0.20770631860166688,1.3541873043016515,0.3975089941093357,0,0
441,0.023369469385613476,0.7860310602511904,-1.5186828991697343,0.023506102496632587,1.5646457378351517,0.5118591956100911,0,0
442,0.2199185176167877,1.1782675998240904,-2.101106492229627,0.22318385799299847,2.522730825766644,0.5740307624747734,0,0
443,-0.11241618722506379,0.9849475698701421,-2.0422309189578414,-0.11301655365104749,1.82078955456758,0.4545657121571638,0,0
444,-0.03722066004001618,1.173566741297968,-2.3395287262839193,-0.03741344953783873,2.2662598639989553,0.48734932966042377,0,0
445,0.20932326464534823,0.9828913322991768,-1.722308727963053,0.21078170170902147,2.1327397676628226,0.5843235878060119,0,0
446,-0.08288983795211183,0.9854661602472621,-2.0142365690899644,-0.08330386092878624,1.8507966411243266,0.46648356755813736,0,0
447,0.28351173737976115,0.971171970520325,-1.6300121919887112,0.28659414547431405,2.1797547774594888,0.6148289447650999,0,0
448,-0.09096829809621453,0.9852564208970792,-2.0217649226942545,-0.09143292733848736,1.8424535865389329,0.46321809906682865,0,0
449,0.3083291547054138,0.8527943748202916,-1.3773355217574146,0.3125831033621729,1.9699982455186382,0.6411564236757434,0,0
450,-0.22509596807443338,1.0763830281124027,-2.3303084853118956,-0.22720087265959177,1.8919540156753947,0.4171762841418921,0,0
451,-0.12022720365540376,0.9849073998526431,-2.049824121869111,-0.1208773029592876,1.8130412911644196,0.4514219683126368,0,0
452,0.033360766316087434,0.9701873273823369,-1.8704549798739034,0.03367832462881586,1.9353950343498665,0.5137152872821542,0,0
453,-0.033360767697584975,0.9701873273718133,-1.9353950356687841,-0.03367832602546231,1.8704549785144242,0.48628471214995916,0,0
454,-0.05261294428252011,0.6499973442717123,-1.3264178585663753,-0.05296558161890461,1.223186911670341,0.4677435135337167,0,0
455,0.005525759155734015,0.9092166184951173,-1.7798976710358463,0.00606976937845904,1.7879945618873216,0.5024245546585298,0,0
456,-0.18627953892204918,1.1886756233543663,-2.5119467689032917,-0.18848383499527666,2.1517441262914074,0.4377359794219444,0,0
457,0.10612845532733327,0.7570871222247848,-1.3809083309182784,0.10692363453872951,1.5886816591979085,0.5557411041092174,0,0
458,-0.1325852638582951,0.9849083162837954,-2.061962484798253,-0.13331419359707614,1.8009082782299128,0.44645740572757064,0,0
459,-0.2546627703472278,0.8766528543318681,-1.9682606083000689,-0.25672619167406546,1.4705966290570136,0.38571900607176723,0,0
460,0.35698766896186607,1.0404743213854986,-1.6991002349786246,0.36198460875857624,2.384951243890277,0.6342387203832902,0,0
461,-0.08753216114910907,0.9853383580613396,-2.018548743496208,-0.08797521907627256,1.845987982139023,0.46460667080872475,0,0
462,-0.09357760606785158,0.9852008891187295,-2.0242201038213516,-0.09405865614348087,1.839782791242696,0.4621640561030499,0,0
463,0.22453362844534241,0.9834700591250125,-1.7084881390776363,0.22608499961658057,2.1488142363512415,0.59029641780526,0,0
464,0.005651532484299445,0.9596067200998762,-1.877098437273222,0.005710726179277596,1.8880690973251824,0.5023495273387475,0,0
465,0.20495753661346208,0.982725075676014,-1.7262725696210501,0.20638811190709358,2.12812958454942,0.5826042872329804,0,0
466,0.22577209904820392,0.9835768789221805,-1.7074980579214656,0.22733944687846896,2.1502117187421264,0.5907761182444919,0,0
467,-0.10291111077859595,0.985045177644901,-2.033085145130037,-0.10345113377121072,1.8303135146327523,0.45839680121182247,0,0
468,0.1958313431511548,0.9824144701937394,-1.7346392049084485,0.19720731620353352,2.118552729734688,0.5790003473248564,0,0
469,-0.1358941328076118,0.98492074768769855,-2.0652361750663055,-0.13664418314012083,1.7976833957983953,0.44513021114492457,0,0
470,0.0032723122944126022,0.9684479495756665,-1.896390315339409,0.003305034513222205,1.9027514922518316,0.501347993194045,0,0
471,-0.28351173684198927,0.971171970571814,-2.179754777060559,-0.28659414492202356,1.630012192585339,0.38517105545250996,0,0
472,0.2734894831072926,0.7903761158807561,-1.2889341408614459,0.2773965096815492,1.8138535760278884,0.6353378406085439,0,0
473,0.2311991181769919,0.9238282245191843,-1.5895681276061295,0.23381527692980567,2.0370322530180363,0.5988076373844775,0,0
474,-0.005651529717700415,0.9596067200972089,-1.8880690946694987,-0.005710723370751987,1.8770984399185857,0.4976504738113986,0,0
475,-0.19841418912579883,0.8887706509953551,-1.9371575532476584,-0.19996588340644791,1.5490961739385285,0.4116721591216026,0,0
476,0.1756984739430127,0.9816763626776219,-1.7529452323804107,0.17693414654469675,2.097384191180086,0.571022512654726,0,0
477,0.0746739273631336,1.172989634541154,-2.235055250373456,0.07677613730746449,2.372835980800099,0.5253799998967321,0,0
478,-0.02700412009300516,1.419957991129583,-2.8134683076835136,-0.02769588309550009,2.763271017512313,0.4924135530951299,0,0
479,-0.015699209218684472,0.9334794840745954,-1.847192293451903,-0.016046556346275626,1.81773166965112,0.4932909258312109,0,0
480,-0.09192807419576109,0.5859587863624145,-1.2391625550370922,-0.0927313536548748,1.0598638775869078,0.43766778794171346,0,0
481,0.026471474295434387,0.8969836670089237,-1.7348711654976903,0.027171159244860757,1.7839225095425093,0.5117717389660764,0,0
482,-0.004433663801550342,0.771127304908145,-1.5177895361410314,-0.004128650162313455,1.5072406775449654,0.49770625914680944,0,0
483,-0.16730221455978014,0.7139595828848958,-1.5635016060598044,-0.16877990270960552,1.2372445571113533,0.4073643631643791,0,0
484,-0.022929067681459053,0.9345707404966466,-1.8578442075008124,-0.022473408380760694,1.8095228871504097,0.49021319997532997,0,0
485,-0.14396128484301435,0.6740488509437247,-1.4627815727899878,-0.14509966673116512,1.1812970565665788,0.41543849539841804,0,0
486,-0.13509968064627081,0.9849173190589886,-2.0644493070952694,-0.13584465980763247,1.798456819600251,0.4454487846334455,0,0
487,0.22526286428838363,0.9835637385372071,-1.7079749672907278,0.22682801187651772,2.1496827208987974,0.5905761183248597,0,0
488,-0.38974997974054243,1.2297303194487081,-2.7878805239036417,-0.3949350008697238,2.0374305767368495,0.3756447955995449,0,0
489,-0.8676293585092401,1.387746176608824,-3.5507497990061645,-0.8847134098127698,1.9162400900683507,0.2659174304174031,0,0
490,-0.8054041901158052,1.3885086296877869,-3.499244856636843,-0.819771735201921,1.9746282256182552,0.28094050855461217,0,0
491,0.04304355791861934,1.4153450243944985,-2.74595413777119,0.046210683686338606,2.814869447002391,0.5121307866245819,0,0
492,-0.13595317050926928,1.0916729222236872,-2.2740152969064407,-0.13798603419068342,2.0136471743771334,0.45044523469968967,0,0
493,-0.1734078575606256,1.0025569435722126,-2.1339865684687203,-0.1757999838305038,1.800666608018962,0.4313392358696576,0,0
494,-0.1443114909135424,0.9849736306398961,-2.0736053597587056,-0.1451152672233737,1.7895210108658732,0.4417581942894311,0,0
495,0.03763665131571576,1.301080526422499,-2.516508784605936,0.038066516552576604,2.5893250843270668,0.5115386845227,0,0
496,-0.13882743354007018,0.9849357846055361,-2.068146093248254,-0.1395962079028394,1.7948323590889737,0.44395442640871197,0,0
497,-0.11500163034684087,0.971190106078632,-2.0168680879542404,-0.11691436507521849,1.7976966663882397,0.452870173580902,0,0
498,-0.04546993316580696,1.1896523962278294,-2.3825486400074176,-0.04539316248949516,2.2914885918827226,0.48475566206049503,0,0
499,-0.03855502739335488,1.1897418112280371,-2.3765581291276914,-0.03819722830623342,2.297803043717498,0.48707405363438117,0,0
500,-0.09422648688583632,1.2550435913076616,-2.5561049871039767,-0.09551109969047789,2.3750430277064387,0.47007622319097464,0,0
501,-0.11841930244210412,0.9711625853750171,-2.0199339959652014,-0.12044166524413383,1.7945300042881753,0.45147500659380546,0,0
502,-0.028176728640725634,0.6530986355456245,-1.308404821097251,-0.028745935940999005,1.2552417217946166,0.48279371358142464,0,0
503,0.04409696388199446,0.8923127246882299,-1.7086937634058503,0.04479005241799901,1.7929938975849722,0.5197072000032787,0,0
504,-0.0557098130803758,0.6127876410406691,-1.2557181448685824,-0.05645772341053985,1.1485093151659016,0.4637812166463844,0,0
505,0.02914093689909696,0.6779150121211333,-1.3030355079117568,0.02973512398217398,1.3579968920020644,0.5171437013617162,0,0
506,0.0364347675172513,0.6589484002837407,-1.259458667988567,0.037270832631695026,1.3276734614105328,0.5220471986607743,0,0
507,0.13370580745539795,0.8871208473721754,-1.6137023800097339,0.1360880582857561,1.8677841781666755,0.5599012367550578,0,0
508,-0.27825899884956423,1.426376496976919,-3.0645749912413267,-0.2836179810074976,2.5381347641005068,0.422664755838588,0,0
509,-0.1570596700997456,1.079590378615924,-2.2707627136383732,-0.16015235437613815,1.9741265346437846,0.4421656376039126,0,0
510,0.4812696633671616,1.6708331431375505,-2.846294366395512,0.4938692056147124,3.737111219807936,0.6133426008213294,0,0
511,0.4529130419901382,1.6699537775474298,-2.8694638054808204,0.4642375978061934,3.7105440318387712,0.6068863621250784,0,0
512,0.31376669223089204,1.411389069858958,-2.490372382785197,0.3203513253969229,3.078787117587919,0.5879639333309137,0,0
513,0.09784930791198047,1.2004551279024476,-2.2725850760946806,0.10131756132800548,2.44925427618976,0.5324818834553247,0,0
514,-0.1490914738717808,0.9067165398054494,-1.9207121983230029,-0.1518441130517617,1.6379875350881885,0.43469629240672136,0,0
515,-0.054641542224887756,1.0365374028149292,-2.087450612723787,-0.056607039042521436,1.9889595118731482,0.47897931187689025,0,0
516,0.11142191700579353,1.2498100167075963,-2.35760773029517,0.11538916839473422,2.5586929421915956,0.5355190798415226,0,0
517,-0.1470362959351293,0.7722336018425917,-1.6586851439272643,-0.1480122484883205,1.3701283985096808,0.42449631764596907,0,0
518,-0.005322645314764258,1.2045275232792942,-2.3729116221162636,-0.005631635332291194,2.363916048984963,0.4982371333920177,0,0
519,-0.7358276239970427,1.1423521759922912,-2.9495700496729382,-0.7512971703610626,1.574376775619537,0.2597443439115916,0,0
520,-0.8053141351974535,1.1406923096542172,-3.000371914254756,-0.8253985261707,1.5101932858639011,0.24009805819079222,0,0
521,-0.7276820721405379,0.9930590370974756,-2.6326249965980617,-0.747965374035989,1.298866407267413,0.23184991320693504,0,0
522,-0.761229300615985,1.0835140717461709,-2.846223849515799,-0.7804124463392784,1.439065597821402,0.24116624894013017,0,0
523,-0.11275108553338462,0.9849451417711783,-2.0425551125140546,-0.11335358203238217,1.820455968094807,0.4544308366554738,0,0
524,-0.01952803205543615,1.3808448752448335,-2.7381640576972592,-0.01798729984791031,2.6911228879295406,0.49435831055042323,0,0
525,-0.11862593465288884,1.6662189540079355,-3.3884110917408505,-0.12023179915008621,3.1603316290859356,0.4716214054618485,0,0
526,0.374351425937327,1.2237006508458075,-2.0419282316473923,0.379767079664355,2.76036452972293,0.620166263796198,0,0
527,-0.14148399050123112,0.9767809496529608,-2.0540034970464363,-0.14260443510843035,1.7773408932612647,0.4424157554823249,0,0
528,0.29797286916159144,0.9791928408525735,-1.6299461345273651,0.30066057620422826,2.2107917435593323,0.6195520730709592,0,0
529,-0.15649572137044798,0.9769767384961371,-2.0690369111337628,-0.15774414709810777,1.7630706028188088,0.43636819560661066,0,0
530,-0.7452604089771274,1.059806090356414,-2.7823730614980335,-0.764294270541092,1.405314354822293,0.24096415848166408,0,0
531,-0.7479160993165272,1.301187125472522,-3.2766124733212214,-0.7608863835089087,1.860518236604135,0.2827149105324406,0,0
532,-0.6841401382464092,1.296599043838956,-3.2137032359088664,-0.6935796989854495,1.9055676059657987,0.29887391129003893,0,0
533,-0.22798031770030983,0.8758565651047182,-1.939313598443471,-0.23037326811193512,1.4968171788738738,0.39731845225367446,0,0
534,0.09273272562498025,0.7288804673981908,-1.3381628479390915,0.09327829710457455,1.5205500499963103,0.5506193335524915,0,0
535,0.15065315278652047,0.8748992103598493,-1.5692476705041711,0.15196892442328488,1.8631112349851695,0.5683578332543442,0,0
536,-0.013133916051411018,0.7856784151214715,-1.5539718716170257,-0.013305514752084842,1.5286596565935946,0.49333132959405057,0,0
537,0.29890713040436645,0.9735720629607271,-1.6316909476860628,0.3057832800001594,2.19115163971147,0.6205863302712387,0,0
538,0.15896410355624102,1.1185199099090877,-2.0451396385032594,0.16186480911945475,2.3467136884401594,0.5565074086476243,0,0
539,0.23779837011099983,0.95201250794469094,-1.6477854434694441,0.24350739276538075,2.091560313506027,0.5986231596713042,0,0
540,0.1577942387779774,0.7398979634164288,-1.3067660677008746,0.16187009516841575,1.5996190159881525,0.5844398113311694,0,0
541,0.18839610327050935,0.9516360243759991,-1.692481885524686,0.19266886048801635,2.045365381984814,0.5784660279329635,0,0
542,0.11259803752830483,0.8989243139687239,-1.6576634778576322,0.11472791612658628,1.8709212962268014,0.5498406028525076,0,0
543,-0.02642519448174657,0.7908767980695292,-1.5770370010352428,-0.02678674194789209,1.5262139510134054,0.4866728090047744,0,0
544,-0.09543605228401629,0.7453921092712487,-1.5546795451933912,-0.09651686929358576,1.369924321592607,0.44906075768618614,0,0
545,-0.09955394946185497,0.6462307179367931,-1.3650243300192275,-0.10023939799893473,1.1697942991381034,0.43878387028219046,0,0
546,-0.04474031096972765,1.0599076661880238,-2.12228588637543,-0.045362317038731004,2.036295783009695,0.48316504056505616,0,0
547,0.2078172961086358,1.1870979576692415,-2.1289796070428637,0.21071927672508284,2.5283954513628695,0.5694850557554771,0,0
548,-0.024133746984070833,0.7202006698595284,-1.4363784516800395,-0.024303742390805457,1.3890718041480872,0.48663404397961785,0,0
549,-0.07528875810795316,0.5688866498928481,-1.189284522837904,-0.075960967774201,1.042513355024824,0.44735608702251617,0,0
550,-0.09533501078907704,0.7511608628857764,-1.5662824770800003,-0.09619950313035922,1.380501816713671,0.4495030838650501,0,0
551,-0.1428789026461435,1.0688570869285274,-2.2358151098188097,-0.1448177965308752,1.96106675120225,0.44682999769242493,0,0
552,-0.03677241305927763,0.9821858827303308,-1.9587641681340402,-0.038990914406621904,1.8975500319539025,0.48506734406097785,0,0
553,-0.11104093365149421,0.6132541102035625,-1.3107934230320242,-0.11211607279717975,1.0947840539460807,0.42815694826633865,0,0
554,-0.14711768198470998,0.8613312244107968,-1.8326942438256184,-0.14847264611081526,1.5461157600725892,0.4321894606312826,0,0
555,-0.09106758941651749,0.7101442305127929,-1.4813552726679262,-0.0923438537836952,1.3064580448575183,0.4489802510458897,0,0
556,0.13781790814259545,1.1959133197198726,-2.218844728401444,0.1381475475369993,2.4912154237443622,0.5458728368307237,0,0
557,0.24630768597322106,1.5018140750050268,-2.718844809908199,0.2502434307070743,3.188635437314453,0.5651370955779282,0,0
558,-0.14606598199432308,0.5685156229656901,-1.2570226625224035,-0.1475632690110275,0.973349726568311,0.39861826383687915,0,0
559,-0.09493601363947882,0.5476380031834427,-1.1671083384146799,-0.09561534358569529,0.981082154847084,0.4311860338230923,0,0
560,-0.11760981378724925,0.855985642920336,-1.7937112400057718,-0.11858223595942982,1.5639927930340938,0.44535852215638094,0,0
