priority_rank,catchment_id,catchment_population,malaria_cases,scd_cases,malaria_deaths,scd_deaths,cases_cluster_005,cases_cluster_010,shared_mean_step4,exceed_prob_step4,shared_mean_step5,shared_sd_step5,exceed_prob_step5,hotspot080_step4,hotspot090_step4,hotspot080_step5,hotspot090_step5,robust005_step4,robust010_step4,robust005_step5,robust010_step5,stability_score,stability_class,prioritisation_score,final_typology_005,final_typology_010,rr_malaria_step4,rr_scd_step4,rr_malaria_step5,rr_scd_step5
1,HF2029,28907,14835,4585,368,74,Not significant,Not significant,8.338194019567807,1,7.165915778515545,1.5910885688757104,0.9999966622629947,1,1,1,1,0,0,0,0,4,Moderately stable,0.8263274010568535,Bayesian-only shared hotspot,Bayesian-only shared hotspot,0.0021739562099815503,0.06227842346541849,0.002173897535050138,0.062282582522133964
2,HF2206,20149,13408,3698,95,26,Not significant,Not significant,8.488476320636849,1,7.388336983844775,1.568646864659966,0.9999987614557564,1,1,1,1,0,0,0,0,4,Moderately stable,0.7814225932668237,Bayesian-only shared hotspot,Bayesian-only shared hotspot,0.004044156641261904,0.10338666180475967,0.004044045363146825,0.10339489259163309
3,HF2067,42088,17764,2371,132,11,Not significant,Not significant,7.328746023264651,1,6.152704192686721,1.567877310338201,0.9999564954049402,1,1,1,1,0,0,0,0,4,Moderately stable,0.777922823187798,Bayesian-only shared hotspot,Bayesian-only shared hotspot,0.0012279551021554904,0.015193626648435413,0.0012279363328987804,0.015193929148724375
4,HF1752,8639,16907,2472,104,25,Not significant,Not significant,8.959156288187401,1,7.5973755005662325,1.5061049504699477,0.9999997725106138,1,1,1,1,0,0,0,0,4,Moderately stable,0.7550322303744241,Bayesian-only shared hotspot,Bayesian-only shared hotspot,0.02773955551118738,0.3759707362279668,0.027739029533968312,0.37597677906385873
5,HF1375,16880,22896,957,111,1,Not significant,Not significant,7.3833286823031505,1,7.308026094592312,1.6089992084441056,0.9999972134510006,1,1,1,1,0,0,0,0,4,Moderately stable,0.7502673434764816,Bayesian-only shared hotspot,Bayesian-only shared hotspot,0.009839261562342893,0.03814532916055609,0.009839299392582556,0.03814329809666513
6,HF1125,37541,22309,679,100,11,Not significant,Not significant,6.243508277837911,1,5.436510276721391,1.5096113224573293,0.9998416636482483,1,1,1,1,0,0,0,0,4,Moderately stable,0.7427955272229696,Bayesian-only shared hotspot,Bayesian-only shared hotspot,0.0019382702537214579,0.005473968662966699,0.0019382715837859706,0.005471417293536595
7,HF1408,14010,4879,4387,46,21,Not significant,Not significant,8.982398133354122,1,7.326053067107388,1.5298601297996868,0.9999991607063753,1,1,1,1,0,0,0,0,4,Moderately stable,0.7418999778746715,Bayesian-only shared hotspot,Bayesian-only shared hotspot,0.003044450063656597,0.2536651640124926,0.0030440421667821986,0.25369503929278053
8,HF0494,29288,9391,2603,207,32,Not significant,Not significant,7.760042042440976,1,6.972955260936298,1.5317085746387864,0.9999973481737132,1,1,1,1,0,0,0,0,4,Moderately stable,0.7247571459995431,Bayesian-only shared hotspot,Bayesian-only shared hotspot,0.0013406505733447505,0.03444284848168125,0.0013406052690662813,0.034447713269413364
9,HF2566,18722,14128,1777,679,53,Not significant,Not significant,7.856403489660323,1,7.490893501689143,1.5967972431419701,0.9999986419563034,1,1,1,1,0,0,0,0,4,Moderately stable,0.7227155081030275,Bayesian-only shared hotspot,Bayesian-only shared hotspot,0.004935578023441586,0.057549717928274395,0.004935534864564653,0.057557141268953727
10,HF1831,8783,16436,1408,293,17,Not significant,Not significant,8.398144940379444,1,8.188799753017545,1.602772955641762,0.9999998381902071,1,1,1,1,0,0,0,0,4,Moderately stable,0.7216196993506231,Bayesian-only shared hotspot,Bayesian-only shared hotspot,0.026089530108286997,0.20721563588518435,0.02608946969821077,0.20723795147460258
11,HF1166,82312,11399,1041,216,5,Not significant,Not significant,5.841300663486908,1,4.801438158913242,1.5019549570856283,0.9993051754397111,1,1,1,1,0,0,0,0,4,Moderately stable,0.7200888747283235,Bayesian-only shared hotspot,Bayesian-only shared hotspot,2.060169308511727e-4,0.0017445253374169982,2.060134818574964e-4,0.001744459133696011
12,HF2124,29361,15823,629,6,4,Not significant,Not significant,6.40460043385512,1,6.464767807427959,1.5709527154694418,0.9999806569107538,1,1,1,1,0,0,0,0,4,Moderately stable,0.6986416553411431,Bayesian-only shared hotspot,Bayesian-only shared hotspot,0.002247484942158417,0.008289596821358885,0.002247502994510466,0.008289204111400777
13,HF2305,2347,19599,197,46,5,Not significant,Not significant,7.83227617221122,1,8.41515836374616,1.6095826181029476,0.9999999143981736,1,1,1,1,0,0,0,0,4,Moderately stable,0.6983810973981603,Bayesian-only shared hotspot,Bayesian-only shared hotspot,0.4356586659613945,0.4079782594846083,0.4356681542231708,0.40733093009259
14,HF2490,17047,13471,1315,49,8,Not significant,Not significant,7.6570973178143245,1,7.0142582387381,1.5601975979176708,0.9999965337412622,1,1,1,1,0,0,0,0,4,Moderately stable,0.6982288069546845,Bayesian-only shared hotspot,Bayesian-only shared hotspot,0.005676283274639275,0.05137273104480556,0.005676227095951415,0.05137609707550174
15,HF2222,47543,7492,1818,37,3,Not significant,Not significant,6.916701088005859,1,5.890097864550432,1.555614350108412,0.9999235613458372,1,1,1,1,0,0,0,0,4,Moderately stable,0.6956843720874184,Bayesian-only shared hotspot,Bayesian-only shared hotspot,4.05896766941456e-4,0.009129241096851537,4.058785099087522e-4,0.00913056705216527
16,HF0304,45037,11399,1041,216,17,Not significant,Not significant,6.448369542460671,1,5.840457136305266,1.4795889182490138,0.9999604897051464,1,1,1,1,0,0,0,0,4,Moderately stable,0.6931699732862121,Bayesian-only shared hotspot,Bayesian-only shared hotspot,6.881614652490825e-4,0.005827215747739982,6.881545322300561e-4,0.0058275674651447045
17,HF3222,11456,15823,629,18,12,Not significant,Not significant,7.35046931404663,1,7.596654448157485,1.5910372843105771,0.9999990999229582,1,1,1,1,0,0,0,0,4,Moderately stable,0.6902595296754325,Bayesian-only shared hotspot,Bayesian-only shared hotspot,0.014762927669483804,0.05444901059063632,0.01476307469125101,0.0544513610988974
18,HF3085,84598,10855,217,88,7,Not significant,Not significant,4.2950082956602,0.9999999999999973,4.390881147360072,1.557775554729622,0.9975889716164473,1,1,1,1,0,0,0,0,4,Moderately stable,0.6880819417560805,Bayesian-only shared hotspot,Bayesian-only shared hotspot,1.857178682436183e-4,3.4548376607852836e-4,1.85722080861657e-4,3.4512836354616495e-4
19,HF3019,45503,11157,727,49,19,Not significant,Not significant,6.090891214481449,1,6.048352834416236,1.547025034452012,0.9999537882926807,1,1,1,1,0,0,0,0,4,Moderately stable,0.683272826766242,Bayesian-only shared hotspot,Bayesian-only shared hotspot,6.598209873955283e-4,0.003987824475956151,6.598230249577945e-4,0.003988331750189883
20,HF2330,22447,11399,1041,216,2,Not significant,Not significant,7.1485555096726605,1,6.888322265216722,1.5922491924850062,0.9999924133845135,1,1,1,1,0,0,0,0,4,Moderately stable,0.6798026210725565,Bayesian-only shared hotspot,Bayesian-only shared hotspot,0.0027702098851299034,0.02345720983894449,0.002770196291070478,0.023460669258447222
21,HF1785,39520,13988,328,187,11,Not significant,Not significant,5.469724419532955,1,4.983533649864121,1.540694933963445,0.9993909362392471,1,1,1,1,0,0,0,0,4,Moderately stable,0.675157578372606,Bayesian-only shared hotspot,Bayesian-only shared hotspot,0.0010966475544600279,0.0023892712846828507,0.0010966568926119753,0.002386927296559217
22,HF2353,10906,11399,1041,216,4,Not significant,Not significant,7.874321037807283,1,7.629697449008132,1.5979798499024014,0.9999990996280486,1,1,1,1,0,0,0,0,4,Moderately stable,0.674484670042386,Bayesian-only shared hotspot,Bayesian-only shared hotspot,0.011735411747939305,0.09936975517334602,0.01173535652276437,0.0993850687647357
23,HF1032,51046,11617,551,20,9,Not significant,Not significant,5.707265901065735,1,4.476851908850676,1.4870045432514756,0.9986965590936618,1,1,1,1,0,0,0,0,4,Moderately stable,0.6737084577360009,Bayesian-only shared hotspot,Bayesian-only shared hotspot,5.459147802231699e-4,0.0024025385073332354,5.459089218791468e-4,0.002401278839908522
24,HF1965,65633,7301,802,349,16,Not significant,Not significant,5.800646963717627,1,5.172091195477386,1.56410783005098,0.9995280504725221,1,1,1,1,0,0,0,0,4,Moderately stable,0.6726597192191339,Bayesian-only shared hotspot,Bayesian-only shared hotspot,2.0754631773680198e-4,0.0021139653228703535,2.0754210425775685e-4,0.0021142598080000456
25,HF0216,37804,3525,2191,0,0,Not significant,Not significant,7.299369985218605,1,5.6782047367307555,1.4824474585482035,0.9999360040233733,1,1,1,1,0,0,0,0,4,Moderately stable,0.671255681477194,Bayesian-only shared hotspot,Bayesian-only shared hotspot,3.021107059456117e-4,0.017398856852970022,3.020608403895263e-4,0.017402014878737805
26,HF2801,15455,16513,179,22,8,Not significant,Not significant,5.837841793902927,1,5.773919540087328,1.4907650109248278,0.99994627570423,1,1,1,1,0,0,0,0,4,Moderately stable,0.6703716022847512,Bayesian-only shared hotspot,Bayesian-only shared hotspot,0.0084649897346141,0.008554300806115732,0.008465145438572026,0.008532626670232064
27,HF1609,12997,11399,1041,216,3,Not significant,Not significant,7.697621098262964,1,6.634903553848207,1.540300934894615,0.9999917458825301,1,1,1,1,0,0,0,0,4,Moderately stable,0.6691201909124855,Bayesian-only shared hotspot,Bayesian-only shared hotspot,0.00826310114422115,0.06996798280670208,0.00826295699156908,0.06996548787868538
28,HF1698,44836,7489,1167,419,61,Not significant,Not significant,6.5467385958696065,1,5.480015342715596,1.5622572487301924,0.9997740473077104,1,1,1,1,0,0,0,0,4,Moderately stable,0.668773623879182,Bayesian-only shared hotspot,Bayesian-only shared hotspot,4.561975183227309e-4,0.006590010609081365,4.561806392411347e-4,0.006590676359517475
29,HF2806,16826,9429,1200,268,16,Not significant,Not significant,7.568182838654183,1,7.112381782519801,1.5529131569203911,0.9999976754032476,1,1,1,1,0,0,0,0,4,Moderately stable,0.6685014475933693,Bayesian-only shared hotspot,Bayesian-only shared hotspot,0.004078265247230705,0.0481173317093408,0.004078204678614312,0.04812578735571917
30,HF2927,103509,5434,387,102,22,Not significant,Not significant,4.623224415887251,1,3.4910677433269672,1.492080122688273,0.9903512113575157,1,1,1,1,0,0,0,0,4,Moderately stable,0.6666289358484668,Bayesian-only shared hotspot,Bayesian-only shared hotspot,6.210710869045703e-5,4.1043258718684186e-4,6.210528784822335e-5,4.1028430476958095e-4
31,HF0680,49954,2040,2021,12,5,Not significant,Not significant,6.919653340441242,1,4.9177116915246835,1.4605910897807246,0.999619953625159,1,1,1,1,0,0,0,0,4,Moderately stable,0.6616027669557021,Bayesian-only shared hotspot,Bayesian-only shared hotspot,1.0016256793308302e-4,0.00919059799142125,1.0012730684642746e-4,0.009192630968442046
32,HF0204,25095,11550,601,6,12,Not significant,Not significant,6.506164620915639,1,5.700223377037303,1.4427695372492737,0.9999610694058968,1,1,1,1,0,0,0,0,4,Moderately stable,0.6601229532646733,Bayesian-only shared hotspot,Bayesian-only shared hotspot,0.0022457587775633714,0.0108412409200553,0.002245746450921763,0.010838258437067436
33,HF2445,107529,334,724,3,2,Not significant,Not significant,5.086082286529721,1,3.266163506502799,1.5338371811843803,0.9833896957497275,1,1,1,1,0,0,0,0,4,Moderately stable,0.6439037777488198,Bayesian-only shared hotspot,Bayesian-only shared hotspot,3.553227160996125e-6,7.100869489506842e-4,3.544661467318101e-6,7.108040638315959e-4
34,HF1276,20124,6090,864,39,11,Not significant,Not significant,7.053929632003019,1,7.053694220028163,1.4925480276588774,0.9999988547403779,1,1,1,1,0,0,0,0,4,Moderately stable,0.6382808887956644,Bayesian-only shared hotspot,Bayesian-only shared hotspot,0.001841529444816489,0.02422052978813331,0.0018415060248278107,0.02423050368421132
35,HF0506,17879,4672,434,60,1,High-High,High-High,6.497122510775822,1,6.274105659814789,1.5411205904207206,0.999976607406385,1,1,1,1,1,1,1,1,10,Highly stable,0.6370893047831985,Robust shared hotspot,Robust shared hotspot,0.0017898153266413272,0.015421871584187929,0.001789794794006134,0.015427772669501839
36,HF2891,53557,5434,387,102,22,Not significant,Not significant,5.288708657401225,1,5.037554756779104,1.5489183028705533,0.9994276344552963,1,1,1,1,0,0,0,0,4,Moderately stable,0.6345573746540666,Bayesian-only shared hotspot,Bayesian-only shared hotspot,2.319878263805209e-4,0.0015331193084494833,2.3198719710141688e-4,0.0015334044514261778
37,HF0281,94308,1030,383,6,4,Not significant,Not significant,4.645325272358337,1,3.576143448211773,1.4480509255186156,0.993237271139012,1,1,1,1,0,0,0,0,4,Moderately stable,0.6306946489129863,Bayesian-only shared hotspot,Bayesian-only shared hotspot,1.4193559723026469e-5,4.88685550498116e-4,1.4187954338376416e-5,4.89154866861478e-4
38,HF1113,54227,3938,556,51,5,Not significant,Not significant,5.613341319440278,1,4.785121285461132,1.5204856380588616,0.9991755089562521,1,1,1,1,0,0,0,0,4,Moderately stable,0.6289666765472237,Bayesian-only shared hotspot,Bayesian-only shared hotspot,1.6400614563170712e-4,0.0021469045685462763,1.639969190615037e-4,0.00214747950161459
39,HF3109,26630,4401,661,33,6,Not significant,Not significant,6.500355576291154,1,5.985483293863428,1.5187124250722666,0.9999594551461451,1,1,1,1,0,0,0,0,4,Moderately stable,0.6187792650996623,Bayesian-only shared hotspot,Bayesian-only shared hotspot,7.600094106667256e-4,0.0105822598588466,7.599791582032411e-4,0.010586164513767518
40,HF2145,44637,2628,711,18,12,Not significant,Not significant,6.032401804851743,1,5.044705592020446,1.549922908822335,0.9994326600537132,1,1,1,1,0,0,0,0,4,Moderately stable,0.6185038165805852,Bayesian-only shared hotspot,Bayesian-only shared hotspot,1.6155547432323704e-4,0.004050312070130529,1.6153399691592983e-4,0.004052030800402003
41,HF0718,14181,9051,173,15,6,Not significant,Not significant,5.867289088347034,1,5.455269008407729,1.5321883202613074,0.999814885084816,1,1,1,1,0,0,0,0,4,Moderately stable,0.6177115115963793,Bayesian-only shared hotspot,Bayesian-only shared hotspot,0.0055109524170326805,0.009811369759289038,0.005511049538643226,0.009790384966940222
42,HF0282,46581,1861,724,31,3,Not significant,Not significant,5.993505660104849,1,4.915050985424771,1.4530328947462885,0.9996410040589478,1,1,1,1,0,0,0,0,4,Moderately stable,0.614838201952407,Bayesian-only shared hotspot,Bayesian-only shared hotspot,1.0507544777755586e-4,0.0037866894920586948,1.0505196707820263e-4,0.0037887080030735744
43,HF1421,18583,3771,155,22,4,High-High,High-High,5.456661773975618,1,5.167701484983531,1.4894077111166575,0.9997394171942392,1,1,1,1,1,1,1,1,10,Highly stable,0.614499090914301,Robust shared hotspot,Robust shared hotspot,0.0013372068384577772,0.005114913385744125,0.0013372258253361293,0.005111402512822581
44,HF0465,25852,7898,65,57,0,Not significant,Not significant,4.319183297214475,0.9999999999999896,4.9079472154586545,1.5633304062289337,0.9991535803327819,1,1,1,1,0,0,0,0,4,Moderately stable,0.6132612878859398,Bayesian-only shared hotspot,Bayesian-only shared hotspot,0.0014469653750080688,0.0011232517592810758,0.0014470501974999822,0.001116715258180151
45,HF0975,8327,7821,192,17,5,Not significant,Not significant,6.497356620993227,1,6.142325029211957,1.5828785493166833,0.9999478742639618,1,1,1,1,0,0,0,0,4,Moderately stable,0.6099092144582954,Bayesian-only shared hotspot,Bayesian-only shared hotspot,0.013811270423979886,0.031550363727266724,0.013811499394037278,0.03150486728775553
46,HF1970,48979,1847,556,44,6,Not significant,Not significant,5.687352839936738,1,4.698035504272959,1.5468957195116684,0.9988055627451056,1,1,1,1,0,0,0,0,4,Moderately stable,0.6096004070299519,Bayesian-only shared hotspot,Bayesian-only shared hotspot,9.43196196679261e-5,0.0026305177804580317,9.430100969752533e-5,0.0026320895800227536
47,HF0118,35945,2628,711,18,12,Not significant,Not significant,6.249937381457202,1,4.86315923745896,1.4371675212976238,0.9996426147213245,1,1,1,1,0,0,0,0,4,Moderately stable,0.6091308802487208,Bayesian-only shared hotspot,Bayesian-only shared hotspot,2.491349906377625e-4,0.006245926062133401,2.4909572978152776e-4,0.00624765017569674
48,HF3034,23176,2628,711,18,12,Not significant,Not significant,6.6912954770020585,1,6.388949554160315,1.497640966828605,0.9999900499536192,1,1,1,1,0,0,0,0,4,Moderately stable,0.6085528679124264,Bayesian-only shared hotspot,Bayesian-only shared hotspot,5.992869574108139e-4,0.015024180115304799,5.992348623619756e-4,0.015034209193158106
49,HF0002,20563,2943,720,12,5,Not significant,Not significant,6.828271626851587,1,6.240170521435839,1.5230291619330707,0.999979092035941,1,1,1,1,0,0,0,0,4,Moderately stable,0.6073748181162476,Bayesian-only shared hotspot,Bayesian-only shared hotspot,8.524789159827249e-4,0.01932750607452939,8.524030542578268e-4,0.019337411487402936
50,HF2099,7239,5434,387,102,22,Not significant,Not significant,7.300904793636814,1,7.137646084770914,1.5944285551710653,0.9999962082453885,1,1,1,1,0,0,0,0,4,Moderately stable,0.6069693524998343,Bayesian-only shared hotspot,Bayesian-only shared hotspot,0.012698157436066745,0.08390639385205438,0.01269815471635689,0.08392839621960727
51,HF1617,54737,810,579,100,11,Not significant,Not significant,5.583948654700359,1,4.440673358278312,1.5516859562822558,0.9978940373031532,1,1,1,1,0,0,0,0,4,Moderately stable,0.6067216663610362,Bayesian-only shared hotspot,Bayesian-only shared hotspot,3.31510439249438e-5,0.002192329641421395,3.312944261133567e-5,0.002194452444980388
52,HF0362,28783,6308,148,31,5,Not significant,Not significant,4.991053324238935,1,4.608081005477177,1.5226879861505873,0.9987620875859216,1,1,1,1,0,0,0,0,4,Moderately stable,0.6059538214830055,Bayesian-only shared hotspot,Bayesian-only shared hotspot,9.323272658153897e-4,0.002038534515026124,9.323469970058183e-4,0.002034337880895989
53,HF1769,3752,3938,556,51,5,Not significant,Not significant,8.299438351550666,1,7.900338303926177,1.6004303895299254,0.9999996020774703,1,1,1,1,0,0,0,0,4,Moderately stable,0.605051378435956,Bayesian-only shared hotspot,Bayesian-only shared hotspot,0.03425831327292346,0.44840455946652996,0.034257033007307314,0.44861285469009554
54,HF1015,71146,1665,206,30,9,Not significant,Not significant,4.345842920648948,0.9999999999999991,3.4819865058949415,1.5476409248832559,0.9877713106969731,1,1,1,1,0,0,0,0,4,Moderately stable,0.6048430325108489,Bayesian-only shared hotspot,Bayesian-only shared hotspot,4.0291843349319874e-5,4.625312982618772e-4,4.0286845364321303e-05,4.6275510638446235e-4
55,HF0008,20547,8130,26,0,1,Not significant,Not significant,3.6921166696193364,0.9999999997520923,4.31078801057761,1.5071014643034955,0.9978839116622791,1,1,1,1,0,0,0,0,4,Moderately stable,0.6037199837891507,Bayesian-only shared hotspot,Bayesian-only shared hotspot,0.002357804337177846,7.38277967820184e-4,0.0023579793610492825,7.204870235998399e-4
56,HF2836,13918,6342,142,13,6,Not significant,Not significant,5.683463707021136,1,6.123446020715148,1.601029248915087,0.9999345325388269,1,1,1,1,0,0,0,0,4,Moderately stable,0.6036582925509405,Bayesian-only shared hotspot,Bayesian-only shared hotspot,0.00400885574734191,0.00836743626252762,0.004009038221590221,0.008359652102942127
57,HF1934,21637,2482,737,32,12,Not significant,Not significant,6.792724187046809,1,5.807634234378368,1.5817358919127245,0.9998795212086218,1,1,1,1,0,0,0,0,4,Moderately stable,0.602698425574774,Bayesian-only shared hotspot,Bayesian-only shared hotspot,6.493932488109107e-4,0.017867014693452307,6.49298284572653e-4,0.017875155485876815
58,HF0007,9446,2628,711,18,12,Not significant,Not significant,7.593941462526852,1,6.90714422599927,1.5290134417114059,0.9999968696172667,1,1,1,1,0,0,0,0,4,Moderately stable,0.5995513578472139,Bayesian-only shared hotspot,Bayesian-only shared hotspot,0.0036075809778366675,0.09043966700670124,0.003607177076659571,0.0904875532042224
59,HF0298,25610,4109,71,9,0,Not significant,High-High,4.385742745721343,0.999999999999998,4.400563162745093,1.4750378067758811,0.998574470055055,1,1,1,1,0,1,0,1,7,Highly stable,0.5994758516195585,Bayesian-only shared hotspot,Robust shared hotspot,7.671123480665422e-4,0.0012444069608218442,7.671582861345869e-4,0.0012392204552249808
60,HF2376,20273,1861,724,4,4,Not significant,Not significant,6.829610982505796,1,6.017660660220691,1.5874347393885777,0.9999249210668942,1,1,1,1,0,0,0,0,4,Moderately stable,0.5984917022068669,Bayesian-only shared hotspot,Bayesian-only shared hotspot,5.547317402678086e-4,0.019990650902196656,5.546206766639207e-4,0.020003425850876763
61,HF0715,11149,2628,711,18,12,Not significant,Not significant,7.426064009523273,1,6.333203879762849,1.5543742846018347,0.9999769373424955,1,1,1,1,0,0,0,0,4,Moderately stable,0.5969143214985618,Bayesian-only shared hotspot,Bayesian-only shared hotspot,0.0025896438450742285,0.06492005312790515,0.002589286565954514,0.06494571771187431
62,HF0252,28974,3771,273,10,10,Not significant,Not significant,5.555392612278282,1,4.7425406838483,1.434951714380615,0.9995251478349017,1,1,1,1,0,0,0,0,4,Moderately stable,0.594856250194676,Bayesian-only shared hotspot,Bayesian-only shared hotspot,5.500903171102805e-4,0.003696861685445342,5.500736022073732e-4,0.0036959268519915186
63,HF3141,439,1447,424,35,2,Not significant,Not significant,10.155398526202458,1,9.544625710804423,1.5743394621523548,0.999999999330401,1,1,1,1,0,0,0,0,4,Moderately stable,0.5934099357572366,Bayesian-only shared hotspot,Bayesian-only shared hotspot,0.9199241423482653,24.96334763186414,0.9197335479244174,24.98958811605423
64,HF2278,12616,1861,724,3,9,Not significant,Not significant,7.307035514735875,1,6.201171683066506,1.5741021983877561,0.9999591737743883,1,1,1,1,0,0,0,0,4,Moderately stable,0.5927069322847387,Bayesian-only shared hotspot,Bayesian-only shared hotspot,0.0014324380953099317,0.051619654360143555,0.0014321099217832669,0.05164747228976271
65,HF0022,26312,3772,199,19,4,Not significant,Not significant,5.346468871775357,1,4.440115550349678,1.4598367909919503,0.9988230459590901,1,1,1,1,0,0,0,0,4,Moderately stable,0.5874885231846403,Bayesian-only shared hotspot,Bayesian-only shared hotspot,6.671856673165936e-4,0.0032711830225894646,6.671710528878897e-4,0.0032681228669214422
66,HF2594,9482,4306,137,101,5,Not significant,Not significant,6.017311607369375,1,6.320291632291987,1.5904976306705263,0.9999646299155117,1,1,1,1,0,0,0,0,4,Moderately stable,0.5874739295379862,Bayesian-only shared hotspot,Bayesian-only shared hotspot,0.005864564185608768,0.01737965878802649,0.0058648453749347565,0.017375201830929648
67,HF3171,27126,3398,101,33,4,Not significant,Not significant,4.657927863303647,1,4.823145672107548,1.5369885995479744,0.9991496180407057,1,1,1,1,0,0,0,0,4,Moderately stable,0.5855220501684218,Bayesian-only shared hotspot,Bayesian-only shared hotspot,5.654779698798535e-4,0.0015691809903977038,5.655089855600291e-4,0.0015678367090103786
68,HF0550,29277,2697,226,84,7,Not significant,Not significant,5.347913265670134,1,4.360054325131891,1.479126037372486,0.9983993828501562,1,1,1,1,0,0,0,0,4,Moderately stable,0.583359335150594,Bayesian-only shared hotspot,Bayesian-only shared hotspot,3.8534543480857987e-4,0.0029976600619417665,3.853221136167184e-4,0.002996809196364184
69,HF1250,38980,3224,54,0,0,Not significant,Not significant,3.690953683345791,0.9999999999707895,3.668588738347273,1.519320114014109,0.9921242972045101,1,1,1,1,0,0,0,0,4,Moderately stable,0.5829604806086865,Bayesian-only shared hotspot,Bayesian-only shared hotspot,2.598075974510019e-4,4.10321488328029e-4,2.598272002484209e-4,4.079848567803307e-4
70,HF0093,10903,2290,369,30,7,Not significant,Not significant,6.809453129606814,1,6.176240398405231,1.541439083169429,0.9999692267243,1,1,1,1,0,0,0,0,4,Moderately stable,0.5821250935100564,Bayesian-only shared hotspot,Bayesian-only shared hotspot,0.002359499377874622,0.03524567204131942,0.0023592842694496823,0.035268196734548285
71,HF2009,44937,1801,50,82,0,Not significant,Not significant,3.4498741375517588,0.9999999995372244,3.8460938799018964,1.4398912961718886,0.9962198458710573,1,1,1,1,0,0,0,0,4,Moderately stable,0.5818047581117256,Bayesian-only shared hotspot,Bayesian-only shared hotspot,1.0921519462904772e-4,2.8543590242616906e-4,1.0922981148886137e-4,2.850744839861689e-4
72,HF1313,32937,2093,190,40,4,Not significant,Not significant,5.052417480924643,1,4.329546604522508,1.4735371664335188,0.9983493790056742,1,1,1,1,0,0,0,0,4,Moderately stable,0.5813984534810837,Bayesian-only shared hotspot,Bayesian-only shared hotspot,2.3629355495151006e-4,0.001991676407651726,2.362785389820506e-4,0.001991957597741757
73,HF0887,60614,444,149,1,2,Not significant,Not significant,4.142502592146363,0.999999999999971,3.1720359001467497,1.5357267132033796,0.9805619075493234,1,1,1,1,0,0,0,0,4,Moderately stable,0.5803481839950678,Bayesian-only shared hotspot,Bayesian-only shared hotspot,1.482838267034177e-5,4.602202898536922e-4,1.4815927396991654e-5,4.6132776216464627e-4
74,HF0052,36720,2092,100,19,4,Not significant,Not significant,4.323833518742607,0.9999999999999979,4.1550841374647405,1.5396828524663229,0.9965190613844463,1,1,1,1,0,0,0,0,4,Moderately stable,0.5800547956897608,Bayesian-only shared hotspot,Bayesian-only shared hotspot,1.9000485352322691e-4,8.466990506977876e-4,1.9001053234066204e-4,8.463918960213239e-4
75,HF1591,18565,2139,307,17,3,Low-High,Low-High,6.09521548779323,1,5.336677600254629,1.5132759995287957,0.9997895120945673,1,1,1,1,0,0,0,0,4,Moderately stable,0.5800229827601848,Bayesian-only shared hotspot,Bayesian-only shared hotspot,7.601498284935425e-4,0.010116886525532482,7.600723519247844e-4,0.01012224109864603
76,HF1747,18869,4349,57,24,2,Not significant,Not significant,4.484511421548006,0.9999999999999992,4.472489399370056,1.4818391196412448,0.9987286021346901,1,1,1,1,0,0,0,0,4,Moderately stable,0.5798818776445743,Bayesian-only shared hotspot,Bayesian-only shared hotspot,0.001495632678442179,0.001848529665791591,0.0014957291218514097,0.0018364581137415633
77,HF0327,25071,3771,65,7,4,Not significant,Not significant,4.316867754591229,0.9999999999999941,4.207371256039411,1.550839946225726,0.9966657715196973,1,1,1,1,0,0,0,0,4,Moderately stable,0.5794738668253939,Bayesian-only shared hotspot,Bayesian-only shared hotspot,7.346068970057268e-4,0.001189882040768456,7.34651862277161e-4,0.0011840154538988183
78,HF1234,43021,2139,78,23,3,Not significant,Not significant,3.926636555438006,0.9999999999992731,3.389077101720276,1.4965772960704802,0.9882299071953019,1,1,1,1,0,0,0,0,4,Moderately stable,0.57699077160976,Bayesian-only shared hotspot,Bayesian-only shared hotspot,1.4152697406572055e-4,4.8251227590773757e-4,1.4152947957926762e-4,4.812201638092948e-4
79,HF1354,26873,3324,39,25,1,Not significant,Not significant,3.7561091730304916,0.9999999999756084,3.821992173070763,1.5609420483723975,0.9928277046182256,1,1,1,1,0,0,0,0,4,Moderately stable,0.5732000415137595,Bayesian-only shared hotspot,Bayesian-only shared hotspot,5.635788313598828e-4,6.291955933889602e-4,5.636316752569569e-4,6.230658830436123e-4
80,HF2874,10419,2844,100,32,2,Not significant,Not significant,5.602667942545523,1,5.546270203655639,1.5521902141314354,0.9998236705078667,1,1,1,1,0,0,0,0,4,Moderately stable,0.5718201920344089,Bayesian-only shared hotspot,Bayesian-only shared hotspot,0.00320814348733611,0.01052349949719634,0.003208285833656905,0.01051370425654327
81,HF1754,13722,1374,261,26,0,Low-High,Low-High,6.222441849987996,1,5.633561935512519,1.5503765401223484,0.9998602927229059,1,1,1,1,0,0,0,0,4,Moderately stable,0.5711939237773622,Bayesian-only shared hotspot,Bayesian-only shared hotspot,8.939922370475074e-4,0.015738660598615378,8.938450978481506e-4,0.015756932219754514
82,HF2481,12101,1665,206,19,10,Not significant,Not significant,6.128190115433386,1,5.732685120991341,1.5851642753628596,0.999850670978552,1,1,1,1,0,0,0,0,4,Moderately stable,0.5705135802838304,Bayesian-only shared hotspot,Bayesian-only shared hotspot,0.0013927598060827304,0.015985681119170193,0.0013926552914697622,0.01600190857136714
83,HF0588,27583,1071,157,4,4,Not significant,Not significant,5.020321276922376,1,4.567021676971993,1.57523094025883,0.9981298438253987,1,1,1,1,0,0,0,0,4,Moderately stable,0.5702957426932411,Bayesian-only shared hotspot,Bayesian-only shared hotspot,1.7247342563244736e-4,0.0023454244284510633,1.7244709952231676e-4,0.002349048687545663
84,HF2791,8402,3771,31,22,7,Not significant,Not significant,4.714909883591681,0.9999999999999998,4.824444994233643,1.5076248344466163,0.9993129340481619,1,1,1,1,0,0,0,0,4,Moderately stable,0.5682682656840312,Bayesian-only shared hotspot,Bayesian-only shared hotspot,0.006540432324773323,0.005165388103987117,0.006541080546499865,0.005086403976048324
85,HF2522,11275,2092,100,19,4,Not significant,Not significant,5.510131203488457,1,5.4818331563079195,1.556458855121094,0.9997858401786731,1,1,1,1,0,0,0,0,4,Moderately stable,0.5672054693946427,Bayesian-only shared hotspot,Bayesian-only shared hotspot,0.002015288161791278,0.008977377390600623,0.0020153702836195643,0.008978321906849626
86,HF1697,13885,2897,67,1,0,Not significant,Not significant,4.929920732585861,1,4.543147769146182,1.5615031267583797,0.9981897940410949,1,1,1,1,0,0,0,0,4,Moderately stable,0.5663760285765023,Bayesian-only shared hotspot,Bayesian-only shared hotspot,0.0018399770776738617,0.00399131215790332,0.0018400612642395038,0.0039733587883200045
87,HF0777,33538,444,149,24,5,Not significant,Low-High,4.737139890895663,1,3.992345848406446,1.5299956042969232,0.9954647286046815,1,1,1,1,0,0,0,0,4,Moderately stable,0.5663262156143092,Bayesian-only shared hotspot,Bayesian-only shared hotspot,4.843573109594083e-5,0.0015030887414468304,4.839910133015334e-5,0.0015073615199947008
88,HF2705,36682,1268,34,17,1,Not significant,Not significant,3.269322768706838,0.9999999945101045,3.422578829544673,1.5586736031611566,0.9859478644865125,1,1,1,1,0,0,0,0,4,Moderately stable,0.5633767943357041,Bayesian-only shared hotspot,Bayesian-only shared hotspot,1.1539893818876903e-4,2.9344504000414906e-4,1.1541701538308699e-4,2.9245732609110197e-4
89,HF1431,3748,1817,92,17,10,Not significant,Not significant,6.534008458073437,1,6.113565030927438,1.568642532800983,0.9999513765442425,1,1,1,1,0,0,0,0,4,Moderately stable,0.5628197604670889,Bayesian-only shared hotspot,Bayesian-only shared hotspot,0.015840876249093236,0.07476191338175744,0.015840869329464744,0.07470034421337358
90,HF0263,10779,299,373,50,13,Not significant,Not significant,6.751989767319119,1,5.19113079920057,1.499444626941341,0.9997319469614824,1,1,1,1,0,0,0,0,4,Moderately stable,0.561771296041569,Bayesian-only shared hotspot,Bayesian-only shared hotspot,3.165350822940076e-4,0.03638847189548023,3.158220017666729e-4,0.03644957720094422
91,HF0854,20865,1587,86,5,3,Not significant,Not significant,4.73438179423618,1,3.9913206679072806,1.5013761398099836,0.9960748513346174,1,1,1,1,0,0,0,0,4,Moderately stable,0.5601323469948933,Bayesian-only shared hotspot,Bayesian-only shared hotspot,4.464577758976583e-4,0.0022558646861595166,4.4644127683785034e-4,0.0022524989535613682
92,HF2837,7996,1828,30,5,0,Not significant,Not significant,4.700960435580975,0.9999999999999999,5.2285493457111425,1.6003721652965266,0.9994566916926723,1,1,1,1,0,0,0,0,4,Moderately stable,0.5581484813509285,Bayesian-only shared hotspot,Bayesian-only shared hotspot,0.003500812969431771,0.005489268985133791,0.003501483384702643,0.005453249343520719
93,HF3149,5362,189,295,17,3,Not significant,Not significant,7.208067535007126,1,5.726714439678644,1.4961344997868744,0.9999353199132589,1,1,1,1,0,0,0,0,4,Moderately stable,0.5574520325893868,Bayesian-only shared hotspot,Bayesian-only shared hotspot,8.109916441488166e-4,0.11622273306820476,8.080087403622196e-4,0.1165102792436183
94,HF1312,38659,1382,17,38,0,Not significant,Not significant,2.572955727166028,0.9999901784218205,2.7997611516833305,1.499573597158705,0.9690518714754381,1,1,1,1,0,0,0,0,4,Moderately stable,0.5549202135156593,Bayesian-only shared hotspot,Bayesian-only shared hotspot,1.1321810839740585e-4,1.3709252182278074e-4,1.1324524975494588e-4,1.3450002909559737e-4
95,HF2512,15960,745,43,10,3,Not significant,Not significant,4.305261003161996,0.9999999999999912,4.39053613936247,1.551075819952864,0.99767724597905,1,1,1,1,0,0,0,0,4,Moderately stable,0.5521274798725782,Bayesian-only shared hotspot,Bayesian-only shared hotspot,3.5830491466150473e-4,0.0019392376538384802,3.583415459048643e-4,0.0019433382159036057
96,HF2028,8613,1821,39,2,0,Low-High,Low-High,4.872606004906446,1,4.341690923275092,1.5455108525810068,0.9975169696709131,1,1,1,1,0,0,0,0,4,Moderately stable,0.5517741468085405,Bayesian-only shared hotspot,Bayesian-only shared hotspot,0.0030057924534587664,0.0060924786392082915,0.0030059897160646565,0.006036884386474298
97,HF2513,6376,1281,16,14,1,Not significant,Not significant,4.3215281948636886,0.9999999999997743,4.7670136011715565,1.542762363590439,0.9989989508101976,1,1,1,1,0,0,0,0,4,Moderately stable,0.5490417812131309,Bayesian-only shared hotspot,Bayesian-only shared hotspot,0.003857989722936212,0.004745393120440833,0.0038590951179528683,0.004669768917615956
98,HF0883,30893,2279,9,60,0,Not significant,Not significant,2.2643543969699724,0.9997749956580064,2.617983003396908,1.509189736691341,0.9586025267278736,1,1,1,1,0,0,0,0,4,Moderately stable,0.5482938525069787,Bayesian-only shared hotspot,Bayesian-only shared hotspot,2.923353594187679e-4,1.2370678221710496e-4,2.9240179429002196e-4,1.1623278934961109e-4
99,HF0203,7544,1382,17,55,1,Not significant,Not significant,4.2141613984543795,0.9999999999993122,4.310532330587694,1.4203603058756173,0.9987965880486076,1,1,1,1,0,0,0,0,4,Moderately stable,0.5473995225404943,Bayesian-only shared hotspot,Bayesian-only shared hotspot,0.002973131883355007,0.0035925914961550016,0.002973794883296468,0.003518329435449804
100,HF2601,29704,4936,1,5,0,Not significant,Not significant,1.036962059330757,0.8929582525310533,2.354632279714571,1.6425770810448836,0.9241423296434489,1,0,1,1,0,0,0,0,3,Borderline stable,0.5453323553355601,Bayesian-only shared hotspot,Bayesian-only shared hotspot,6.848402779026706e-4,3.9692141875278614e-5,6.849801748026876e-4,2.8275066505224538e-5
101,HF2984,4819,1527,4,7,0,Not significant,Not significant,3.447302805343432,0.9999995165720319,4.351959004645402,1.5976387159566257,0.9967751205400573,1,1,1,1,0,0,0,0,4,Moderately stable,0.5449781161011255,Bayesian-only shared hotspot,Bayesian-only shared hotspot,0.008048491291181965,0.0026651869952401203,0.008051984596799636,0.0023966677784259143
102,HF0019,17421,623,15,10,0,Not significant,Not significant,3.2139028344924707,0.9999999566931789,3.5075588294742603,1.4976735687804101,0.990409768323873,1,1,1,1,0,0,0,0,4,Moderately stable,0.5427407463592697,Bayesian-only shared hotspot,Bayesian-only shared hotspot,2.513956146478343e-4,5.920390711760909e-4,2.514932147441645e-4,5.872763706882676e-4
103,HF3353,16796,2124,5,19,1,Not significant,Not significant,2.393201012067314,0.9997401524561745,2.922741263450575,1.508790168662199,0.9736360246735805,1,1,1,1,0,0,0,0,4,Moderately stable,0.541493758421897,Bayesian-only shared hotspot,Bayesian-only shared hotspot,9.216500885879128e-4,2.624549260082502e-4,9.219156756901832e-4,2.350239967209622e-4
104,HF1130,31671,1852,11,1,0,Not significant,Not significant,2.3969336141452025,0.9999299268029953,2.4774039342332386,1.5356134591598454,0.9466602376725871,1,1,1,1,0,0,0,0,4,Moderately stable,0.541074634613919,Bayesian-only shared hotspot,Bayesian-only shared hotspot,2.260389171835405e-4,1.3880228201886357e-4,2.260889329080246e-4,1.3236057213420233e-4
105,HF0499,13401,2649,0,0,0,Not significant,High-High,1.3213758758325975,0.9220176357749773,2.513943065094557,1.6839020182990263,0.9322718731828501,1,1,1,1,0,1,0,1,7,Highly stable,0.5391185089085769,Bayesian-only shared hotspot,Robust shared hotspot,0.001805397206852251,1.288746843175215e-4,0.0018060541095872267,8.224026903039217e-5
106,HF3331,5154,828,4,0,0,Not significant,Not significant,3.3231010526848257,0.9999988586405215,4.160048951349219,1.61658911682086,0.9949640293535472,1,1,1,1,0,0,0,0,4,Moderately stable,0.5386666239911257,Bayesian-only shared hotspot,Bayesian-only shared hotspot,0.003815028691666426,0.00225590369052313,0.003817629269969503,0.002082763813555118
107,HF3146,2071,78,8,1,0,Not significant,Not significant,4.626531315899809,0.9999999999997992,4.488995372772502,1.5309477813839438,0.9983169744193958,1,1,1,1,0,0,0,0,4,Moderately stable,0.5345985804217898,Bayesian-only shared hotspot,Bayesian-only shared hotspot,0.00224257863414624,0.022059849730851868,0.0022411093070425015,0.02263102536960578
108,HF3308,26761,672,9,7,0,Not significant,Not significant,2.322540210013829,0.9998642995455951,2.452551013178797,1.5096546888083078,0.9478736908036205,1,1,1,1,0,0,0,0,4,Moderately stable,0.5289383630300494,Bayesian-only shared hotspot,Bayesian-only shared hotspot,1.1488427794042539e-4,1.5870968829349307e-4,1.1493493515794402e-4,1.5373326597709408e-4
109,HF0921,35279,511,14,5,0,Not significant,Not significant,2.4294523697227954,0.9999666860057145,1.9548292476713096,1.47801345654297,0.9070167565140401,1,1,1,1,0,0,0,0,4,Moderately stable,0.5180375760778386,Bayesian-only shared hotspot,Bayesian-only shared hotspot,5.028682651449699e-5,1.3500994349712728e-4,5.0295706938833894e-5,1.3247541382011084e-4
110,HF1532,23806,760,5,4,0,Not significant,Not significant,1.9523186809373967,0.9976872831594449,2.0987183710270947,1.5712850137999248,0.9091714325597605,1,1,1,1,0,0,0,0,4,Moderately stable,0.5104792582708612,Bayesian-only shared hotspot,Bayesian-only shared hotspot,1.6414478342986218e-4,1.2449875521996034e-4,1.6423028749137418e-4,1.149253290807458e-4
111,HF3236,24292,957,2,3,0,Not significant,Not significant,1.3237891099817953,0.9541038487920702,1.9544767869741135,1.5284154077520844,0.89950924273975,1,1,1,0,0,0,0,0,3,Borderline stable,0.5026831156865025,Bayesian-only shared hotspot,Bayesian-only shared hotspot,1.9846253239150943e-4,6.749855605653741e-5,1.9858960412771066e-4,5.637579410728176e-5
112,HF0202,21561,23,9,0,0,Not significant,Not significant,2.3028720388005084,0.9998225750694416,1.8529157417899742,1.396556030856418,0.9077084521518622,1,1,1,1,0,0,0,0,4,Moderately stable,0.5013675462675427,Bayesian-only shared hotspot,Bayesian-only shared hotspot,6.31032363935626e-6,2.194833237237037e-4,6.234166239965008e-6,2.317018588215887e-4
113,HF2329,32747,14033,580,128,7,Not significant,Not significant,6.210821603152416,1,0.2941556821975886,1.1181444781561638,0.6037535529316664,1,1,0,0,0,0,0,0,2,Borderline stable,0.49442831018554967,No strong hotspot evidence,No strong hotspot evidence,0.0016023537977972245,0.006145133307363733,0.001602249205855446,0.006128780266934509
114,HF0262,13670,151,2,1,0,Not significant,Not significant,1.6482591762925536,0.9800859625151351,1.8896262373919868,1.4857821227948287,0.8982789261129791,1,1,1,0,0,0,0,0,3,Borderline stable,0.48658242340601426,Bayesian-only shared hotspot,Bayesian-only shared hotspot,9.89282048295449e-5,1.8095142197762867e-4,9.912022938782773e-5,1.684511003787934e-4
115,HF0560,10014,2444,0,8,0,Not significant,Not significant,1.5887929102096785,0.9555393469371058,1.7980018196225709,1.617273266335679,0.8668769417832294,1,1,1,0,0,0,0,0,3,Borderline stable,0.4864630435969992,Bayesian-only shared hotspot,Bayesian-only shared hotspot,0.0029829068539234693,2.26836868381279e-4,0.002983868906337564,1.272440159573379e-4
116,HF0752,7103,5466,304,98,2,Not significant,Not significant,7.086403437275955,1,0.9371112698795648,1.1239479794366207,0.7977939868463585,1,1,0,0,0,0,0,0,2,Borderline stable,0.4779821080125449,No strong hotspot evidence,No strong hotspot evidence,0.013266541994845664,0.06849537412464418,0.013264101692674168,0.06815710950092785
117,HF0940,65003,11,31,0,0,Not significant,Not significant,2.3836560459234857,0.9999624401166535,1.0607479646718423,1.4539211815913073,0.7671757147478345,1,1,0,0,0,0,0,0,2,Borderline stable,0.4775405430731468,No strong hotspot evidence,No strong hotspot evidence,3.6419384534374313e-7,8.159352737153643e-5,3.433479359790146e-7,8.394489933461387e-5
118,HF0253,5788,74,0,1,0,Not significant,Low-High,1.2355910328782336,0.8675125904489575,1.6179465511054243,1.7016623155978168,0.8291479420191904,1,0,1,0,0,0,0,0,2,Borderline stable,0.44746357761200767,Bayesian-only shared hotspot,Bayesian-only shared hotspot,2.697309179841515e-4,3.8014002462126407e-4,2.712057647067351e-4,3.5293603446728876e-4
119,HF2708,10418,0,19,0,0,Not significant,Not significant,3.6185980641481317,0.9999999937554884,1.1802320882161177,1.654994330109713,0.7621184596043153,1,1,0,0,0,0,0,0,2,Borderline stable,0.42524307543512574,No strong hotspot evidence,No strong hotspot evidence,2.2882662729731373e-6,0.001866786172998324,1.3504668047203476e-6,0.0019798366931100177
120,HF1629,6620,0,0,0,0,Not significant,Not significant,-3.409417503054592,0.15116065946427337,0.9327983589896016,1.3994464663056498,0.747469579551481,0,0,0,0,0,0,0,0,0,Unstable / weak evidence,0.4041308785493696,No strong hotspot evidence,No strong hotspot evidence,2.698018856100997e-5,4.821370619096289e-4,3.0968542947336677e-6,2.355943384407632e-4
121,HF2186,1735,0,0,0,0,Not significant,Not significant,-2.451459727977672,0.2511392759819362,0.8386632539288741,1.593905961322013,0.7006144625561902,0,0,0,0,0,0,0,0,0,Unstable / weak evidence,0.38248064278200083,No strong hotspot evidence,No strong hotspot evidence,0.0010982256429188846,0.015754585837159447,4.214072833982292e-5,0.002973388993716339
122,HF2205,28991,180,0,3,0,Low-High,Low-High,-0.08419424565836228,0.46791706709210423,0.0330092575062011,1.6987517908395031,0.5077515502057828,0,0,0,0,0,0,0,0,0,Unstable / weak evidence,0.33567155315056246,Discordant cluster area,Discordant cluster area,2.6165096273937513e-5,1.8343227434173664e-5,2.623117373155671e-5,1.4327824674054607e-5
123,HF2410,11325,0,0,0,0,Not significant,Not significant,-3.8264538512662787,0.11612134583278322,0.07889227953283445,1.428412562369925,0.5220226794136043,0,0,0,0,0,0,0,0,0,Unstable / weak evidence,0.32333781050668164,No strong hotspot evidence,No strong hotspot evidence,7.012207368765722e-6,1.3394220291411483e-4,1.0339894221880158e-6,7.804235234785141e-5
124,HF2457,18179,2482,272,12,12,Not significant,Not significant,6.002868982468542,1,-0.2941556450167975,1.118144478176927,0.3962464598847367,1,1,0,0,0,0,0,0,2,Borderline stable,0.3181291624982756,No strong hotspot evidence,No strong hotspot evidence,9.198270836477116e-4,0.009351330396940064,9.194078879877686e-4,0.009305401034147018
125,HF1856,13211,0,0,0,0,Not significant,Not significant,-3.9462019075919623,0.10692625090836083,-0.07889229010016867,1.4284125623678514,0.47797731763950413,0,0,0,0,0,0,0,0,0,Unstable / weak evidence,0.308522065862459,No strong hotspot evidence,No strong hotspot evidence,4.787940964118788e-6,9.317298331945382e-5,7.596511838550064e-7,5.743886053866863e-5
126,HF0650,42103,285,0,1,0,Not significant,Not significant,-0.3424263582829102,0.36910696312838953,-0.5367955881493447,1.7313982554430796,0.3782668343284087,0,0,0,0,0,0,0,0,0,Unstable / weak evidence,0.29908753015829337,No strong hotspot evidence,No strong hotspot evidence,1.9650661753004028e-5,9.379625984747846e-6,1.9682448378225352e-5,6.69583010080861e-6
127,HF1643,40788,0,0,0,0,Not significant,Not significant,-4.836466183650638,0.05267999948177682,-0.9327983707136656,1.3994464662827668,0.25253041776860385,0,0,0,0,0,0,0,0,0,Unstable / weak evidence,0.2490741772277331,No strong hotspot evidence,No strong hotspot evidence,3.188394032646165e-7,7.025168078744693e-6,8.12988781347035e-8,6.318360673443972e-6
128,HF0264,8264,0,0,0,0,Not significant,Not significant,-3.4994879207298903,0.13612596032931612,-0.9349431766727291,1.9391086684749703,0.3148493425669505,0,0,0,0,0,0,0,0,0,Unstable / weak evidence,0.24051717325101002,No strong hotspot evidence,No strong hotspot evidence,1.2819123895183618e-5,2.4175814601003814e-4,2.00915792938047e-6,1.6076152291200652e-4
129,HF0720,376,0,0,0,0,Not significant,Not significant,-1.5227509512015966,0.3604394065300437,-2.153981254815471,5.965450078219952,0.35902129175038344,0,0,0,0,0,0,0,0,0,Unstable / weak evidence,0.23965404630559772,No strong hotspot evidence,No strong hotspot evidence,0.18551353467797588,1.8513807974639591,131.7412125545376,1538.3265919527526
130,HF2190,9064,0,0,0,0,Not significant,Not significant,-3.6714011799805193,0.13002940415287167,-0.8386632606168666,1.5939059612821889,0.2993855359816874,0,0,0,0,0,0,0,0,0,Unstable / weak evidence,0.23655924776070508,No strong hotspot evidence,No strong hotspot evidence,1.2704140351151046e-5,2.340880539296699e-4,1.543700142139265e-6,1.109851886317687e-4
131,HF0889,71727,0,2,0,0,Not significant,Not significant,-0.9553226371056317,0.17448312637777563,-1.703468496631191,1.587265440463951,0.14158854385385378,0,0,0,0,0,0,0,0,0,Unstable / weak evidence,0.23351796502601063,No strong hotspot evidence,No strong hotspot evidence,3.235057686951218e-8,3.647527869531438e-6,2.6320104293910424e-8,5.2616440573973675e-6
132,HF0741,3728,1539,13,19,0,Not significant,Not significant,4.681491386837856,0.9999999999999922,-0.9371112318151887,1.123947979497223,0.20220602271027288,1,1,0,0,0,0,0,0,2,Borderline stable,0.21735072041667092,No strong hotspot evidence,No strong hotspot evidence,0.013557118220689529,0.011518971083969482,0.01355157538828695,0.009963265748637477
133,HF2761,3648,0,0,0,0,Not significant,Not significant,-2.9704078509792673,0.19403162003569507,-1.601695249271459,2.6581652557040996,0.2734018208726092,0,0,0,0,0,0,0,0,0,Unstable / weak evidence,0.21680099142026113,No strong hotspot evidence,No strong hotspot evidence,1.3077502472568224e-4,0.002131770852374923,1.9021560547466293e-5,0.0018407872875504591
134,HF3153,8864,0,0,0,0,Not significant,Not significant,-3.5755669965391528,0.13190730491319014,-1.5089955674479965,2.2240308490976126,0.24872869620012694,0,0,0,0,0,0,0,0,0,Unstable / weak evidence,0.21371469402836593,No strong hotspot evidence,No strong hotspot evidence,1.1418480360845058e-5,2.1741622738798987e-4,1.989800780215622e-6,1.779305031338921e-4
135,HF2673,3990,0,0,0,0,Not significant,Not significant,-3.0383814200409835,0.1884885512853519,-1.8204560924839042,2.89664317921624,0.2648477353925396,0,0,0,0,0,0,0,0,0,Unstable / weak evidence,0.21251799043709038,No strong hotspot evidence,No strong hotspot evidence,1.0729324497427533e-4,0.0018057372815528667,2.099466572492472e-5,0.002452180142726692
136,HF0283,102942,0,0,0,0,Not significant,Not significant,-5.516143649966311,0.024575927928982444,-3.495209891123248,1.9330305247778754,0.03529154893923747,0,0,0,0,0,0,0,0,0,Unstable / weak evidence,0.21220767342751218,No strong hotspot evidence,No strong hotspot evidence,3.4148910936788636e-8,8.384961781978036e-7,1.293559276472508e-8,1.0457028210612263e-6
137,HF1726,10796,0,0,0,0,Not significant,Not significant,-3.820186193617348,0.11845341146176835,-1.5000136990807416,2.102924762975346,0.2378304415400596,0,0,0,0,0,0,0,0,0,Unstable / weak evidence,0.21176936525528559,No strong hotspot evidence,No strong hotspot evidence,8.316028394856622e-6,1.5439441232767255e-4,1.2555833828670021e-6,1.0658809064198883e-4
138,HF1438,2355,0,0,0,0,Not significant,Not significant,-2.794602172895599,0.2260214284478076,-2.138254959610214,3.451648004587673,0.26779742037530907,0,0,0,0,0,0,0,0,0,Unstable / weak evidence,0.20968819646322326,No strong hotspot evidence,No strong hotspot evidence,7.336584968494723e-4,0.010556865818808015,2.2727978368977016e-4,0.022118624026881504
139,HF1390,7587,0,0,0,0,Not significant,Not significant,-3.2725152482905617,0.14594484822998144,-1.8393596133510806,2.473171849788854,0.22852144561312482,0,0,0,0,0,0,0,0,0,Unstable / weak evidence,0.20302170021466903,No strong hotspot evidence,No strong hotspot evidence,1.2350330137852428e-5,2.538950231851657e-4,3.3482252900437243e-6,3.287408198622863e-4
140,HF1419,24695,0,0,0,0,Low-High,Low-High,-4.253839559787543,0.07371328006455591,-1.8875559878568773,2.016768066657362,0.17465432754111532,0,0,0,0,0,0,0,0,0,Unstable / weak evidence,0.19977984393350337,Discordant cluster area,Discordant cluster area,7.838953622153531e-7,1.7761040916367572e-5,2.2936386136591234e-7,1.9233660551367294e-5
141,HF2508,9958,0,0,0,0,Not significant,Not significant,-3.7622490703162828,0.12322999771975107,-1.7696609124046276,2.1116209196424145,0.20099905057108847,0,0,0,0,0,0,0,0,0,Unstable / weak evidence,0.19611398233983884,No strong hotspot evidence,No strong hotspot evidence,1.021714663041539e-5,1.8659748419178887e-4,1.5248998853708866e-6,1.2538746407517827e-4
142,HF3362,3052,0,0,0,0,Not significant,Not significant,-2.9116134639694344,0.20597808775658266,-2.4593834657173197,3.329776213672827,0.23007398123622824,0,0,0,0,0,0,0,0,0,Unstable / weak evidence,0.19477465819133585,No strong hotspot evidence,No strong hotspot evidence,2.5697060293280544e-4,0.003917647535507612,1.1937447256711783e-4,0.009670771182406042
143,HF1600,44898,0,0,0,0,Low-High,Low-High,-4.780216770328201,0.048403683572337486,-2.396214177957635,1.9943151406212094,0.11477432459394454,0,0,0,0,0,0,0,0,0,Unstable / weak evidence,0.19393674296973712,Discordant cluster area,Discordant cluster area,2.089540052005977e-7,4.915047984067326e-6,6.889840459087602e-8,5.762585081775414e-6
144,HF2916,2703,0,0,0,0,Not significant,Not significant,-2.777596456185231,0.21705606654676957,-2.5170146386570305,3.306997152662956,0.22329333301520127,0,0,0,0,0,0,0,0,0,Unstable / weak evidence,0.19165204784120807,No strong hotspot evidence,No strong hotspot evidence,3.271956048492571e-4,0.005075538893196178,1.6726731099883072e-4,0.010203671412012312
145,HF1688,8949,0,0,0,0,Not significant,Low-High,-3.6268871125899427,0.1315945741544028,-1.928217591222596,2.208066975824845,0.19126056250276424,0,0,0,0,0,0,0,0,0,Unstable / weak evidence,0.19059822303306856,No strong hotspot evidence,Discordant cluster area,1.2365189811226987e-5,2.3329770533259616e-4,2.0416275006131315e-6,1.718914951075204e-4
146,HF0290,7616,0,0,0,0,Not significant,Not significant,-3.4953482753394374,0.14148710596276193,-2.2755920985923823,2.6307810125044986,0.19352288661835415,0,0,0,0,0,0,0,0,0,Unstable / weak evidence,0.1875922646492863,No strong hotspot evidence,No strong hotspot evidence,1.7854936986462305e-5,3.270073699641068e-4,4.184089931298504e-6,4.119228978152601e-4
147,HF2108,3020,0,0,0,0,Not significant,Not significant,-2.889766491425729,0.20745867256536488,-3.674441742442752,5.025321861012358,0.23233297249706952,0,0,0,0,0,0,0,0,0,Unstable / weak evidence,0.18660282645715306,No strong hotspot evidence,No strong hotspot evidence,2.576981768975294e-4,0.003972949149113855,0.03674912171051689,1.0750230531936245
148,HF2991,4409,0,0,0,0,Not significant,Not significant,-3.1706982813262594,0.1816068304494658,-2.7953957893278436,3.4480695286024337,0.2087651699274875,0,0,0,0,0,0,0,0,0,Unstable / weak evidence,0.18611276157514967,No strong hotspot evidence,No strong hotspot evidence,1.004120487463695e-4,0.0016932348220366326,6.290449280663681e-5,0.0060839180520514185
149,HF0948,10195,0,0,0,0,Not significant,Not significant,-3.6702132608847777,0.12251372194570975,-2.177881420903887,2.376444106839748,0.1797166496026913,0,0,0,0,0,0,0,0,0,Unstable / weak evidence,0.18588524971737153,No strong hotspot evidence,No strong hotspot evidence,7.764826739997038e-6,1.5020770715631562e-4,1.7576031539710682e-6,1.5932631321001188e-4
150,HF1734,26861,0,0,0,0,Not significant,Low-High,-4.52829965066919,0.0697494344148416,-2.2148209284588423,2.0008507590853037,0.13416002275416894,0,0,0,0,0,0,0,0,0,Unstable / weak evidence,0.1852223269953316,No strong hotspot evidence,Discordant cluster area,8.857424439276277e-7,1.8338344819477902e-5,1.9425595341783548e-7,1.5987252092270915e-5
151,HF1751,10610,0,0,0,0,Low-High,Low-High,-3.800056775875916,0.11986132667442895,-2.2030083993535663,2.3764994732895848,0.17696398946230185,0,0,0,0,0,0,0,0,0,Unstable / weak evidence,0.18512439199901465,Discordant cluster area,Discordant cluster area,8.644532254560535e-6,1.6145824423621934e-4,1.623960010446447e-6,1.4781562797201004e-4
152,HF2211,7013,0,0,0,0,Not significant,Not significant,-3.5391334103083163,0.14724351183938977,-2.0854275172004217,2.274974822574029,0.17965476032090955,0,0,0,0,0,0,0,0,0,Unstable / weak evidence,0.18357368646372021,No strong hotspot evidence,No strong hotspot evidence,2.9182798130702665e-5,5.068816621604025e-4,3.7382028490955505e-6,2.933454695341757e-4
153,HF2501,4903,0,0,0,0,Not significant,Not significant,-3.2093492729331894,0.17195477258515757,-2.62825230088517,3.0106775410801765,0.19133780232800413,0,0,0,0,0,0,0,0,0,Unstable / weak evidence,0.1817029769596898,No strong hotspot evidence,No strong hotspot evidence,6.244804309779884e-5,0.0010547960397677208,2.2531705040469306e-5,0.0018222879105312237
154,HF2280,3782,0,0,0,0,Not significant,Not significant,-3.051563258320652,0.190679586556173,-3.850113859240662,4.947012823434196,0.21820479829839068,0,0,0,0,0,0,0,0,0,Unstable / weak evidence,0.181077628127214,No strong hotspot evidence,No strong hotspot evidence,1.378626246843441e-4,0.002204984675097837,0.017048403790033976,0.5364101432783703
155,HF2528,5756,0,0,0,0,Not significant,Not significant,-3.376706388825152,0.15949897838758942,-2.444319000878149,2.7016179331478285,0.1827959635721047,0,0,0,0,0,0,0,0,0,Unstable / weak evidence,0.1808615942654843,No strong hotspot evidence,No strong hotspot evidence,4.523421382509133e-5,7.557470620767534e-4,9.451299130483333e-6,7.832970220877291e-4
156,HF1595,6851,0,0,0,0,Not significant,Not significant,-3.2754834989274273,0.15160042559100173,-2.8291679658013744,3.1558040578827,0.18499376744158602,0,0,0,0,0,0,0,0,0,Unstable / weak evidence,0.17982347563385967,No strong hotspot evidence,No strong hotspot evidence,1.818282398300068e-5,3.56504349775699e-4,1.3041000966189532e-5,0.0013851831251452521
157,HF0583,44464,0,0,0,0,Not significant,Not significant,-4.852099922776222,0.04876477859712902,-2.7498627765295707,1.9522969987079306,0.07948755844821798,0,0,0,0,0,0,0,0,0,Unstable / weak evidence,0.17858146565818722,No strong hotspot evidence,No strong hotspot evidence,2.3711201853794808e-7,5.343688081196922e-6,6.984357574606594e-8,5.620543412378142e-6
158,HF0698,15464,0,0,0,0,Not significant,Not significant,-3.973998302218547,0.09754037521302061,-2.338850795327859,2.217424036954292,0.1457674876963908,0,0,0,0,0,0,0,0,0,Unstable / weak evidence,0.177736929426453,No strong hotspot evidence,No strong hotspot evidence,2.704446832867664e-6,5.5439891129998354e-5,6.721064148528006e-7,5.7570347259667215e-5
159,HF3214,6196,0,0,0,0,Not significant,Not significant,-3.3926847235421387,0.15565433374585602,-2.9147211073711907,3.2121774891433996,0.18209837440140508,0,0,0,0,0,0,0,0,0,Unstable / weak evidence,0.17756986066206962,No strong hotspot evidence,No strong hotspot evidence,3.4810816968054304e-5,6.085007339776983e-4,1.918425684659762e-5,0.0017920145561279943
160,HF0724,24745,0,0,0,0,Not significant,Not significant,-4.438048692164794,0.07330144313203824,-2.3397216378096113,1.9904339137225617,0.11990072611823022,0,0,0,0,0,0,0,0,0,Unstable / weak evidence,0.17733860750401453,No strong hotspot evidence,No strong hotspot evidence,1.026266727642075e-6,2.1260054657193454e-5,2.2980797435651196e-7,1.8507292170990974e-5
161,HF2140,4459,0,0,0,0,Not significant,Not significant,-3.171319927433367,0.17863157384436013,-3.979811747596325,4.89194063256714,0.2079529511418099,0,0,0,0,0,0,0,0,0,Unstable / weak evidence,0.1771678022897392,No strong hotspot evidence,No strong hotspot evidence,8.791306135120248e-5,0.001442923338715406,0.009826864281474775,0.3252243872050082
162,HF1246,4118,0,0,0,0,Not significant,Not significant,-3.0551163767606018,0.1847485882950517,-2.759575624213765,3.0420519462612776,0.18216563460720214,0,0,0,0,0,0,0,0,0,Unstable / weak evidence,0.1767946852176698,No strong hotspot evidence,No strong hotspot evidence,9.23090685631178e-5,0.001530396707680426,4.1387581219070386e-5,0.0025637389323221594
163,HF0926,51320,0,0,0,0,Not significant,Not significant,-4.952442131205978,0.04365363168546177,-2.8889089804520034,1.8215954269350523,0.05637845757431592,0,0,0,0,0,0,0,0,0,Unstable / weak evidence,0.17586939676756014,No strong hotspot evidence,No strong hotspot evidence,1.663291068580738e-7,3.822243902718679e-6,5.0472914402276345e-8,3.861975265338639e-6
164,HF2292,5048,0,0,0,0,Not significant,Not significant,-3.2622590546889954,0.16971329020233528,-4.078131848654706,4.8516391032088775,0.20029503807248983,0,0,0,0,0,0,0,0,0,Unstable / weak evidence,0.17431440456972971,No strong hotspot evidence,No strong hotspot evidence,6.28988413722016e-5,0.0010520960222649412,0.006527188045729068,0.22407166289869906
165,HF1547,63519,0,0,0,0,Not significant,Not significant,-5.214658769306037,0.03765779853055007,-4.03882324272569,2.28569482842567,0.03861409653313852,0,0,0,0,0,0,0,0,0,Unstable / weak evidence,0.17258282347795595,No strong hotspot evidence,No strong hotspot evidence,1.168144699185457e-7,2.646129883062866e-6,4.348148085469994e-8,3.696024395994776e-6
166,HF0732,5972,0,0,0,0,Not significant,Not significant,-3.3863992905212603,0.1578824971611128,-4.212134411514361,4.7986016081560745,0.19003054814435139,0,0,0,0,0,0,0,0,0,Unstable / weak evidence,0.17059901905559216,No strong hotspot evidence,No strong hotspot evidence,4.017692670736149e-5,6.889953692239942e-4,0.0037789950230228495,0.1360527412612017
167,HF1322,35682,0,0,0,0,Not significant,Not significant,-4.694373451121174,0.05736359138133573,-3.062351820994167,2.2482968928942473,0.0865869099181954,0,0,0,0,0,0,0,0,0,Unstable / weak evidence,0.17057318869901175,No strong hotspot evidence,No strong hotspot evidence,4.08370826881901e-7,8.961125073421153e-6,1.2619565323542178e-7,1.123773027654976e-5
168,HF3241,12615,0,0,0,0,Not significant,Not significant,-3.942953455867667,0.10917131430773108,-2.7740822137760643,2.5821685174739555,0.14133904067315517,0,0,0,0,0,0,0,0,0,Unstable / weak evidence,0.17032851342483402,No strong hotspot evidence,No strong hotspot evidence,5.670993842420448e-6,1.0723068017329508e-4,1.4725952236886014e-6,1.402158428811232e-4
169,HF3145,13500,0,0,0,0,Not significant,Not significant,-3.908400119771447,0.10605051168369173,-2.8950345897797423,2.694323180853786,0.14130062486178707,0,0,0,0,0,0,0,0,0,Unstable / weak evidence,0.17025179697176498,No strong hotspot evidence,No strong hotspot evidence,4.120799091134656e-6,8.284416353754601e-5,1.4443917504840673e-6,1.4810392835461488e-4
170,HF2931,72717,0,0,0,0,Not significant,Not significant,-5.517526888712236,0.036029698763604734,-5.301046590227715,2.859169915334455,0.03186593825264128,0,0,0,0,0,0,0,0,0,Unstable / weak evidence,0.16952560218451945,No strong hotspot evidence,No strong hotspot evidence,1.2320806520233674e-7,2.580260078055507e-6,8.168927993761927e-8,6.488226861936857e-6
171,HF0678,45197,0,0,0,0,Not significant,Not significant,-4.837098161065935,0.0480264182145651,-3.1544299281296055,2.0237509512483896,0.05953315561764794,0,0,0,0,0,0,0,0,0,Unstable / weak evidence,0.1693072798931666,No strong hotspot evidence,No strong hotspot evidence,2.1910419656307624e-7,5.0031353735412345e-6,7.056488085423327e-8,5.64148467989966e-6
172,HF0505,8760,0,0,0,0,Not significant,Not significant,-3.583807337895069,0.13234378239712763,-2.8993832574081226,2.8078512471412154,0.15089589259503922,0,0,0,0,0,0,0,0,0,Unstable / weak evidence,0.16915458980866474,No strong hotspot evidence,No strong hotspot evidence,1.2080185907505235e-5,2.273789446971077e-4,4.637079092577432e-6,4.07049140310078e-4
173,HF2843,27369,0,0,0,0,Not significant,Not significant,-4.419526006944397,0.06949140773989171,-3.0374400299493822,2.398289257106215,0.10266656599843382,0,0,0,0,0,0,0,0,0,Unstable / weak evidence,0.16862614412864188,No strong hotspot evidence,No strong hotspot evidence,7.064341992519521e-7,1.5787684445228643e-5,2.3773317589435324e-7,2.3093897510423078e-5
174,HF3207,26197,0,0,0,0,Not significant,Not significant,-4.506999413840752,0.07079934866663962,-2.9166328495358234,2.297053218110476,0.10209076295454456,0,0,0,0,0,0,0,0,0,Unstable / weak evidence,0.16821897525220514,No strong hotspot evidence,No strong hotspot evidence,9.349874307829258e-7,1.928369014428625e-5,2.4583434709858396e-7,2.212082593577824e-5
175,HF2695,13838,0,0,0,0,Not significant,Not significant,-4.019333579672293,0.10421002918427558,-2.8806481700518116,2.589386929417553,0.13296533157924573,0,0,0,0,0,0,0,0,0,Unstable / weak evidence,0.16775564423955466,No strong hotspot evidence,No strong hotspot evidence,4.602920441548815e-6,8.831433974926637e-5,1.2443307626154038e-6,1.181541800213801e-4
176,HF1207,22757,0,0,0,0,Not significant,Not significant,-4.338343990423226,0.07724118369013733,-2.768254372522105,2.224826171225958,0.1067025919943636,0,0,0,0,0,0,0,0,0,Unstable / weak evidence,0.1677135709496061,No strong hotspot evidence,No strong hotspot evidence,1.1833690836670054e-6,2.4706905629636282e-5,3.137535130478065e-7,2.689722525786701e-5
177,HF3291,12078,0,0,0,0,Not significant,Not significant,-3.9290965489692002,0.11195755392802431,-3.0649793165400623,2.830138729828457,0.13940898938391388,0,0,0,0,0,0,0,0,0,Unstable / weak evidence,0.16701328559218112,No strong hotspot evidence,No strong hotspot evidence,6.639486087084686e-6,1.2396338320645446e-4,2.2976545440050613e-6,2.335751762059724e-4
178,HF3118,10598,0,0,0,0,Not significant,Not significant,-3.725769182159767,0.12021940574643242,-2.8182298951969926,2.5883419324176806,0.13811736507719374,0,0,0,0,0,0,0,0,0,Unstable / weak evidence,0.16699401600947936,No strong hotspot evidence,No strong hotspot evidence,7.4589260823269245e-6,1.4413496270799365e-4,2.2571508425832783e-6,1.9329029197756763e-4
179,HF2734,18187,0,0,0,0,Not significant,Not significant,-4.220861415035302,0.08982413543364576,-3.0504093993986943,2.625704900250399,0.1226687675432927,0,0,0,0,0,0,0,0,0,Unstable / weak evidence,0.16696251367605192,No strong hotspot evidence,No strong hotspot evidence,2.3357204691254083e-6,4.70390146340862e-5,7.155875906519388e-7,7.271321023144612e-5
180,HF0039,30712,0,0,0,0,Low-High,Low-High,-4.57883488768384,0.06358989856000985,-3.210342736514154,2.4037115064048087,0.09084372243707528,0,0,0,0,0,0,0,0,0,Unstable / weak evidence,0.16633687641052702,Discordant cluster area,Discordant cluster area,5.848858038424121e-7,1.2605352091799207e-5,1.942959498799381e-7,1.8170202809735627e-5
181,HF0859,5596,0,0,0,0,Not significant,Not significant,-3.4744145547026735,0.163280691854515,-4.205059375452033,4.56413840960971,0.17844012583465085,0,0,0,0,0,0,0,0,0,Unstable / weak evidence,0.16624348392049654,No strong hotspot evidence,No strong hotspot evidence,7.666143538038655e-5,0.001223843472969789,0.0024754163135981434,0.06898075553148042
182,HF1583,52652,0,0,0,0,Not significant,Not significant,-5.06672162975064,0.04354345318435815,-3.8942664007849275,2.304235967027483,0.045509509964772765,0,0,0,0,0,0,0,0,0,Unstable / weak evidence,0.16591736809245006,No strong hotspot evidence,No strong hotspot evidence,1.8140666652081121e-7,4.027839388439664e-6,6.459507998950221e-8,5.505743230210155e-6
183,HF2749,18606,0,0,0,0,Not significant,Not significant,-4.24726892873616,0.08803123133487123,-2.9852972305847874,2.507848139705086,0.11694814645713802,0,0,0,0,0,0,0,0,0,Unstable / weak evidence,0.16583000415717927,No strong hotspot evidence,No strong hotspot evidence,2.207732978318488e-6,4.394037687305506e-5,6.084297485160469e-7,5.7956101450196055e-5
184,HF0376,11582,0,0,0,0,Not significant,Not significant,-3.8142042387889443,0.11417506556227064,-2.741444349817281,2.438119792522448,0.13041973333835333,0,0,0,0,0,0,0,0,0,Unstable / weak evidence,0.16578265410108953,No strong hotspot evidence,No strong hotspot evidence,6.140072256323538e-6,1.1802868722835533e-4,1.588275198519974e-6,1.3120886831233272e-4
185,HF2375,7819,0,0,0,0,Not significant,Not significant,-3.587543262081492,0.1396142563823699,-4.428791117786293,4.7171370166963955,0.17389805629243038,0,0,0,0,0,0,0,0,0,Unstable / weak evidence,0.165083578304554,No strong hotspot evidence,No strong hotspot evidence,1.982202020120825e-5,3.5320740595342774e-4,0.0016016669925359005,0.06195161383185208
186,HF3047,70531,0,0,0,0,Not significant,Not significant,-5.476342628902256,0.03660045946642532,-5.601586581249265,3.0005051826215228,0.030959093025964224,0,0,0,0,0,0,0,0,0,Unstable / weak evidence,0.16495868489479343,No strong hotspot evidence,No strong hotspot evidence,1.2740660114354816e-7,2.6782142691854477e-6,1.2922151736490228e-7,8.400817896243064e-6
187,HF3226,31784,0,0,0,0,Not significant,Not significant,-4.634340770204157,0.06227151266650843,-3.2206801556208138,2.3289521488751816,0.0833495935600228,0,0,0,0,0,0,0,0,0,Unstable / weak evidence,0.16463837342114895,No strong hotspot evidence,No strong hotspot evidence,5.653603679607353e-7,1.2075377831669357e-5,1.7348478995474046e-7,1.5647059006041126e-5
188,HF0998,41002,0,0,0,0,Not significant,Not significant,-4.846746940591054,0.05225412057982548,-3.5670237929355055,2.36523518335756,0.06576378531245852,0,0,0,0,0,0,0,0,0,Unstable / weak evidence,0.16453981509205395,No strong hotspot evidence,No strong hotspot evidence,3.1570578572660463e-7,6.90744023646067e-6,1.0863959410305806e-7,9.8254693080736e-6
189,HF3137,13976,0,0,0,0,Not significant,Not significant,-3.9927125681095927,0.10329386729471679,-3.0330332581959643,2.6472198750903053,0.12595078302671536,0,0,0,0,0,0,0,0,0,Unstable / weak evidence,0.16430906679052346,No strong hotspot evidence,No strong hotspot evidence,4.148089593141117e-6,8.072416895176728e-5,1.3458389588151468e-6,1.2671068924997083e-4
190,HF2475,9079,0,0,0,0,Not significant,Not significant,-3.733897172663413,0.12953753643802168,-3.3688969883231086,3.181323895690258,0.14480883844812964,0,0,0,0,0,0,0,0,0,Unstable / weak evidence,0.16387015179528827,No strong hotspot evidence,No strong hotspot evidence,1.4503779366091095e-5,2.57982003237332e-4,9.15855678720105e-6,8.115646103107673e-4
191,HF3186,17676,0,0,0,0,Not significant,Not significant,-4.177858070867299,0.09033935019463113,-3.113692491549514,2.5780899005831395,0.11357139020143803,0,0,0,0,0,0,0,0,0,Unstable / weak evidence,0.16283631183135056,No strong hotspot evidence,No strong hotspot evidence,2.3430082182388783e-6,4.684305554697894e-5,7.517979336967619e-7,7.164887765483034e-5
192,HF2819,52231,0,0,0,0,Not significant,Not significant,-5.104722157358721,0.04520690070916833,-4.978450880407949,3.2006731074586057,0.05992080928602306,0,0,0,0,0,0,0,0,0,Unstable / weak evidence,0.16259794287195084,No strong hotspot evidence,No strong hotspot evidence,2.0643543921850947e-7,4.58476630776329e-6,2.4926165179923393e-7,2.7138982598335837e-5
193,HF3083,36153,0,0,0,0,Not significant,Not significant,-4.95408418915696,0.05979744634013784,-3.6685121217600214,2.546011229226613,0.07480843563433481,0,0,0,0,0,0,0,0,0,Unstable / weak evidence,0.16243403680494903,No strong hotspot evidence,No strong hotspot evidence,6.634769277956347e-7,1.3015765987249466e-5,1.6277150857874734e-7,1.6191419139255172e-5
194,HF1722,20993,0,0,0,0,Not significant,Not significant,-4.33979398070438,0.08151407774150654,-2.8541169217788798,2.2052486670190894,0.09779158908565844,0,0,0,0,0,0,0,0,0,Unstable / weak evidence,0.16231724919311555,No strong hotspot evidence,No strong hotspot evidence,1.623469011240303e-6,3.263032624238194e-5,3.753535449016124e-7,3.0674918826636376e-5
195,HF1209,19238,0,0,0,0,Not significant,Not significant,-4.2259886209327435,0.08576836798348975,-3.0750853424103903,2.462337698672546,0.10586034940821643,0,0,0,0,0,0,0,0,0,Unstable / weak evidence,0.16187900029661917,No strong hotspot evidence,No strong hotspot evidence,1.8381890492506673e-6,3.736467264296601e-5,5.582199603688995e-7,5.0334679104897536e-5
196,HF3255,21068,0,0,0,0,Not significant,Not significant,-4.3505613537799075,0.0819408480459679,-3.3630726790626895,2.696325508005268,0.10614743772461832,0,0,0,0,0,0,0,0,0,Unstable / weak evidence,0.16157015362704777,No strong hotspot evidence,No strong hotspot evidence,1.660220177788088e-6,3.355453050037592e-5,5.895378166210636e-7,6.117725290618748e-5
197,HF2830,30916,0,0,0,0,Not significant,Not significant,-4.653199971702347,0.06418348962130715,-3.384009621366399,2.3976016771372066,0.07906122425297268,0,0,0,0,0,0,0,0,0,Unstable / weak evidence,0.16112665563463976,No strong hotspot evidence,No strong hotspot evidence,6.584483722919616e-7,1.3879448450874809e-5,1.9732284720947538e-7,1.8075112251587212e-5
198,HF3188,43122,0,0,0,0,Not significant,Not significant,-4.897473566308562,0.05042492356924466,-3.9974453560107683,2.5580007055169593,0.05905893536971418,0,0,0,0,0,0,0,0,0,Unstable / weak evidence,0.16100731250689926,No strong hotspot evidence,No strong hotspot evidence,2.850407418811879e-7,6.2312275685220465e-6,1.2364908428809204e-7,1.1667004772437193e-5
199,HF3330,15918,0,0,0,0,Not significant,Not significant,-4.047874718003179,0.09666306298744165,-3.2278552390275403,2.6812163619124663,0.11431852322753866,0,0,0,0,0,0,0,0,0,Unstable / weak evidence,0.1606178855638688,No strong hotspot evidence,No strong hotspot evidence,2.8086620388890827e-6,5.7372962655150885e-5,1.0681036869545392e-6,1.0330396208463841e-4
200,HF2652,49953,0,0,0,0,Not significant,Not significant,-5.030304293392684,0.04570346432681194,-5.971725052984411,4.253986506112603,0.08018994935761015,0,0,0,0,0,0,0,0,0,Unstable / weak evidence,0.16026406162158363,No strong hotspot evidence,No strong hotspot evidence,2.0914274045377081e-7,4.638869768840407e-6,7.042966391183521e-6,3.919037658789188e-4
201,HF2019,28213,0,0,0,0,Not significant,Not significant,-4.558686651624731,0.06762575613989097,-3.0399759443948615,2.126342284387713,0.07640532552433943,0,0,0,0,0,0,0,0,0,Unstable / weak evidence,0.16020372571180955,No strong hotspot evidence,No strong hotspot evidence,7.774725781991287e-7,1.627979439112065e-5,1.9674338957668307e-7,1.5843882723184794e-5
202,HF1475,47838,0,0,0,0,Not significant,Not significant,-4.956868748164684,0.047019612499010766,-4.839126730055784,3.1401511734491834,0.06165243411713084,0,0,0,0,0,0,0,0,0,Unstable / weak evidence,0.16012852089248647,No strong hotspot evidence,No strong hotspot evidence,2.1795737504921027e-7,4.914919396784694e-6,2.680457759796861e-7,2.7352207472660635e-5
203,HF3271,16976,0,0,0,0,Not significant,Not significant,-4.176080745716257,0.09229318019407373,-3.0224898806555114,2.413502462404667,0.10522570051607072,0,0,0,0,0,0,0,0,0,Unstable / weak evidence,0.15993253349362488,No strong hotspot evidence,No strong hotspot evidence,2.7203630928588226e-6,5.308207960557864e-5,7.071080458497624e-7,6.0114322827528904e-5
204,HF1533,56800,0,0,0,0,Not significant,Not significant,-5.172226108336028,0.041518996958379795,-4.507294136756832,2.396204212517868,0.029984993984984554,0,0,0,0,0,0,0,0,0,Unstable / weak evidence,0.15984815682418163,No strong hotspot evidence,No strong hotspot evidence,1.642293007429538e-7,3.599404260413397e-6,6.803065328474592e-8,5.108637038320896e-6
205,HF0411,33798,0,0,0,0,Not significant,Not significant,-4.6824973222777375,0.059813410952904156,-3.430311940609229,2.3089003758300106,0.06868046867101196,0,0,0,0,0,0,0,0,0,Unstable / weak evidence,0.15984260738759387,No strong hotspot evidence,No strong hotspot evidence,4.896217068195279e-7,1.0548137480811225e-5,1.5550077999640628e-7,1.3422688160581604e-5
206,HF1165,28965,0,0,0,0,Not significant,Not significant,-4.59433798087205,0.06648439300667386,-3.390622033954053,2.418901117394031,0.08049944042824086,0,0,0,0,0,0,0,0,0,Unstable / weak evidence,0.15976065855730245,No strong hotspot evidence,No strong hotspot evidence,7.48866225613578e-7,1.5599222569550983e-5,2.3384293736947497e-7,2.0987352471235214e-05
207,HF0540,14995,0,0,0,0,Not significant,Not significant,-4.090626937431096,0.09926647941846312,-3.1529482474479624,2.5865820876246772,0.1114290897213932,0,0,0,0,0,0,0,0,0,Unstable / weak evidence,0.15929588448514254,No strong hotspot evidence,No strong hotspot evidence,3.79779311836708e-6,7.27624415527021e-5,1.1160747481117417e-6,9.751685152048751e-5
208,HF0608,45130,0,0,0,0,Not significant,Not significant,-4.979940121467108,0.04905162085285786,-3.827671783780247,2.2560134078152547,0.044881147231626284,0,0,0,0,0,0,0,0,0,Unstable / weak evidence,0.15916714892028272,No strong hotspot evidence,No strong hotspot evidence,2.765487543694984e-7,5.927894036885219e-6,8.627932813215202e-8,6.9777628200648045e-6
209,HF0537,14188,0,0,0,0,Not significant,Not significant,-4.004604980206739,0.10221042397260482,-3.0070537828543378,2.4489717814961005,0.10974521875400867,0,0,0,0,0,0,0,0,0,Unstable / weak evidence,0.15902595777680675,No strong hotspot evidence,No strong hotspot evidence,3.975337205097697e-6,7.714287502346967e-5,1.085112131165741e-6,8.787574073329975e-5
210,HF0873,14170,0,0,0,0,Not significant,Not significant,-3.949983898719971,0.10239243567447454,-3.165582826513121,2.61270931911562,0.11283099251537798,0,0,0,0,0,0,0,0,0,Unstable / weak evidence,0.1589237390572879,No strong hotspot evidence,No strong hotspot evidence,3.6064055329813123e-6,7.181040118855707e-5,1.3220411406466734e-6,1.125268258425765e-4
211,HF0919,22924,0,0,0,0,Not significant,Not significant,-4.375690575731115,0.07688398615762704,-2.9499259438430045,2.137939824257403,0.08382436306456409,0,0,0,0,0,0,0,0,0,Unstable / weak evidence,0.15852646714249433,No strong hotspot evidence,No strong hotspot evidence,1.2265719629393659e-6,2.520005683949606e-5,3.0339469561101056e-07,2.370760526748016e-5
212,HF0103,17771,0,0,0,0,Not significant,Not significant,-4.119812625491933,0.09031301907808109,-3.351785361464025,2.6783340248394905,0.10538624484967007,0,0,0,0,0,0,0,0,0,Unstable / weak evidence,0.15830980717486656,No strong hotspot evidence,No strong hotspot evidence,2.0808267638295246e-6,4.304615242565077e-5,8.823992973551801e-7,8.102044144318492e-5
213,HF1515,40545,0,0,0,0,Not significant,Not significant,-4.854226107509426,0.05271957492155532,-3.784915299893177,2.349662643906686,0.05360800870724147,0,0,0,0,0,0,0,0,0,Unstable / weak evidence,0.1582569504772556,No strong hotspot evidence,No strong hotspot evidence,3.3252307716807114e-7,7.198851924662235e-6,1.1576663207378824e-7,9.715947832052751e-6
214,HF2057,12103,0,0,0,0,Not significant,Not significant,-3.9187986403430486,0.11215958839755347,-4.784533962722126,4.593664474366737,0.1488100423676083,0,0,0,0,0,0,0,0,0,Unstable / weak evidence,0.1576855180689381,No strong hotspot evidence,No strong hotspot evidence,6.487320854911298e-6,1.2251931823898334e-4,4.1562875089494613e-4,0.017856631949245378
215,HF2983,12289,0,0,0,0,Not significant,Not significant,-3.930469820268568,0.11125486852675759,-4.797047092300187,4.589534241601734,0.14796195414333535,0,0,0,0,0,0,0,0,0,Unstable / weak evidence,0.1574702793124238,No strong hotspot evidence,No strong hotspot evidence,6.242884814875047e-6,1.1813271873607969e-4,3.9686336834958544e-4,0.017108961451189196
216,HF2494,17538,0,0,0,0,Low-High,Low-High,-4.172178734931977,0.09214282564800924,-3.7075683604855403,3.036901320927644,0.11107344293949906,0,0,0,0,0,0,0,0,0,Unstable / weak evidence,0.15746730835296163,Discordant cluster area,Discordant cluster area,2.481924169783446e-6,5.070888349084903e-5,1.5977711333836212e-6,1.606330805325145e-4
217,HF1340,39080,0,0,0,0,Not significant,Not significant,-4.7915088930231375,0.053966099570529114,-3.9557543081034776,2.5195427171820395,0.05820422043105211,0,0,0,0,0,0,0,0,0,Unstable / weak evidence,0.15724248169151905,No strong hotspot evidence,No strong hotspot evidence,3.434566128642772e-7,7.531843220513121e-6,1.486748199384569e-7,1.3217302651135357e-5
218,HF0083,8716,0,0,0,0,Not significant,Not significant,-3.8463918121890903,0.13311721520455633,-5.3485536334421555,5.568175743268945,0.1683873233906379,0,0,0,0,0,0,0,0,0,Unstable / weak evidence,0.1572302221759886,No strong hotspot evidence,No strong hotspot evidence,2.482875440145058e-5,4.0584950768201243e-4,0.061328951532648175,0.7442356049554641
219,HF2521,10825,0,0,0,0,Not significant,Not significant,-3.853388288224438,0.11824045964903596,-3.299448861513232,2.794497155908728,0.11886195126819366,0,0,0,0,0,0,0,0,0,Unstable / weak evidence,0.15692874143698224,No strong hotspot evidence,No strong hotspot evidence,8.841970088791884e-6,1.6141068082669546e-4,3.314498317931572e-6,2.5644482657394393e-4
220,HF2622,33949,0,0,0,0,Not significant,Not significant,-4.7331168881891275,0.060225487571470615,-4.05452367197263,2.7885184170149935,0.07297226357092557,0,0,0,0,0,0,0,0,0,Unstable / weak evidence,0.15689670453179777,No strong hotspot evidence,No strong hotspot evidence,5.307322479473872e-7,1.1251113621407814e-5,2.7177257520543437e-7,2.7578532168719918e-5
221,HF2753,22905,0,0,0,0,Not significant,Not significant,-4.3795719726282165,0.07699940026734975,-3.2821765463808625,2.379345241068075,0.0838787543289573,0,0,0,0,0,0,0,0,0,Unstable / weak evidence,0.1560852009763246,No strong hotspot evidence,No strong hotspot evidence,1.240910131580331e-6,2.5478948980076364e-5,3.745917608515308e-7,3.108047128394296e-5
222,HF3264,14470,0,0,0,0,Not significant,Not significant,-4.031094372485772,0.10166265901883453,-3.706459694646251,3.0889569766724874,0.11508781882707309,0,0,0,0,0,0,0,0,0,Unstable / weak evidence,0.1560172947579686,No strong hotspot evidence,No strong hotspot evidence,3.928051108558438e-6,7.673834427258559e-5,2.818404830927508e-6,2.6496665694129753e-4
223,HF2677,39320,0,0,0,0,Not significant,Not significant,-4.839198827117125,0.0543551428222373,-5.768123046903239,4.305654464026939,0.09017757653172076,0,0,0,0,0,0,0,0,0,Unstable / weak evidence,0.15533333643328412,No strong hotspot evidence,No strong hotspot evidence,3.672982209331942e-7,7.949109547584741e-6,1.3638870704422544e-5,7.321742301354807e-4
224,HF1269,14944,0,0,0,0,Not significant,Not significant,-4.080768147907293,0.09999566953205485,-4.9580762158311,4.537577017897298,0.13726926439865705,0,0,0,0,0,0,0,0,0,Unstable / weak evidence,0.1550217826388127,No strong hotspot evidence,No strong hotspot evidence,3.826962315930455e-6,7.421348153710234e-5,2.2053497957450573e-4,0.009921165063777916
225,HF0773,46103,0,0,0,0,Not significant,Not significant,-5.034918189505965,0.049529292297017635,-5.984522073357881,4.143813616455353,0.07434046502548275,0,0,0,0,0,0,0,0,0,Unstable / weak evidence,0.15452967041223561,No strong hotspot evidence,No strong hotspot evidence,2.910519036629896e-7,6.2410799274833915e-6,7.255368706132436e-6,3.140325881476254e-4
226,HF1147,16454,0,0,0,0,Not significant,Not significant,-4.155134980731597,0.09469554856516771,-5.037680510288864,4.5126815421394415,0.1321386164419267,0,0,0,0,0,0,0,0,0,Unstable / weak evidence,0.15405003734794626,No strong hotspot evidence,No strong hotspot evidence,3.0142909566837444e-6,5.914492948604206e-5,1.6571033091263197e-4,0.007605833717160502
227,HF2778,33303,0,0,0,0,Not significant,Not significant,-4.681684381531683,0.06025290670817185,-3.713775443640309,2.3780823731514062,0.059183095639574024,0,0,0,0,0,0,0,0,0,Unstable / weak evidence,0.15397266203810112,No strong hotspot evidence,No strong hotspot evidence,5.131020545642278e-7,1.093644085061472e-5,1.7993565680136853e-7,1.466707002056074e-5
228,HF1092,45814,0,0,0,0,Not significant,Not significant,-4.995973126217303,0.048857119141655914,-4.662734741648682,2.7522458840932593,0.04511779186889231,0,0,0,0,0,0,0,0,0,Unstable / weak evidence,0.1537492704896376,No strong hotspot evidence,No strong hotspot evidence,2.7177497609871455e-7,5.860561761720946e-6,1.7007719275977559e-7,1.3549485759022887e-5
229,HF2400,34572,0,0,0,0,Not significant,Not significant,-4.736979729271195,0.059436152894716376,-5.659148769961428,4.33430660252058,0.0958333963085527,0,0,0,0,0,0,0,0,0,Unstable / weak evidence,0.15368296077593846,No strong hotspot evidence,No strong hotspot evidence,4.984150993362499e-7,1.0641022292672364e-5,1.9539845715188293e-5,0.0010276724832566128
230,HF2167,17234,0,0,0,0,Not significant,Not significant,-4.191009388994083,0.09220329037418884,-5.076065495069467,4.500856439487449,0.12970221534554316,0,0,0,0,0,0,0,0,0,Unstable / weak evidence,0.15364303723849307,No strong hotspot evidence,No strong hotspot evidence,2.6885088621611187e-6,5.304799328027496e-5,1.4452810257963784e-4,0.006696554674942709
231,HF2586,27097,0,0,0,0,Not significant,Not significant,-4.757116162435495,0.0726187679468121,-4.333480326137584,3.1989486616560145,0.08776332586493785,0,0,0,0,0,0,0,0,0,Unstable / weak evidence,0.15362820569720748,No strong hotspot evidence,No strong hotspot evidence,1.4842336926924204e-6,2.7725248627949754e-5,9.124326473573037e-7,9.684565411471405e-5
232,HF1063,42335,0,0,0,0,Not significant,Not significant,-4.897595000570381,0.05125037763597251,-4.44735700912978,2.6844071656902564,0.04878631689789992,0,0,0,0,0,0,0,0,0,Unstable / weak evidence,0.15336986453677956,No strong hotspot evidence,No strong hotspot evidence,3.0567831795454457e-7,6.629331136642438e-6,1.735854564922646e-7,1.4202792986457964e-5
233,HF2565,33385,0,0,0,0,Not significant,Not significant,-4.7092946912025715,0.06086802528917623,-5.629624947474448,4.342194017044783,0.09740281336582846,0,0,0,0,0,0,0,0,0,Unstable / weak evidence,0.15334154209677242,No strong hotspot evidence,No strong hotspot evidence,5.416497050574666e-7,1.1520876307714486e-5,2.155458833441045e-5,0.0011271754384853652
234,HF0429,24780,0,0,0,0,Not significant,Not significant,-4.463033317833955,0.07349274892012725,-3.7945002835685266,2.7220674772123945,0.08166222917383215,0,0,0,0,0,0,0,0,0,Unstable / weak evidence,0.15329285553478111,No strong hotspot evidence,No strong hotspot evidence,1.0720063315971835e-6,2.2026538457349423e-5,4.944780507954409e-7,4.440312463188031e-5
235,HF0438,38773,0,0,0,0,Not significant,Not significant,-4.851097258936408,0.05471360145633153,-4.2252523575635115,2.616704836466134,0.05318539383687526,0,0,0,0,0,0,0,0,0,Unstable / weak evidence,0.153218145994783,No strong hotspot evidence,No strong hotspot evidence,3.918856434412345e-7,8.317853297160004e-6,1.80915954645089e-7,1.5166650804045383e-5
236,HF0401,29137,0,0,0,0,Not significant,Not significant,-4.575191985068793,0.0663911613149083,-4.0516460739421065,2.8137011432015084,0.07493790125382571,0,0,0,0,0,0,0,0,0,Unstable / weak evidence,0.15311505777968468,No strong hotspot evidence,No strong hotspot evidence,7.131449343019907e-7,1.5111364439198691e-5,4.071786206721633e-7,3.823595821925354e-5
237,HF2228,29883,0,0,0,0,Not significant,Not significant,-4.62167204459129,0.06555862540672741,-5.53615539064613,4.36752619664375,0.10247535786252593,0,0,0,0,0,0,0,0,0,Unstable / weak evidence,0.1525358589404441,No strong hotspot evidence,No strong hotspot evidence,7.058384748932942e-7,1.483391376104924e-5,2.9470056942449525e-5,0.0015127706184551077
238,HF1882,22673,0,0,0,0,Not significant,Not significant,-4.4046525771857965,0.07823230926094471,-5.304461151770604,4.432797961167315,0.11572354805906249,0,0,0,0,0,0,0,0,0,Unstable / weak evidence,0.1521473510814643,No strong hotspot evidence,No strong hotspot evidence,1.3739200253856236e-6,2.7995583814665528e-5,6.492150195523371e-5,0.0031726122644124125
239,HF3033,10245,0,0,0,0,Not significant,Not significant,-3.8037457197471363,0.12221324509929288,-2.968845128447959,2.2987004494436674,0.09825963769677493,0,0,0,0,0,0,0,0,0,Unstable / weak evidence,0.1516071139286545,No strong hotspot evidence,No strong hotspot evidence,1.01664673798175e-5,1.8659042732928008e-4,2.0321715256152243e-6,1.2761322277701935e-4
240,HF1483,35867,0,0,0,0,Not significant,Not significant,-4.8262569902659544,0.05843929177031315,-4.574568518435114,2.985352968625982,0.06271957706990161,0,0,0,0,0,0,0,0,0,Unstable / weak evidence,0.15127506969292343,No strong hotspot evidence,No strong hotspot evidence,5.129259824704627e-7,1.066569262035564e-5,4.0027995470152717e-7,3.44226922661282e-5
241,HF3339,29106,0,0,0,0,Not significant,Not significant,-4.604265168606236,0.06608569929743036,-3.5614509626728816,2.2832000829111174,0.05939759828040969,0,0,0,0,0,0,0,0,0,Unstable / weak evidence,0.15125073645829065,No strong hotspot evidence,No strong hotspot evidence,7.43502316929448e-7,1.5384224702873266e-5,2.2095100781400947e-7,1.7167661941510753e-5
242,HF1249,27547,0,0,0,0,Not significant,Not significant,-4.4960580445906455,0.0684250091850549,-3.9168494639575036,2.651401364255957,0.06980094234315004,0,0,0,0,0,0,0,0,0,Unstable / weak evidence,0.15082423254759258,No strong hotspot evidence,No strong hotspot evidence,7.612425328695148e-7,1.6210229942110117e-5,3.772066229307188e-7,3.1984909921801823e-5
243,HF2448,30891,0,0,0,0,Not significant,Low-High,-4.537172706032374,0.06343945121542849,-4.457202244206024,3.027537696741632,0.07048070809952134,0,0,0,0,0,0,0,0,0,Unstable / weak evidence,0.1502104676725577,No strong hotspot evidence,Discordant cluster area,5.397243367628201e-7,1.1935192317655257e-5,5.824131636674251e-7,4.8475010950538076e-5
244,HF1927,16106,0,0,0,0,Low-High,Low-High,-4.069197864395279,0.09568551449961982,-4.1593818193852305,3.292667526714299,0.1032540626602727,0,0,0,0,0,0,0,0,0,Unstable / weak evidence,0.15007256943128885,Discordant cluster area,Discordant cluster area,2.7718795611523393e-6,5.604005284803289e-5,4.150866912232752e-6,2.994629911065427e-4
245,HF0860,19756,0,0,0,0,Not significant,Not significant,-4.369537514374982,0.08570049362989429,-4.1930315891251215,3.1664522924722553,0.09271750470861206,0,0,0,0,0,0,0,0,0,Unstable / weak evidence,0.1495437389080494,No strong hotspot evidence,No strong hotspot evidence,2.2654852054579337e-6,4.384970274310224e-5,1.972149835633904e-6,1.5974062395906688e-4
246,HF1180,21313,0,0,0,0,Not significant,Not significant,-4.358109689957483,0.08101310755357782,-4.144736769636075,3.056556475043495,0.08754717999606032,0,0,0,0,0,0,0,0,0,Unstable / weak evidence,0.14954223159406543,No strong hotspot evidence,No strong hotspot evidence,1.5928286162608646e-6,3.20755678989807e-5,1.3211238983972597e-6,1.1168762160560343e-4
247,HF2578,19268,0,0,0,0,Not significant,Not significant,-4.5299453474121725,0.08938943828693202,-5.99090891144481,5.311278563013894,0.1296684402869075,0,0,0,0,0,0,0,0,0,Unstable / weak evidence,0.14880387912515167,No strong hotspot evidence,No strong hotspot evidence,3.991887910960095e-6,6.942335536974108e-5,0.004222603237424806,0.06544068812293076
248,HF0354,22487,0,0,0,0,Not significant,Not significant,-4.543384261774665,0.07962351091438569,-4.21567173707944,3.0510854443465445,0.08353257268119862,0,0,0,0,0,0,0,0,0,Unstable / weak evidence,0.14871126358310194,No strong hotspot evidence,No strong hotspot evidence,1.9251464337838775e-6,3.6129110056365875e-5,1.1527050407588512e-6,9.757029331578505e-5
249,HF1281,43229,0,0,0,0,Not significant,Not significant,-4.90620259361475,0.05056898446711178,-5.727657153169172,3.6541865519744996,0.058507890355551484,0,0,0,0,0,0,0,0,0,Unstable / weak evidence,0.14819448972630125,No strong hotspot evidence,No strong hotspot evidence,2.881003320547491e-7,6.303410509906836e-6,2.025396189281399e-6,9.36184710357475e-5
250,HF0957,23314,0,0,0,0,Not significant,Not significant,-4.337849011885532,0.07619447822510672,-4.293972982773275,3.070326168920355,0.08097553258611978,0,0,0,0,0,0,0,0,0,Unstable / weak evidence,0.14801245420405945,No strong hotspot evidence,No strong hotspot evidence,1.085242329521706e-6,2.2974814294861375e-5,1.168092137262343e-6,9.282238733968012e-5
251,HF1994,37474,0,0,0,0,Not significant,Not significant,-4.737755715212137,0.05536504288978139,-4.825174419413623,3.008149262298812,0.054353252600615964,0,0,0,0,0,0,0,0,0,Unstable / weak evidence,0.1480042280433109,No strong hotspot evidence,No strong hotspot evidence,3.658109793450379e-7,8.040183739391428e-6,4.315773337399537e-7,3.0153825205664246e-5
252,HF1065,22892,0,0,0,0,Not significant,Not significant,-4.425641797758794,0.07749864981745402,-4.009852332886563,2.786312156165537,0.07505751173391495,0,0,0,0,0,0,0,0,0,Unstable / weak evidence,0.147636057114943,No strong hotspot evidence,No strong hotspot evidence,1.3673043744416034e-6,2.7568577623641634e-5,7.246130336528666e-7,5.7381542019415975e-5
253,HF0446,27853,0,0,0,0,Not significant,Not significant,-4.5850185798542835,0.06837989091124663,-4.431670339633623,2.9804771308439975,0.06852066115764521,0,0,0,0,0,0,0,0,0,Unstable / weak evidence,0.14687695316467725,No strong hotspot evidence,No strong hotspot evidence,8.570586036106764e-7,1.75877834674687e-5,7.052760038881584e-7,5.3672059493142194e-5
254,HF1868,20616,0,0,0,0,Low-High,Low-High,-4.3457597899194065,0.08351758328075942,-5.6966919192044,4.7106455833907726,0.11326939425841809,0,0,0,0,0,0,0,0,0,Unstable / weak evidence,0.14648519105462207,Discordant cluster area,Discordant cluster area,1.8168612367012723e-6,3.6672413478463725e-5,3.6789034901708504e-4,0.007574941655283408
255,HF2937,36257,0,0,0,0,Not significant,Not significant,-4.965480621155191,0.05936125375871182,-4.7801690910160195,2.9295056567437365,0.05136794311728099,0,0,0,0,0,0,0,0,0,Unstable / weak evidence,0.14615447146637217,No strong hotspot evidence,No strong hotspot evidence,6.634182163659972e-7,1.2813999933645783e-5,3.9841927833404165e-7,2.828577754657783e-5
256,HF0092,16039,0,0,0,0,Not significant,Not significant,-4.067751865227193,0.09598018503439154,-4.657185254791476,3.673249420017572,0.10242303973509614,0,0,0,0,0,0,0,0,0,Unstable / weak evidence,0.1460595353673441,No strong hotspot evidence,No strong hotspot evidence,2.811183184637135e-6,5.686334814007372e-5,1.430492971897798e-5,7.07184904024711e-4
257,HF2886,24853,0,0,0,0,Not significant,Not significant,-4.452063097135017,0.07370516857723075,-4.163825313298129,2.763346662777122,0.06593028922558175,0,0,0,0,0,0,0,0,0,Unstable / weak evidence,0.14513967585172768,No strong hotspot evidence,No strong hotspot evidence,1.0507783438727445e-6,2.1893318313570444e-5,6.136803656272929e-7,4.481227548003952e-5
258,HF2932,47889,0,0,0,0,Not significant,Not significant,-5.169265025590537,0.0486984824906066,-5.265684737548723,2.742463780148304,0.02742539696890478,0,0,0,0,0,0,0,0,0,Unstable / weak evidence,0.1450607721934543,No strong hotspot evidence,No strong hotspot evidence,3.220822910729375e-7,6.46775285552304e-6,2.0089175381614862e-7,1.0205253440909606e-5
259,HF0316,15892,0,0,0,0,Not significant,Not significant,-4.122188076729857,0.09592331100572182,-3.779876916242839,2.703064273671579,0.08100138620697928,0,0,0,0,0,0,0,0,0,Unstable / weak evidence,0.14487438411527392,No strong hotspot evidence,No strong hotspot evidence,3.1897207240918784e-6,6.18707035442468e-5,1.4424939982907604e-6,9.478251048926726e-5
260,HF0402,14744,0,0,0,0,Not significant,Not significant,-4.03211286394424,0.10032405729585014,-4.677699137284927,3.6794142778686854,0.10180808298669086,0,0,0,0,0,0,0,0,0,Unstable / weak evidence,0.14448493851781452,No strong hotspot evidence,No strong hotspot evidence,3.6251229627537038e-6,7.111985000733127e-5,1.8718459808416236e-5,8.214166102981242e-4
261,HF1405,32289,0,0,0,0,Not significant,Not significant,-4.683805846291043,0.062034603246807096,-5.4159084584752515,3.633861797520797,0.06805951605660687,0,0,0,0,0,0,0,0,0,Unstable / weak evidence,0.14361970833197296,No strong hotspot evidence,No strong hotspot evidence,5.844207046284686e-7,1.2339220359848814e-5,3.471723372182106e-6,1.5770950991766527e-4
262,HF3036,16320,0,0,0,0,Not significant,Not significant,-4.161845241083443,0.09512737944335248,-3.4200586543523523,2.2958894422865908,0.06815889177728351,0,0,0,0,0,0,0,0,0,Unstable / weak evidence,0.1434241776020756,No strong hotspot evidence,No strong hotspot evidence,3.160009139685567e-6,6.14968790679608e-5,7.955795159205548e-7,5.06677518571553e-5
263,HF1647,35229,0,0,0,0,Not significant,Not significant,-4.8039163499469995,0.058822184931067945,-4.738432122993699,2.7914708013668657,0.04480411597207046,0,0,0,0,0,0,0,0,0,Unstable / weak evidence,0.1432045893515677,No strong hotspot evidence,No strong hotspot evidence,5.223886637528606e-7,1.0835184924962793e-5,3.6240845216629763e-7,2.280804732526704e-5
264,HF1530,29079,0,0,0,0,Not significant,Not significant,-4.635470979863272,0.06660263992828896,-4.366435786209681,2.695628348363107,0.05263535181055379,0,0,0,0,0,0,0,0,0,Unstable / weak evidence,0.14294083117774728,No strong hotspot evidence,No strong hotspot evidence,7.984811330874575e-7,1.6330251176673506e-5,4.295417366922293e-7,2.8741201061754704e-5
265,HF3103,17367,0,0,0,0,Not significant,Not significant,-4.233479314280239,0.09166245635147552,-3.99006268458402,2.753084940272422,0.07362606489878332,0,0,0,0,0,0,0,0,0,Unstable / weak evidence,0.14212435762869816,No strong hotspot evidence,No strong hotspot evidence,2.8310363955577514e-6,5.461859948061658e-5,1.3779172975366489e-6,8.479078751297811e-5
266,HF0615,28603,0,0,0,0,Not significant,Not significant,-4.70959887758232,0.06823094017197884,-4.913211419746137,3.1747939395171243,0.06086309783551391,0,0,0,0,0,0,0,0,0,Unstable / weak evidence,0.1413566453433935,No strong hotspot evidence,No strong hotspot evidence,1.0023804369826113e-6,1.9551899110524253e-5,1.2229601448116668e-6,7.044094254883535e-5
267,HF2249,12609,0,0,0,0,Not significant,Not significant,-3.9997615402308204,0.10951781197693966,-6.350492857751209,5.713663734736422,0.13318579542557962,0,0,0,0,0,0,0,0,0,Unstable / weak evidence,0.1411769599685541,No strong hotspot evidence,No strong hotspot evidence,6.504105603953317e-6,1.196699478523956e-4,0.08330710538961732,0.3498240211998783
268,HF1492,28252,0,0,0,0,Not significant,Not significant,-4.63469507679305,0.06813762550660107,-4.638567292408529,2.841003963846792,0.05126382732508317,0,0,0,0,0,0,0,0,0,Unstable / weak evidence,0.13968840372304547,No strong hotspot evidence,No strong hotspot evidence,8.977508211975667e-7,1.8115084193721326e-5,6.445398351907826e-7,3.7388445315339943e-5
269,HF2900,11614,0,0,0,0,Not significant,Not significant,-3.900431320996382,0.11411867738530623,-5.2603264012996895,4.101299238290097,0.0998161251665376,0,0,0,0,0,0,0,0,0,Unstable / weak evidence,0.13658345751930623,No strong hotspot evidence,No strong hotspot evidence,7.310978873999026e-6,1.3540416168969068e-4,1.8450543660365247e-4,0.002795218523319248
270,HF2879,17100,0,0,0,0,Not significant,Not significant,-4.1952687151081465,0.09241796995761287,-5.5197265149978,3.9913705567820634,0.08334545361467371,0,0,0,0,0,0,0,0,0,Unstable / weak evidence,0.13403150021076582,No strong hotspot evidence,No strong hotspot evidence,2.7833258565094144e-6,5.438756995401982e-5,5.6458551197305105e-5,0.001015873020350844
271,HF1524,29019,0,0,0,0,Not significant,Not significant,-4.657633466880596,0.06695629651227963,-5.497764879242923,3.270959439926562,0.046402777740017886,0,0,0,0,0,0,0,0,0,Unstable / weak evidence,0.1323863636596579,No strong hotspot evidence,No strong hotspot evidence,8.439611610745753e-7,1.7056314925073274e-5,2.2211319292199337e-6,6.767209723574314e-5
272,HF2570,25853,0,0,0,0,Not significant,Not significant,-4.595228643032183,0.07322123996511043,-5.225558073349851,3.1598033496255535,0.049088088900977045,0,0,0,0,0,0,0,0,0,Unstable / weak evidence,0.1323727227942006,No strong hotspot evidence,No strong hotspot evidence,1.223636090998435e-6,2.4351471886247638e-5,2.0084278179173656e-6,6.861972507787218e-5
273,HF1667,25438,0,0,0,0,Not significant,Not significant,-4.546425724290095,0.07276779951074386,-5.3680390525243045,3.2739994329192736,0.050544512570331435,0,0,0,0,0,0,0,0,0,Unstable / weak evidence,0.1314477121331885,No strong hotspot evidence,No strong hotspot evidence,1.1426622871850756e-6,2.2836747864661132e-5,2.914880217054943e-6,8.830940099317277e-5
274,HF1903,5663,0,0,0,0,Not significant,Not significant,-3.5312816239707003,0.16161814317453793,-6.821082077988772,5.832394476828077,0.12109778133056237,0,0,0,0,0,0,0,0,0,Unstable / weak evidence,0.12700425458697404,No strong hotspot evidence,No strong hotspot evidence,8.485943090283122e-5,0.0012948324502084013,0.4376461178022325,0.9499905494816903
275,HF1805,9776,0,0,0,0,Not significant,Not significant,-3.9238135137169277,0.12638035984759544,-6.912599285876192,5.660369035161565,0.11099991530781683,0,0,0,0,0,0,0,0,0,Unstable / weak evidence,0.12663564077076897,No strong hotspot evidence,No strong hotspot evidence,1.8237104624182143e-5,3.054547744556633e-4,0.09304935013108223,0.2462082189146777
276,HF1999,16857,0,0,0,0,Not significant,Not significant,-4.20467805159726,0.09341824780995556,-3.8460938814395615,1.4398912994718813,0.0037801541858584198,0,0,0,0,0,0,0,0,0,Unstable / weak evidence,0.11826073407299656,No strong hotspot evidence,No strong hotspot evidence,3.028103683252007e-6,5.8595381036946716e-5,4.2449894535129623e-7,1.3814176753446064e-5
277,HF2152,18498,0,0,0,0,Not significant,Not significant,-4.281840364899349,0.08881196918207879,-9.263569691487376,5.799049307871272,0.055085053237992065,0,0,0,0,0,0,0,0,0,Unstable / weak evidence,0.09792182245488533,No strong hotspot evidence,No strong hotspot evidence,2.45164013773422e-6,4.801241232641563e-5,0.011941289808840922,0.02901998610992225
278,HF2428,12476,0,0,0,0,Not significant,Not significant,-4.004903763273371,0.11040519996831899,-6.464767807117431,1.570952719874022,1.934309023043923e-5,0,0,0,0,0,0,0,0,0,Unstable / weak evidence,0.09360447703167045,No strong hotspot evidence,No strong hotspot evidence,6.95119782413083e-6,1.2709310895408398e-4,3.6254918812726076e-7,3.2063580527115693e-6
279,HF0966,39980,0,0,0,0,Not significant,Not significant,-4.861450602451018,0.05339358107825076,-16.165530018341396,2.686270871085602,8.838360043839089e-10,0,0,0,0,0,0,0,0,0,Unstable / weak evidence,0.047949614488752124,No strong hotspot evidence,No strong hotspot evidence,3.546834665156184e-7,7.60003433281157e-6,1.1327660092713496e-10,1.195414149576699e-9
280,HF2027,8475,0,0,0,0,Low-High,Low-High,-3.6875608569332057,0.13371267973404088,-17.66035959236458,2.6935137842228785,2.7519653222896068e-11,0,0,0,0,0,0,0,0,0,Unstable / weak evidence,0.007558351142758485,Discordant cluster area,Discordant cluster area,1.744974164770716e-5,3.0530765595696013e-4,1.2020767650371985e-10,1.470475699283551e-9
