catchment_id,area_index,catchment_population,malaria_cases,scd_cases,expected_malaria_cases,expected_scd_cases,shared_mean,shared_sd,malaria_spatial_mean,malaria_spatial_sd,scd_spatial_mean,scd_spatial_sd,exceed_prob_rr_gt1,hotspot_080,hotspot_090,robust_hotspot_005,robust_hotspot_010,hotspot_class_005,hotspot_class_010,rr_malaria,rr_scd
HF0002,1,20563,2943,720,1858.2974547847923,193.00952376605005,6.240170521435839,1.5230291619330707,0.0037165469696157066,0.17131312834815318,-2.3620894249395366e-4,0.1641839577028788,0.999979092035941,1,1,0,0,Bayesian hotspot only,Bayesian hotspot only,8.524030542578268e-4,0.019337411487402936
HF0007,2,9446,2628,711,853.6438145162257,88.66254736634289,6.90714422599927,1.5290134417114059,0.005489550867521835,0.18226860795808417,-0.0016510457115071911,0.17566576155751626,0.9999968696172667,1,1,0,0,Bayesian hotspot only,Bayesian hotspot only,0.003607177076659571,0.0904875532042224
HF0008,3,20547,8130,26,1856.8515198883008,192.85934371546128,4.31078801057761,1.5071014643034955,0.00848103999207952,0.16864108510131395,-0.0060469663361808305,0.16679680534373176,0.9978839116622791,1,1,0,0,Bayesian hotspot only,Bayesian hotspot only,0.0023579793610492825,7.204870235998399e-4
HF0019,4,17421,623,15,1574.3519894862552,163.51791633168108,3.5075588294742603,1.4976735687804101,0.006774640753373703,0.17222313050936464,-0.004686114084034353,0.17111871007022286,0.990409768323873,1,1,0,0,Bayesian hotspot only,Bayesian hotspot only,2.514932147441645e-4,5.872763706882676e-4
HF0022,5,26312,3772,199,2377.839937280429,246.97109319322612,4.440115550349678,1.4598367909919503,0.0013603656244896062,0.1449054923539321,0.0010763283726597714,0.14097501670575605,0.9988230459590901,1,1,0,0,Bayesian hotspot only,Bayesian hotspot only,6.671710528878897e-4,0.0032681228669214422
HF0039,6,30712,0,0,2775.4720338156176,288.27060710513683,-3.210342736514154,2.4037115064048087,-0.011150614226545213,0.15993772989321528,0.010097782239980247,0.15793266541567066,0.09084372243707528,0,0,0,0,Not hotspot,Not hotspot,1.942959498799381e-7,1.8170202809735627e-5
HF0052,7,36720,2092,100,3318.420587448212,344.6632161012186,4.1550841374647405,1.5396828524663229,0.017496136636915297,0.19902239885853087,-0.015479334659348469,0.19361605784684108,0.9965190613844463,1,1,0,0,Bayesian hotspot only,Bayesian hotspot only,1.9001053234066204e-4,8.463918960213239e-4
HF0083,8,8716,0,0,787.6730348637966,81.81058255823042,-5.3485536334421555,5.568175743268945,0.03369170916536604,0.3027090949447349,-0.036429253280927436,0.2937974860784838,0.1683873233906379,0,0,0,0,Not hotspot,Not hotspot,0.061328951532648175,0.7442356049554641
HF0092,9,16039,0,0,1449.4593628017938,150.5461144620764,-4.657185254791476,3.673249420017572,-0.016255652848612336,0.23823789756357094,0.014687224295664419,0.23527133787250024,0.10242303973509614,0,0,0,0,Not hotspot,Not hotspot,1.430492971897798e-5,7.07184904024711e-4
HF0093,10,10903,2290,369,985.3142610279916,102.33831822308241,6.176240398405231,1.541439083169429,-0.013621434368247365,0.18774323067515572,0.0173196644817,0.18527469804075214,0.9999692267243,1,1,0,0,Bayesian hotspot only,Bayesian hotspot only,0.0023592842694496823,0.035268196734548285
HF0103,11,17771,0,0,1605.981815347009,166.80310493831033,-3.351785361464025,2.6783340248394905,-0.019426201079637762,0.23138065548678016,0.018722255901206793,0.22736229142111192,0.10538624484967007,0,0,0,0,Not hotspot,Not hotspot,8.823992973551801e-7,8.102044144318492e-5
HF0118,12,35945,2628,711,3248.3831158994,337.3888699008252,4.86315923745896,1.4371675212976238,0.0045269964527512,0.14652009277003386,-0.0015928782759849535,0.14038737756514544,0.9996426147213245,1,1,0,0,Bayesian hotspot only,Bayesian hotspot only,2.4909572978152776e-4,0.00624765017569674
HF0202,13,21561,23,9,1948.4876439534555,202.37700442152433,1.8529157417899742,1.396556030856418,0.0035844082030830103,0.14252706271108412,-0.002113594386629117,0.13822869270183366,0.9077084521518622,1,1,0,0,Bayesian hotspot only,Bayesian hotspot only,6.234166239965008e-6,2.317018588215887e-4
HF0203,14,7544,1382,17,681.7583036957873,70.8098938526033,4.310532330587694,1.4203603058756173,0.00549808138091634,0.14559962867215287,-0.0028636988953508963,0.14172949948414243,0.9987965880486076,1,1,0,0,Bayesian hotspot only,Bayesian hotspot only,0.002973794883296468,0.003518329435449804
HF0204,15,25095,11550,601,2267.858514216037,235.5480230953181,5.700223377037303,1.4427695372492737,0.0050528797859438436,0.1492702538205263,-0.0017000392342025922,0.1429200726290912,0.9999610694058968,1,1,0,0,Bayesian hotspot only,Bayesian hotspot only,0.002245746450921763,0.010838258437067436
HF0216,16,37804,3525,2191,3416.3826766855173,354.8379145286075,5.6782047367307555,1.4824474585482035,0.004429051282072777,0.1530622342801194,-0.0010819837657085444,0.14594251736589436,0.9999360040233733,1,1,0,0,Bayesian hotspot only,Bayesian hotspot only,3.020608403895263e-4,0.017402014878737805
HF0252,17,28974,3771,273,2618.407355684218,271.95729910993214,4.7425406838483,1.434951714380615,0.004003215777424988,0.14482611214779914,-0.001116704761195318,0.1380891508423521,0.9995251478349017,1,1,0,0,Bayesian hotspot only,Bayesian hotspot only,5.500736022073732e-4,0.0036959268519915186
HF0253,18,5788,74,0,523.0669488058346,54.3276333004862,1.6179465511054243,1.7016623155978168,0.007957696786211945,0.17279884286202946,-0.006768923851748588,0.1712280512842353,0.8291479420191904,1,0,0,0,Bayesian hotspot only,Bayesian hotspot only,2.712057647067351e-4,3.5293603446728876e-4
HF0262,19,13670,151,2,1235.3706271900069,128.31008072177718,1.8896262373919868,1.4857821227948287,0.005316852919673126,0.15047957744415594,-0.0038980362812658102,0.1486029857439886,0.8982789261129791,1,0,0,0,Bayesian hotspot only,Bayesian hotspot only,9.912022938782773e-5,1.684511003787934e-4
HF0263,20,10779,299,373,974.1082655801818,101.17442283101947,5.19113079920057,1.499444626941341,0.001879759455119213,0.15724493800929773,0.001292968359500237,0.1517410866347831,0.9997319469614824,1,1,0,0,Bayesian hotspot only,Bayesian hotspot only,3.158220017666729e-4,0.03644957720094422
HF0264,21,8264,0,0,746.825374037909,77.56799612909778,-0.9349431766727291,1.9391086684749703,0.003091767059892089,0.14881465853052905,-0.002979204509774843,0.1466016136775847,0.3148493425669505,0,0,0,0,Not hotspot,Not hotspot,2.00915792938047e-6,1.6076152291200652e-4
HF0281,22,94308,1030,383,8522.701763645586,885.1987631828356,3.576143448211773,1.4480509255186156,0.004654560316939176,0.1527573338309514,-0.0023383717671444358,0.14805491418679317,0.993237271139012,1,1,0,0,Bayesian hotspot only,Bayesian hotspot only,1.4187954338376416e-5,4.89154866861478e-4
HF0282,23,46581,1861,724,4209.568338342188,437.2210585297076,4.915050985424771,1.4530328947462885,0.005577951178965602,0.15037869765614997,-0.0026357312593013227,0.1458844342201329,0.9996410040589478,1,1,0,0,Bayesian hotspot only,Bayesian hotspot only,1.0505196707820263e-4,0.0037887080030735744
HF0283,24,102942,0,0,9302.964382164864,966.2396729817985,-3.495209891123248,1.9330305247778754,0.0030218756575453036,0.15135086908120546,-0.004199170245063139,0.1510304066845778,0.03529154893923747,0,0,0,0,Not hotspot,Not hotspot,1.293559276472508e-8,1.0457028210612263e-6
HF0290,25,7616,0,0,688.2650107299994,71.48570408025275,-2.2755920985923823,2.6307810125044986,0.0015748565059123263,0.19337443303651464,-0.002385272908582283,0.19068008727418204,0.19352288661835415,0,0,0,0,Not hotspot,Not hotspot,4.184089931298504e-6,4.119228978152601e-4
HF0298,26,25610,4109,71,2314.39954369686,240.38194347364401,4.400563162745093,1.4750378067758811,0.0035902863102593844,0.14314432238221506,-0.0011454486242607077,0.1380692919815642,0.998574470055055,1,1,0,1,Bayesian hotspot only,Robust hotspot,7.671582861345869e-4,0.0012392204552249808
HF0304,27,45037,11399,1041,4070.035620830749,422.72868364789167,5.840457136305266,1.4795889182490138,0.0037235928805888358,0.15132873630968313,-5.62535418672736e-4,0.1449985120303928,0.9999604897051464,1,1,0,0,Bayesian hotspot only,Bayesian hotspot only,6.881545322300561e-4,0.0058275674651447045
HF0316,28,15892,0,0,1436.1748359402773,149.1663352472921,-3.779876916242839,2.703064273671579,0.01985314193274935,0.1802460441283493,-0.02144615769925366,0.17357737717711255,0.08100138620697928,0,0,0,0,Not hotspot,Not hotspot,1.4424939982907604e-6,9.478251048926726e-5
HF0327,29,25071,3771,65,2265.6896118712993,235.32275301943494,4.207371256039411,1.550839946225726,0.03604868541862457,0.2437796064264964,-0.034702942500588106,0.23670993977067006,0.9966657715196973,1,1,0,0,Bayesian hotspot only,Bayesian hotspot only,7.34651862277161e-4,0.0011840154538988183
HF0354,30,22487,0,0,2032.1711260879067,211.06867484934918,-4.21567173707944,3.0510854443465445,0.03676557166705071,0.2669383437687439,-0.03980206443800884,0.26040496190067847,0.08353257268119862,0,0,0,0,Not hotspot,Not hotspot,1.1527050407588512e-6,9.757029331578505e-5
HF0362,31,28783,6308,148,2601.1465078573497,270.1645247560287,4.608081005477177,1.5226879861505873,0.016378753673350007,0.1789196899562526,-0.014132153978251513,0.17370817192669094,0.9987620875859216,1,1,0,0,Bayesian hotspot only,Bayesian hotspot only,9.323469970058183e-4,0.002034337880895989
HF0376,32,11582,0,0,1046.6761231978537,108.71158411994318,-2.741444349817281,2.438119792522448,0.006566145011330572,0.1559804957987403,-0.007526638417543763,0.15489315383242558,0.13041973333835333,0,0,0,0,Not hotspot,Not hotspot,1.588275198519974e-6,1.3120886831233272e-4
HF0401,33,29137,0,0,2633.137817442226,273.48725837530515,-4.0516460739421065,2.8137011432015084,0.012511485091680508,0.23361048866479056,-0.014285996478861456,0.23143078829958694,0.07493790125382571,0,0,0,0,Not hotspot,Not hotspot,4.071786206721633e-7,3.823595821925354e-5
HF0402,34,14744,0,0,1332.4290071170053,138.39091661754813,-4.677699137284927,3.6794142778686854,0.008391434815778115,0.202027356861807,-0.010353213768636942,0.201689586357074,0.10180808298669086,0,0,0,0,Not hotspot,Not hotspot,1.8718459808416236e-5,8.214166102981242e-4
HF0411,35,33798,0,0,3054.356726976434,317.23658436244517,-3.430311940609229,2.3089003758300106,0.011573485327760962,0.20449322520843063,-0.013005588144895953,0.2017406066137882,0.06868046867101196,0,0,0,0,Not hotspot,Not hotspot,1.5550077999640628e-7,1.3422688160581604e-5
HF0429,36,24780,0,0,2239.3916709413584,232.59135334935175,-3.7945002835685266,2.7220674772123945,-0.0057048297038162655,0.16245523423917682,0.004039069731989058,0.16303255912800124,0.08166222917383215,0,0,0,0,Not hotspot,Not hotspot,4.944780507954409e-7,4.440312463188031e-5
HF0438,37,38773,0,0,3503.9521088542892,363.93319384238964,-4.2252523575635115,2.616704836466134,0.006655383247466793,0.17409678672921264,-0.00905754189090969,0.17550285235376506,0.05318539383687526,0,0,0,0,Not hotspot,Not hotspot,1.80915954645089e-7,1.5166650804045383e-5
HF0446,38,27853,0,0,2517.1015419987757,261.43530931555665,-4.431670339633623,2.9804771308439975,-0.0024148446563038227,0.1673649056341757,2.7536839676558817e-4,0.16195600822292924,0.06852066115764521,0,0,0,0,Not hotspot,Not hotspot,7.052760038881584e-7,5.3672059493142194e-5
HF0465,39,25852,7898,65,2336.2693090062953,242.6534167387991,4.9079472154586545,1.5633304062289337,0.035384438033956564,0.26414902697098014,-0.03392491246756885,0.2570589203386385,0.9991535803327819,1,1,0,0,Bayesian hotspot only,Bayesian hotspot only,0.0014470501974999822,0.001116715258180151
HF0494,40,29288,9391,2603,2646.7838280278656,274.90458260273664,6.972955260936298,1.5317085746387864,-0.006375575391125947,0.16145278665647497,0.010134139948253509,0.16259082719522988,0.9999973481737132,1,1,0,0,Bayesian hotspot only,Bayesian hotspot only,0.0013406052690662813,0.034447713269413364
HF0499,41,13401,2649,0,1211.060846742742,125.78517862125355,2.513943065094557,1.6839020182990263,0.004431460719069425,0.18105152240750447,-0.0033571663528552,0.18058713941082205,0.9322718731828501,1,1,0,1,Bayesian hotspot only,Robust hotspot,0.0018060541095872267,8.224026903039217e-5
HF0505,42,8760,0,0,791.6493558291485,82.22357769734953,-2.8993832574081226,2.8078512471412154,-0.009516477044864349,0.19712041971820304,0.00849577789772542,0.19699460324752724,0.15089589259503922,0,0,0,0,Not hotspot,Not hotspot,4.637079092577432e-6,4.07049140310078e-4
HF0506,43,17879,4672,434,1615.7418758983272,167.8168202797845,6.274105659814789,1.5411205904207206,-0.009686810409005297,0.18669860379235123,0.01324997205906932,0.18621858942123812,0.999976607406385,1,1,1,1,Robust hotspot,Robust hotspot,0.001789794794006134,0.015427772669501839
HF0537,44,14188,0,0,1282.1827694639223,133.17215985958848,-3.0070537828543378,2.4489717814961005,0.016578374373933856,0.17420781495921084,-0.0179389432032547,0.1685835440750046,0.10974521875400867,0,0,0,0,Not hotspot,Not hotspot,1.085112131165741e-6,8.787574073329975e-5
HF0540,45,14995,0,0,1355.112110805717,140.74686616115937,-3.1529482474479624,2.5865820876246772,0.022426709323472405,0.19547894766112964,-0.023786155119384176,0.1885366910045877,0.1114290897213932,0,0,0,0,Not hotspot,Not hotspot,1.1160747481117417e-6,9.751685152048751e-5
HF0550,46,29277,2697,226,2645.7897477865276,274.8013338179569,4.360054325131891,1.479126037372486,0.022348029771384777,0.17856495042781556,-0.02006885565516877,0.17160223705244043,0.9983993828501562,1,1,0,0,Bayesian hotspot only,Bayesian hotspot only,3.853221136167184e-4,0.002996809196364184
HF0560,47,10014,2444,0,904.9745033416773,93.99393916224409,1.7980018196225709,1.617273266335679,0.023516539056731667,0.17229727598498035,-0.022651295792827025,0.16587849843596428,0.8668769417832294,1,0,0,0,Bayesian hotspot only,Bayesian hotspot only,0.002983868906337564,1.272440159573379e-4
HF0583,48,44464,0,0,4018.253077350144,417.35036058618147,-2.7498627765295707,1.9522969987079306,0.008454882576711691,0.1566262521569207,-0.009428980014960217,0.15380101569071017,0.07948755844821798,0,0,0,0,Not hotspot,Not hotspot,6.984357574606594e-8,5.620543412378142e-6
HF0588,49,27583,1071,157,2492.7013906204797,258.90102096187127,4.567021676971993,1.57523094025883,-0.020744040113025233,0.31725685090245415,0.023935457144510102,0.3135531396444515,0.9981298438253987,1,1,0,0,Bayesian hotspot only,Bayesian hotspot only,1.7244709952231676e-4,0.002349048687545663
HF0608,50,45130,0,0,4078.4401174166064,423.60160519193886,-3.827671783780247,2.2560134078152547,0.02591737250259178,0.1895581702642878,-0.028278350382524842,0.1841087498433857,0.044881147231626284,0,0,0,0,Not hotspot,Not hotspot,8.627932813215202e-8,6.9777628200648045e-6
HF0615,51,28603,0,0,2584.879740271819,268.4749991869051,-4.913211419746137,3.1747939395171243,0.034210627881142326,0.24195466884704583,-0.03759057641599341,0.23625082448288157,0.06086309783551391,0,0,0,0,Not hotspot,Not hotspot,1.2229601448116668e-6,7.044094254883535e-5
HF0650,52,42103,285,0,3804.8873091866026,395.18941687117666,-0.5367955881493447,1.7313982554430796,0.0447521554606538,0.2645303001370927,-0.04678659337335778,0.25870292672427525,0.3782668343284087,0,0,0,0,Not hotspot,Not hotspot,1.9682448378225352e-5,6.69583010080861e-6
HF0678,53,45197,0,0,4084.494969795665,424.2304841537793,-3.1544299281296055,2.0237509512483896,0.002795275057810405,0.14075242405650074,-0.0038373181129860053,0.14048748301114747,0.05953315561764794,0,0,0,0,Not hotspot,Not hotspot,7.056488085423327e-8,5.64148467989966e-6
HF0680,54,49954,2040,2021,4514.389488708823,468.8808904444519,4.9177116915246835,1.4605910897807246,0.0030342626711693764,0.13160213677342178,-1.4545665677246914e-4,0.1251324552826852,0.999619953625159,1,1,0,0,Bayesian hotspot only,Bayesian hotspot only,1.0012730684642746e-4,0.009192630968442046
HF0698,55,15464,0,0,1397.496077459127,145.1490188940426,-2.338850795327859,2.217424036954292,0.003945099047043579,0.15961297438554564,-0.004612859103530726,0.15991826015557387,0.1457674876963908,0,0,0,0,Not hotspot,Not hotspot,6.721064148528006e-7,5.7570347259667215e-5
HF0715,56,11149,2628,711,1007.5455100615499,104.64733650088469,6.333203879762849,1.5543742846018347,0.01398343112407192,0.21481508261432747,-0.010654698370533441,0.21074876065549158,0.9999769373424955,1,1,0,0,Bayesian hotspot only,Bayesian hotspot only,0.002589286565954514,0.06494571771187431
HF0718,57,14181,9051,173,1281.550172946707,133.1064560874559,5.455269008407729,1.5321883202613074,0.01710661655795761,0.21188992036129037,-0.014419264544361095,0.2066311179642798,0.999814885084816,1,1,0,0,Bayesian hotspot only,Bayesian hotspot only,0.005511049538643226,0.009790384966940222
HF0720,58,376,0,0,33.97947006755249,3.5292311888360075,-2.153981254815471,5.965450078219952,-8.573217058920566e-4,0.2121160343264068,-1.8013100707909877e-4,0.20601418639893018,0.35902129175038344,0,0,0,0,Not hotspot,Not hotspot,131.7412125545376,1538.3265919527526
HF0724,59,24745,0,0,2236.228688355283,232.26283448868884,-2.3397216378096113,1.9904339137225617,0.016516990382845407,0.17266879600974777,-0.017560151166968588,0.16704946801991355,0.11990072611823022,0,0,0,0,Not hotspot,Not hotspot,2.2980797435651196e-7,1.8507292170990974e-5
HF0732,60,5972,0,0,539.695200115488,56.05470388225701,-4.212134411514361,4.7986016081560745,-0.0015973234777762234,0.21221855581033713,-4.379373201880379e-4,0.2061018925280601,0.19003054814435139,0,0,0,0,Not hotspot,Not hotspot,0.0037789950230228495,0.1360527412612017
HF0741,61,3728,1539,13,336.90283088254176,34.99195178718254,-0.9371112318151887,1.123947979497223,0.010346439793329493,0.215881248064044,-0.0112878227767334,0.21574435161682345,0.20220602271027288,0,0,0,0,Not hotspot,Not hotspot,0.01355157538828695,0.009963265748637477
HF0752,62,7103,5466,304,641.9047231112377,66.67055620825043,0.9371112698795648,1.1239479794366207,-0.010346421256817484,0.21588124810008721,0.01128784405597405,0.21574435163148428,0.7977939868463585,0,0,0,0,Not hotspot,Not hotspot,0.013264101692674168,0.06815710950092785
HF0773,63,46103,0,0,4166.371033309501,432.7344295183682,-5.984522073357881,4.143813616455353,0.003566182694612518,0.2742596186712447,-0.00675585722781555,0.27887823606582185,0.07434046502548275,0,0,0,0,Not hotspot,Not hotspot,7.255368706132436e-6,3.140325881476254e-4
HF0777,64,33538,444,149,3030.8602849084455,314.7961585403777,3.992345848406446,1.5299956042969232,-0.004674466613489117,0.16935295484297355,0.006867121292367709,0.17201489928075242,0.9954647286046815,1,1,0,0,Bayesian hotspot only,Bayesian hotspot only,4.839910133015334e-5,0.0015073615199947008
HF0854,65,20865,1587,86,1885.5894759560713,195.844172220913,3.9913206679072806,1.5013761398099836,-0.002495168148302873,0.13512223888465943,0.0045370946807884414,0.13791557683857725,0.9960748513346174,1,1,0,0,Bayesian hotspot only,Bayesian hotspot only,4.4644127683785034e-4,0.0022524989535613682
HF0859,66,5596,0,0,505.7157300479355,52.525472693421,-4.205059375452033,4.56413840960971,-0.012804942353592783,0.3292166352623134,0.011149821014964876,0.33142611826840224,0.17844012583465085,0,0,0,0,Not hotspot,Not hotspot,0.0024754163135981434,0.06898075553148042
HF0860,67,19756,0,0,1785.3681134429976,185.43481746447915,-4.1930315891251215,3.1664522924722553,-0.010308221610416826,0.24737520367216892,0.008582358734753,0.2484620783585281,0.09271750470861206,0,0,0,0,Not hotspot,Not hotspot,1.972149835633904e-6,1.5974062395906688e-4
HF0873,68,14170,0,0,1280.5560927053693,133.00320730267612,-3.165582826513121,2.61270931911562,0.005859765619092187,0.16775712482728844,-0.006979155827493661,0.16753086253677654,0.11283099251537798,0,0,0,0,Not hotspot,Not hotspot,1.3220411406466734e-6,1.125268258425765e-4
HF0883,69,30893,2279,9,2791.8291723321786,289.96951892742226,2.617983003396908,1.509189736691341,0.012846196530902802,0.16250495894184572,-0.011392589390355942,0.15781605134613477,0.9586025267278736,1,1,0,0,Bayesian hotspot only,Bayesian hotspot only,2.9240179429002196e-4,1.1623278934961109e-4
HF0887,70,60614,444,149,5477.743613496348,568.9383491492174,3.1720359001467497,1.5357267132033796,0.004798901475807039,0.18985730073456047,-0.00266152721392386,0.1851065441394412,0.9805619075493234,1,1,0,0,Bayesian hotspot only,Bayesian hotspot only,1.4815927396991654e-5,4.6132776216464627e-4
HF0889,71,71727,0,2,6482.035770040792,673.2477805362773,-1.703468496631191,1.587265440463951,5.514925377631939e-4,0.14161408537866646,-7.82599496835472e-4,0.13568849754427056,0.14158854385385378,0,0,0,0,Not hotspot,Not hotspot,2.6320104293910424e-8,5.2616440573973675e-6
HF0919,72,22924,0,0,2071.6632229483334,215.17046748105486,-2.9499259438430045,2.137939824257403,0.016602348418060752,0.16483601663642472,-0.01782746618907107,0.15886084880994356,0.08382436306456409,0,0,0,0,Not hotspot,Not hotspot,3.0339469561101056e-07,2.370760526748016e-5
HF0921,73,35279,511,14,3188.1960758329374,331.13762529506783,1.9548292476713096,1.47801345654297,0.005769721179140319,0.15829796128097906,-0.004348050112412165,0.15667472759427983,0.9070167565140401,1,1,0,0,Bayesian hotspot only,Bayesian hotspot only,5.0295706938833894e-5,1.3247541382011084e-4
HF0926,74,51320,0,0,4637.836180496793,481.7025122634678,-2.8889089804520034,1.8215954269350523,0.0030094027050731253,0.13527354625317334,-0.0039186075788850165,0.1345885588939295,0.05637845757431592,0,0,0,0,Not hotspot,Not hotspot,5.0472914402276345e-8,3.861975265338639e-6
HF0940,75,65003,11,31,5874.3816297901985,610.1346142763483,1.0607479646718423,1.4539211815913073,0.00301081219352142,0.15329347981770605,-0.0018891296044300102,0.14832511941495247,0.7671757147478345,0,0,0,0,Not hotspot,Not hotspot,3.433479359790146e-7,8.394489933461387e-5
HF0948,76,10195,0,0,921.3316418582385,95.6928509845295,-2.177881420903887,2.376444106839748,0.0022744475323916062,0.17237705370229264,-0.0027194573378999634,0.16939955928026837,0.1797166496026913,0,0,0,0,Not hotspot,Not hotspot,1.7576031539710682e-6,1.5932631321001188e-4
HF0957,77,23314,0,0,2106.907886050316,218.83110621415605,-4.293972982773275,3.070326168920355,0.003054260388968895,0.1907184304807889,-0.004623432253095622,0.19130321726853683,0.08097553258611978,0,0,0,0,Not hotspot,Not hotspot,1.168092137262343e-6,9.282238733968012e-5
HF0966,78,39980,0,0,3613.029822608374,375.2624014086797,-16.165530018341396,2.686270871085602,-0.005393644369402557,0.15626641054186194,-0.002422752379929817,0.15397491186393467,8.838360043839089e-10,0,0,0,0,Not hotspot,Not hotspot,1.1327660092713496e-10,1.195414149576699e-9
HF0975,79,8327,7821,192,752.5187426928447,78.15933007829105,6.142325029211957,1.5828785493166833,0.009223967221251557,0.29474597896688143,-0.006486362961604793,0.2944567609869124,0.9999478742639618,1,1,0,0,Bayesian hotspot only,Bayesian hotspot only,0.013811499394037278,0.03150486728775553
HF0998,80,41002,0,0,3705.3889141217746,384.85515214003715,-3.5670237929355055,2.36523518335756,-0.023692963909118358,0.22038177229084135,0.02189637053824465,0.2126223575291683,0.06576378531245852,0,0,0,0,Not hotspot,Not hotspot,1.0863959410305806e-7,9.8254693080736e-6
HF1015,81,71146,1665,206,6429.530259111941,667.7943674492728,3.4819865058949415,1.5476409248832559,-0.014123388490668083,0.2751015065033519,0.01518736148164478,0.2710444131382417,0.9877713106969731,1,1,0,0,Bayesian hotspot only,Bayesian hotspot only,4.0286845364321303e-05,4.6275510638446235e-4
HF1032,82,51046,11617,551,4613.074545394374,479.13067889713517,4.476851908850676,1.4870045432514756,-0.01402749764536109,0.18775562906641033,0.016109138806800247,0.18320195232865819,0.9986965590936618,1,1,0,0,Bayesian hotspot only,Bayesian hotspot only,5.459089218791468e-4,0.002401278839908522
HF1063,83,42335,0,0,3825.853365185731,397.36702760471377,-4.44735700912978,2.6844071656902564,-0.015184026425053732,0.20004126355433116,0.012996419191627867,0.19561512659523708,0.04878631689789992,0,0,0,0,Not hotspot,Not hotspot,1.735854564922646e-7,1.4202792986457964e-5
HF1065,84,22892,0,0,2068.7713531553504,214.87010737987734,-4.009852332886563,2.786312156165537,-0.021328949120491086,0.24512247528647663,0.01907669574178802,0.2368721110123005,0.07505751173391495,0,0,0,0,Not hotspot,Not hotspot,7.246130336528666e-7,5.7381542019415975e-5
HF1092,85,45814,0,0,4140.253834241622,430.0218023546086,-4.662734741648682,2.7522458840932593,-0.01616350423308011,0.26287856704440943,0.013266339735120524,0.25685984002071344,0.04511779186889231,0,0,0,0,Not hotspot,Not hotspot,1.7007719275977559e-7,1.3549485759022887e-5
HF1113,86,54227,3938,556,4900.544477003109,508.98835020481425,4.785121285461132,1.5204856380588616,-0.014493646666273957,0.2069053015668117,0.016668371528192335,0.20210645867668203,0.9991755089562521,1,1,0,0,Bayesian hotspot only,Bayesian hotspot only,1.639969190615037e-4,0.00214747950161459
HF1125,87,37541,22309,679,3392.6151218244368,352.36932994705467,5.436510276721391,1.5096113224573293,-0.01592833616564918,0.20111768601808863,0.01839073445821078,0.19518095225557308,0.9998416636482483,1,1,0,0,Bayesian hotspot only,Bayesian hotspot only,0.0019382715837859706,0.005471417293536595
HF1130,88,31671,1852,11,2862.1377566740825,297.27202388730103,2.4774039342332386,1.5356134591598454,-0.009609283572297322,0.227799941301937,0.01014419967682231,0.2251327368843629,0.9466602376725871,1,1,0,0,Bayesian hotspot only,Bayesian hotspot only,2.260889329080246e-4,1.3236057213420233e-4
HF1147,89,16454,0,0,1486.9632991795445,154.4414095242225,-5.037680510288864,4.5126815421394415,-0.0018696226739723708,0.21227611100323437,-5.67200493025273e-4,0.20618840806890334,0.1321386164419267,0,0,0,0,Not hotspot,Not hotspot,1.6571033091263197e-4,0.007605833717160502
HF1165,90,28965,0,0,2617.594017304941,271.87282283147596,-3.390622033954053,2.418901117394031,-0.015475310716364887,0.1941239472258624,0.013825007515488688,0.18950683004870442,0.08049944042824086,0,0,0,0,Not hotspot,Not hotspot,2.3384293736947497e-7,2.0987352471235214e-05
HF1166,91,82312,11399,1041,7438.612075001013,772.6012702539081,4.801438158913242,1.5019549570856283,-0.009007226521215442,0.1725774229013871,0.011320298283139267,0.17141645253805396,0.9993051754397111,1,1,0,0,Bayesian hotspot only,Bayesian hotspot only,2.060134818574964e-4,0.001744459133696011
HF1180,92,21313,0,0,1926.0756530578358,200.04921363739845,-4.144736769636075,3.056556475043495,-0.008645457539437304,0.20085207685902876,0.006720715203818652,0.20121471149043815,0.08754717999606032,0,0,0,0,Not hotspot,Not hotspot,1.3211238983972597e-6,1.1168762160560343e-4
HF1207,93,22757,0,0,2056.5712774662024,213.60296320303462,-2.768254372522105,2.224826171225958,-5.58565486154093e-5,0.15755753358939875,-9.798269867146113e-4,0.15302394628855218,0.1067025919943636,0,0,0,0,Not hotspot,Not hotspot,3.137535130478065e-7,2.689722525786701e-5
HF1209,94,19238,0,0,1738.5559711690821,180.57273832666783,-3.0750853424103903,2.462337698672546,-0.0036747589152221418,0.1635516734601151,0.0023671942219572664,0.1616701905280517,0.10586034940821643,0,0,0,0,Not hotspot,Not hotspot,5.582199603688995e-7,5.0334679104897536e-5
HF1234,95,43021,2139,78,3887.847823872808,403.8059972737071,3.389077101720276,1.4965772960704802,0.002919777733534931,0.1725188048817718,-0.0010241808145877605,0.1668402514574062,0.9882299071953019,1,1,0,0,Bayesian hotspot only,Bayesian hotspot only,1.4152947957926762e-4,4.812201638092948e-4
HF1246,96,4118,0,0,372.1474939845244,38.65259052028372,-2.759575624213765,3.0420519462612776,-0.0020507987561421263,0.17216668418256112,9.761896198946912e-4,0.16719762879156183,0.18216563460720214,0,0,0,0,Not hotspot,Not hotspot,4.1387581219070386e-5,0.0025637389323221594
HF1249,97,27547,0,0,2489.4480371033737,258.56311584804655,-3.9168494639575036,2.651401364255957,-0.001535933514775657,0.17236406681032262,-6.359964701448719e-5,0.1664897349893651,0.06980094234315004,0,0,0,0,Not hotspot,Not hotspot,3.772066229307188e-7,3.1984909921801823e-5
HF1250,98,38980,3224,54,3522.6588915776492,365.8761482468818,3.668588738347273,1.519320114014109,-0.005232720512316762,0.1697165204122536,0.006968101941827644,0.17149366692053106,0.9921242972045101,1,1,0,0,Bayesian hotspot only,Bayesian hotspot only,2.598272002484209e-4,4.079848567803307e-4
HF1269,99,14944,0,0,1350.50319332315,140.2681672499077,-4.9580762158311,4.537577017897298,-0.0018439901087771253,0.21227026085193273,-5.540795399439437e-4,0.2061783668874744,0.13726926439865705,0,0,0,0,Not hotspot,Not hotspot,2.2053497957450573e-4,0.009921165063777916
HF1276,100,20124,6090,864,1818.624616062304,188.88895862802076,7.053694220028163,1.4925480276588774,0.002141930460909067,0.1713145370390513,0.0013253575384366014,0.16740356347417312,0.9999988547403779,1,1,0,0,Bayesian hotspot only,Bayesian hotspot only,0.0018415060248278107,0.02423050368421132
HF1281,101,43229,0,0,3906.6449775271985,405.75833793136104,-5.727657153169172,3.6541865519744996,-0.005515790487377508,0.20105639928484376,0.0028683840471223684,0.19819697998691055,0.058507890355551484,0,0,0,0,Not hotspot,Not hotspot,2.025396189281399e-6,9.36184710357475e-5
HF1312,102,38659,1382,17,3493.6498227167867,362.8631609819447,2.7997611516833305,1.499573597158705,0.004214255845509675,0.16999846147360315,-0.002660213309882273,0.16771328516114722,0.9690518714754381,1,1,0,0,Bayesian hotspot only,Bayesian hotspot only,1.1324524975494588e-4,1.3450002909559737e-4
HF1313,103,32937,2093,190,2976.54735535898,309.15502039013717,4.329546604522508,1.4735371664335188,0.0029317657306075304,0.15949735352665526,-5.728243403113183e-4,0.1535292141268508,0.9983493790056742,1,1,0,0,Bayesian hotspot only,Bayesian hotspot only,2.362785389820506e-4,0.001991957597741757
HF1322,104,35682,0,0,3224.6155610383194,334.92028531927235,-3.062351820994167,2.2482968928942473,7.949079498997846e-4,0.17091050001978608,-0.001982938761961354,0.168062970241623,0.0865869099181954,0,0,0,0,Not hotspot,Not hotspot,1.2619565323542178e-7,1.123773027654976e-5
HF1340,105,39080,0,0,3531.6959846807217,366.81477356306164,-3.9557543081034776,2.5195427171820395,-0.0010133115716007034,0.17649621570739207,-6.941638933816248e-4,0.17111458090522746,0.05820422043105211,0,0,0,0,Not hotspot,Not hotspot,1.486748199384569e-7,1.3217302651135357e-5
HF1354,106,26873,3324,39,2428.5380295886653,252.23678121699476,3.821992173070763,1.5609420483723975,-0.0075440395169784295,0.30857650780101736,0.008489007573550733,0.30816139753746474,0.9928277046182256,1,1,0,0,Bayesian hotspot only,Bayesian hotspot only,5.636316752569569e-4,6.230658830436123e-4
HF1375,107,16880,22896,957,1525.4613157986332,158.43995337114842,7.308026094592312,1.6089992084441056,-0.039628198850654876,0.4360585983785923,0.043398991556347,0.4224910652402445,0.9999972134510006,1,1,0,0,Bayesian hotspot only,Bayesian hotspot only,0.009839299392582556,0.03814329809666513
HF1390,108,7587,0,0,685.6442537301084,71.2135027385606,-1.8393596133510806,2.473171849788854,-0.04449045838423033,0.39961442382618484,0.04349778478091205,0.38444533117587615,0.22852144561312482,0,0,0,0,Not hotspot,Not hotspot,3.3482252900437243e-6,3.287408198622863e-4
HF1405,109,32289,0,0,2917.9869920510705,303.07272834129213,-5.4159084584752515,3.633861797520797,-0.021575143944412647,0.23150373883306363,0.018975164928893288,0.22493689197246763,0.06805951605660687,0,0,0,0,Not hotspot,Not hotspot,3.471723372182106e-6,1.5770950991766527e-4
HF1408,110,14010,4879,4387,1266.0967437404533,131.50140679678847,7.326053067107388,1.5298601297996868,-0.04757657849271334,0.30690328682370716,0.05230922492537202,0.29721809566524826,0.9999991607063753,1,1,0,0,Bayesian hotspot only,Bayesian hotspot only,0.0030440421667821986,0.25369503929278053
HF1419,111,24695,0,0,2231.710141803747,231.79352183059893,-1.8875559878568773,2.016768066657362,-0.04865574968846902,0.3167732733660135,0.048684516714478966,0.30566225482171444,0.17465432754111532,0,0,0,0,Not hotspot,Not hotspot,2.2936386136591234e-7,1.9233660551367294e-5
HF1421,112,18583,3771,155,1679.3630113439574,174.42474250569023,5.167701484983531,1.4894077111166575,-0.046052157020580076,0.3029450657532787,0.04956723329623996,0.29290274296569746,0.9997394171942392,1,1,1,1,Robust hotspot,Robust hotspot,0.0013372258253361293,0.005111402512822581
HF1431,113,3748,1817,92,338.71024950315626,35.179676850418495,6.113565030927438,1.568642532800983,-0.04361449847145497,0.35946581131331745,0.04651228108593986,0.34525297346987993,0.9999513765442425,1,1,0,0,Bayesian hotspot only,Bayesian hotspot only,0.015840869329464744,0.07470034421337358
HF1438,114,2355,0,0,212.8235425773567,22.104626196034037,-2.138254959610214,3.451648004587673,-0.009980973853180693,0.35562422006381833,0.008027555962026162,0.3535587724485812,0.26779742037530907,0,0,0,0,Not hotspot,Not hotspot,2.2727978368977016e-4,0.022118624026881504
HF1475,115,47838,0,0,4323.164598647809,449.01957875408755,-4.839126730055784,3.1401511734491834,-1.1821911967438649e-4,0.244651271382409,-0.0019488645507631623,0.23922471203578946,0.06165243411713084,0,0,0,0,Not hotspot,Not hotspot,2.680457759796861e-7,2.7352207472660635e-5
HF1483,116,35867,0,0,3241.3341832790034,336.656742154205,-4.574568518435114,2.985352968625982,-0.015258694639873862,0.27506997112423864,0.012378517230379405,0.2703476965662667,0.06271957706990161,0,0,0,0,Not hotspot,Not hotspot,4.0027995470152717e-7,3.44226922661282e-5
HF1492,117,28252,0,0,2553.1595434800347,265.18042432711405,-4.638567292408529,2.841003963846792,-0.013431158376413458,0.24370694975083387,0.010481527919302519,0.23882756181003867,0.05126382732508317,0,0,0,0,Not hotspot,Not hotspot,6.445398351907826e-7,3.7388445315339943e-5
HF1515,118,40545,0,0,3664.0893986407336,380.5656344450955,-3.784915299893177,2.349662643906686,-0.012514450645156036,0.18073980640509316,0.010660327312846128,0.17741390417806588,0.05360800870724147,0,0,0,0,Not hotspot,Not hotspot,1.1576663207378824e-7,9.715947832052751e-6
HF1524,119,29019,0,0,2622.4740475806007,272.37968050221303,-5.497764879242923,3.270959439926562,-0.01526029316629145,0.24297033663552656,0.011949719306187575,0.2369570680752715,0.046402777740017886,0,0,0,0,Not hotspot,Not hotspot,2.2211319292199337e-6,6.767209723574314e-5
HF1530,120,29079,0,0,2627.896303442444,272.9428556919209,-4.366435786209681,2.695628348363107,-0.014021865029918545,0.2282396410415094,0.01131246769177841,0.22268884329996969,0.05263535181055379,0,0,0,0,Not hotspot,Not hotspot,4.295417366922293e-7,2.8741201061754704e-5
HF1532,121,23806,760,5,2151.3703841174324,223.4491427697606,2.0987183710270947,1.5712850137999248,-0.006763914741600683,0.25582322999339063,0.006901183618893059,0.25420060908086306,0.9091714325597605,1,1,0,0,Bayesian hotspot only,Bayesian hotspot only,1.6423028749137418e-4,1.149253290807458e-4
HF1533,122,56800,0,0,5133.068882545163,533.1391795901202,-4.507294136756832,2.396204212517868,-0.013346018496992833,0.23208219000320626,0.010484876639016765,0.2268080374307314,0.029984993984984554,0,0,0,0,Not hotspot,Not hotspot,6.803065328474592e-8,5.108637038320896e-6
HF1547,123,63519,0,0,5740.271168140604,596.2054145842403,-4.03882324272569,2.28569482842567,-0.015465922987728867,0.192681002000514,0.013467991929811386,0.18785803808111898,0.03861409653313852,0,0,0,0,Not hotspot,Not hotspot,4.348148085469994e-8,3.696024395994776e-6
HF1583,124,52652,0,0,4758.210260629718,494.20500147498257,-3.8942664007849275,2.304235967027483,-0.01813078468747523,0.1982556746845052,0.016219816512495048,0.19240134160427944,0.045509509964772765,0,0,0,0,Not hotspot,Not hotspot,6.459507998950221e-8,5.505743230210155e-6
HF1591,125,18565,2139,307,1677.7363345854044,174.25578994877785,5.336677600254629,1.5132759995287957,-0.04775008948703699,0.3177989419347021,0.051390846609068265,0.3074987108663757,0.9997895120945673,1,1,0,0,Bayesian hotspot only,Bayesian hotspot only,7.600723519247844e-4,0.01012224109864603
HF1595,126,6851,0,0,619.1312484914951,64.30522041147735,-2.8291679658013744,3.1558040578827,-0.050651176264993804,0.366358349689791,0.04967845160860786,0.35352690255571023,0.18499376744158602,0,0,0,0,Not hotspot,Not hotspot,1.3041000966189532e-5,0.0013851831251452521
HF1600,127,44898,0,0,4057.4740614174784,421.42399445840175,-2.396214177957635,1.9943151406212094,-0.0447607868304529,0.2831445424012789,0.044513064733695734,0.27323822870684794,0.11477432459394454,0,0,0,0,Not hotspot,Not hotspot,6.889840459087602e-8,5.762585081775414e-6
HF1609,128,12997,11399,1041,1174.5509906063292,121.9931323438872,6.634903553848207,1.540300934894615,-0.027877554453860875,0.23710325077594704,0.030837679686974376,0.22738195353756416,0.9999917458825301,1,1,0,0,Bayesian hotspot only,Bayesian hotspot only,0.00826295699156908,0.06996548787868538
HF1617,129,54737,810,579,4946.633651828779,513.7753393173311,4.440673358278312,1.5516859562822558,-0.047749983555824375,0.31376617097264636,0.05100065311484895,0.30395622396480365,0.9978940373031532,1,1,0,0,Bayesian hotspot only,Bayesian hotspot only,3.312944261133567e-5,0.002194452444980388
HF1629,130,6620,0,0,598.2555634233976,62.13699593110204,0.9327983589896016,1.3994464663056498,-2.8723503302455975e-4,0.21082742595060966,7.798049147762707e-4,0.20490164106113765,0.747469579551481,0,0,0,0,Not hotspot,Not hotspot,3.0968542947336677e-6,2.355943384407632e-4
HF1643,131,40788,0,0,3686.0495348811996,382.8464939634124,-0.9327983707136656,1.3994464662827668,2.8722800628691364e-4,0.21082742593740444,-7.798100651814368e-4,0.20490164052160256,0.25253041776860385,0,0,0,0,Not hotspot,Not hotspot,8.12988781347035e-8,6.318360673443972e-6
HF1647,132,35229,0,0,3183.677529281401,330.66831263697793,-4.738432122993699,2.7914708013668657,-0.016244609838704717,0.24932974289975998,0.013333835129158228,0.24290158524080707,0.04480411597207046,0,0,0,0,Not hotspot,Not hotspot,3.6240845216629763e-7,2.280804732526704e-5
HF1667,133,25438,0,0,2298.8557435595753,238.76750792981477,-5.3680390525243045,3.2739994329192736,-0.016841181678405915,0.24149275341423276,0.013669795511974626,0.23461742825792326,0.050544512570331435,0,0,0,0,Not hotspot,Not hotspot,2.914880217054943e-6,8.830940099317277e-5
HF1688,134,8949,0,0,808.7294617939555,83.99757954492934,-1.928217591222596,2.208066975824845,-6.757346938870173e-4,0.26109191272882193,-2.1814034892349036e-4,0.2533326644807373,0.19126056250276424,0,0,0,0,Not hotspot,Not hotspot,2.0416275006131315e-6,1.718914951075204e-4
HF1697,135,13885,2897,67,1254.8003773616126,130.32812515156374,4.543147769146182,1.5615031267583797,0.0026605400063203174,0.21018680449559407,-5.293722737174715e-4,0.20338991288885916,0.9981897940410949,1,1,0,0,Bayesian hotspot only,Bayesian hotspot only,0.0018400612642395038,0.0039733587883200045
HF1698,136,44836,7489,1167,4051.8710636935734,420.8420467623703,5.480015342715596,1.5622572487301924,-0.006464033610644253,0.21238751947822376,0.009464943814649218,0.2152223138179156,0.9997740473077104,1,1,0,0,Bayesian hotspot only,Bayesian hotspot only,4.561806392411347e-4,0.006590676359517475
HF1722,137,20993,0,0,1897.156955128004,197.04561262562314,-2.8541169217788798,2.2052486670190894,-0.01670552436789679,0.21680632667744276,0.015020273498583262,0.210229137151571,0.09779158908565844,0,0,0,0,Not hotspot,Not hotspot,3.753535449016124e-7,3.0674918826636376e-5
HF1726,138,10796,0,0,975.644571407704,101.33398913477004,-1.5000136990807416,2.102924762975346,-0.016559218101893383,0.20023595622675988,0.015707916031579408,0.19435078814036877,0.2378304415400596,0,0,0,0,Not hotspot,Not hotspot,1.2555833828670021e-6,1.0658809064198883e-4
HF1734,139,26861,0,0,2427.4535784162968,252.12414617905316,-2.2148209284588423,2.0008507590853037,-0.016049416863620245,0.20936595765989444,0.014669055663481475,0.20292358159341758,0.13416002275416894,0,0,0,0,Not hotspot,Not hotspot,1.9425595341783548e-7,1.5987252092270915e-5
HF1747,140,18869,4349,57,1705.2090976187446,177.10921090996442,4.472489399370056,1.4818391196412448,-0.013675554069638683,0.20508325525840682,0.015557194490832293,0.19989105387037762,0.9987286021346901,1,1,0,0,Bayesian hotspot only,Bayesian hotspot only,0.0014957291218514097,0.0018364581137415633
HF1751,141,10610,0,0,958.8355782359893,99.58814604667563,-2.2030083993535663,2.3764994732895848,-0.01841890266213342,0.2413949791071256,0.017157684693746813,0.2348837375032002,0.17696398946230185,0,0,0,0,Not hotspot,Not hotspot,1.623960010446447e-6,1.4781562797201004e-4
HF1752,142,8639,16907,2472,780.7144731744309,81.087841064772,7.5973755005662325,1.5061049504699477,-0.015421150868659353,0.2211962481365532,0.01888998195423761,0.21551686554529098,0.9999997725106138,1,1,0,0,Bayesian hotspot only,Bayesian hotspot only,0.027739029533968312,0.37597677906385873
HF1754,143,13722,1374,261,1240.0699156036046,128.79816588619067,5.633561935512519,1.5503765401223484,-0.017330310600759676,0.2561409204919326,0.019905518622247084,0.25055955263856294,0.9998602927229059,1,1,0,0,Bayesian hotspot only,Bayesian hotspot only,8.938450978481506e-4,0.015756932219754514
HF1769,144,3752,3938,556,339.07173322727914,35.21722186306569,7.900338303926177,1.6004303895299254,-9.993402600443184e-4,0.21120622649268958,0.005055986468465772,0.21491465197072634,0.9999996020774703,1,1,0,0,Bayesian hotspot only,Bayesian hotspot only,0.034257033007307314,0.44861285469009554
HF1785,145,39520,13988,328,3571.4591943342407,370.9447249542527,4.983533649864121,1.540694933963445,0.033359282927724415,0.26027510897560996,-0.03190023600981439,0.2531843590580923,0.9993909362392471,1,1,0,0,Bayesian hotspot only,Bayesian hotspot only,0.0010966568926119753,0.002386927296559217
HF1805,146,9776,0,0,883.4662217563648,91.7600109097362,-6.912599285876192,5.660369035161565,0.034022930716639664,0.3134909039131078,-0.03841715139310732,0.30584094687975627,0.11099991530781683,0,0,0,0,Not hotspot,Not hotspot,0.09304935013108223,0.2462082189146777
HF1831,147,8783,16436,1408,793.7278872428552,82.43946152007088,8.188799753017545,1.602772955641762,0.0014353840076324418,0.2112833856372073,0.0026517773088490125,0.2093928599774294,0.9999998381902071,1,1,0,0,Bayesian hotspot only,Bayesian hotspot only,0.02608946969821077,0.20723795147460258
HF1856,148,13211,0,0,1193.8903698469042,124.00179052051195,-0.07889229010016867,1.4284125623678514,2.222565697508178e-5,0.2108725261226285,-6.37479971378169e-5,0.20448891127979582,0.47797731763950413,0,0,0,0,Not hotspot,Not hotspot,7.596511838550064e-7,5.743886053866863e-5
HF1868,149,20616,0,0,1863.0871141294208,193.50699518362535,-5.6966919192044,4.7106455833907726,0.001396509231249924,0.27449868250603365,-0.004292817632878596,0.2744474215095325,0.11326939425841809,0,0,0,0,Not hotspot,Not hotspot,3.6789034901708504e-4,0.007574941655283408
HF1882,150,22673,0,0,2048.9801192596215,212.8145179374436,-5.304461151770604,4.432797961167315,-0.0019545552325610006,0.21229612901872338,-6.121941013825564e-4,0.20622496948269758,0.11572354805906249,0,0,0,0,Not hotspot,Not hotspot,6.492150195523371e-5,0.0031726122644124125
HF1903,151,5663,0,0,511.77058242699405,53.15435165526146,-6.821082077988772,5.832394476828077,0.034057518442166666,0.3135025649046427,-0.03840724381431212,0.30584222584371745,0.12109778133056237,0,0,0,0,Not hotspot,Not hotspot,0.4376461178022325,0.9499905494816903
HF1927,152,16106,0,0,1455.5142151808523,151.17499342391685,-4.1593818193852305,3.292667526714299,-0.011348214219826567,0.224170443472023,0.009832821970725561,0.2236361429852546,0.1032540626602727,0,0,0,0,Not hotspot,Not hotspot,4.150866912232752e-6,2.994629911065427e-4
HF1934,153,21637,2482,737,1955.3558347117907,203.09035966182097,5.807634234378368,1.5817358919127245,-0.015612783866734281,0.29402167572227905,0.019242625815239774,0.2927709753120251,0.9998795212086218,1,1,0,0,Bayesian hotspot only,Bayesian hotspot only,6.49298284572653e-4,0.017875155485876815
HF1965,154,65633,7301,802,5931.3153163395555,616.047953768281,5.172091195477386,1.56410783005098,-0.00749665446829793,0.2087520349444292,0.010448677794940972,0.210801228795833,0.9995280504725221,1,1,0,0,Bayesian hotspot only,Bayesian hotspot only,2.0754210425775685e-4,0.0021142598080000456
HF1970,155,48979,1847,556,4426.277830953866,459.72929361169895,4.698035504272959,1.5468957195116684,-0.011996918533944183,0.18593814935379957,0.014931969840374443,0.1841482051317653,0.9988055627451056,1,1,0,0,Bayesian hotspot only,Bayesian hotspot only,9.430100969752533e-5,0.0026320895800227536
HF1994,156,37474,0,0,3386.560269445378,351.7404509852142,-4.825174419413623,3.008149262298812,-0.008125194013307037,0.14825101792939746,0.006133939942347997,0.14754616914971797,0.054353252600615964,0,0,0,0,Not hotspot,Not hotspot,4.315773337399537e-7,3.0153825205664246e-5
HF1999,157,16857,0,0,1523.3827843849265,158.22406954842705,-3.8460938814395615,1.4398912994718813,-0.01007555629866056,0.2164729113929192,0.008559369534509559,0.21658326176155931,0.0037801541858584198,0,0,0,0,Not hotspot,Not hotspot,4.2449894535129623e-7,1.3814176753446064e-5
HF2009,158,44937,1801,50,4060.9985277276764,421.79005833171186,3.8460938799018964,1.4398912961718886,0.010075556461446655,0.21647291129472238,-0.008559371394083037,0.21658326154420668,0.9962198458710573,1,1,0,0,Bayesian hotspot only,Bayesian hotspot only,1.0922981148886137e-4,2.850744839861689e-4
HF2019,159,28213,0,0,2549.635077169836,264.81436045380394,-3.0399759443948615,2.126342284387713,-8.11717978177209e-4,0.17123040336562964,-6.834166527029241e-4,0.16659776448331817,0.07640532552433943,0,0,0,0,Not hotspot,Not hotspot,1.9674338957668307e-7,1.5843882723184794e-5
HF2027,160,8475,0,0,765.893640485392,79.54849554623713,-17.66035959236458,2.6935137842228785,-0.0015591396283007976,0.1712249099870209,-0.007222300299932136,0.17576737055602695,2.7519653222896068e-11,0,0,0,0,Not hotspot,Not hotspot,1.2020767650371985e-10,1.470475699283551e-9
HF2028,161,8613,1821,39,778.364828967632,80.84379848256525,4.341690923275092,1.5455108525810068,0.0060291499190393595,0.17336729150364258,-0.00412812328974321,0.17354073679220727,0.9975169696709131,1,1,0,0,Bayesian hotspot only,Bayesian hotspot only,0.0030059897160646565,0.006036884386474298
HF2029,162,28907,14835,4585,2612.352503305159,271.32842014809165,7.165915778515545,1.5910885688757104,-0.004485219276938252,0.2604968527826665,0.008349013471516216,0.2653837214611294,0.9999966622629947,1,1,0,0,Bayesian hotspot only,Bayesian hotspot only,0.002173897535050138,0.062282582522133964
HF2057,163,12103,0,0,1093.7593782648612,113.60182201723988,-4.784533962722126,4.593664474366737,-0.0017876475620390722,0.21225771523535236,-5.25960891889116e-4,0.20615779955185615,0.1488100423676083,0,0,0,0,Not hotspot,Not hotspot,4.1562875089494613e-4,0.017856631949245378
HF2067,164,42088,17764,2371,3803.531745221142,395.04862307374964,6.152704192686721,1.567877310338201,8.108344564906905e-6,0.2590395919915851,0.00298846103174058,0.2555986899223335,0.9999564954049402,1,1,0,0,Bayesian hotspot only,Bayesian hotspot only,0.0012279363328987804,0.015193929148724375
HF2099,165,7239,5434,387,654.1951697314162,67.94708663825494,7.137646084770914,1.5944285551710653,0.0025929175580425854,0.21161562033786324,9.099648548085814e-4,0.20542508584281463,0.9999962082453885,1,1,0,0,Bayesian hotspot only,Bayesian hotspot only,0.01269815471635689,0.08392839621960727
HF2108,166,3020,0,0,272.9202117127886,28.346484548629633,-3.674441742442752,5.025321861012358,-0.0014122967662942478,0.21218533680621549,-3.618224157844157e-4,0.20606406705195007,0.23233297249706952,0,0,0,0,Not hotspot,Not hotspot,0.03674912171051689,1.0750230531936245
HF2124,167,29361,15823,629,2653.380905993108,275.5897790835479,6.464767807427959,1.5709527154694418,0.00586998730665036,0.21340945102506578,-0.0027965850845987333,0.20975498949245866,0.9999806569107538,1,1,0,0,Bayesian hotspot only,Bayesian hotspot only,0.002247502994510466,0.008289204111400777
HF2140,168,4459,0,0,402.9639814660015,41.8533028484568,-3.979811747596325,4.89194063256714,-0.001518116597386225,0.2122037426028915,-4.0427257023050817e-4,0.20608394864401516,0.2079529511418099,0,0,0,0,Not hotspot,Not hotspot,0.009826864281474775,0.3252243872050082
HF2145,169,44637,2628,711,4033.887248418459,418.9741823831725,5.044705592020446,1.549922908822335,-0.018854772904249473,0.19860956169773372,0.021992509360741718,0.1943068503077929,0.9994326600537132,1,1,0,0,Bayesian hotspot only,Bayesian hotspot only,1.6153399691592983e-4,0.004052030800402003
HF2152,170,18498,0,0,1671.681482206346,173.6269109869374,-9.263569691487376,5.799049307871272,0.00948697077601783,0.23914957744014248,-0.014588535546086521,0.24116264112037003,0.055085053237992065,0,0,0,0,Not hotspot,Not hotspot,0.011941289808840922,0.02901998610992225
HF2167,171,17234,0,0,1557.4526253835097,161.76268699042487,-5.076065495069467,4.500856439487449,-0.0018819350159835434,0.2122789526707937,-5.735774340888916e-4,0.20619338977674015,0.12970221534554316,0,0,0,0,Not hotspot,Not hotspot,1.4452810257963784e-4,0.006696554674942709
HF2186,172,1735,0,0,156.7935653383074,16.28514923571934,0.8386632539288741,1.593905961322013,-1.2550780634121457e-4,0.21112965978810352,5.607305523711706e-4,0.20506400114415627,0.7006144625561902,0,0,0,0,Not hotspot,Not hotspot,4.214072833982292e-5,0.002973388993716339
HF2190,173,9064,0,0,819.1221188624888,85.07699865853608,-0.8386632606168666,1.5939059612821889,1.2550330576403885e-4,0.2111296599044428,-5.607329532199366e-4,0.2050640006578063,0.2993855359816874,0,0,0,0,Not hotspot,Not hotspot,1.543700142139265e-6,1.109851886317687e-4
HF2205,174,28991,180,0,2619.94366151174,272.11686541368266,0.0330092575062011,1.6987517908395031,0.01175421075327549,0.14738056794805443,-0.01237057213411907,0.14520709900735287,0.5077515502057828,0,0,0,0,Not hotspot,Not hotspot,2.623117373155671e-5,1.4327824674054607e-5
HF2206,175,20149,13408,3698,1820.8838893380723,189.1236149570657,7.388336983844775,1.568646864659966,0.005142588863264765,0.20277000608117832,-0.0016710649759208965,0.19680328657818533,0.9999987614557564,1,1,0,0,Bayesian hotspot only,Bayesian hotspot only,0.004044045363146825,0.10339489259163309
HF2211,176,7013,0,0,633.7713393184724,65.82579342368861,-2.0854275172004217,2.274974822574029,-6.540108522572585e-4,0.26094397049990464,-4.219224622777508e-4,0.2532328319587423,0.17965476032090955,0,0,0,0,Not hotspot,Not hotspot,3.7382028490955505e-6,2.933454695341757e-4
HF2222,177,47543,7492,1818,4296.505173993745,446.2506340713572,5.890097864550432,1.555614350108412,-9.178877225405077e-4,0.1638729533869788,0.0039019438575965825,0.16673254225385242,0.9999235613458372,1,1,0,0,Bayesian hotspot only,Bayesian hotspot only,4.058785099087522e-4,0.00913056705216527
HF2228,178,29883,0,0,2700.5545319911466,280.4894032340064,-5.53615539064613,4.36752619664375,-0.0020271069214849095,0.21231399542908644,-6.525436209071605e-4,0.20626053557182245,0.10247535786252593,0,0,0,0,Not hotspot,Not hotspot,2.9470056942449525e-5,0.0015127706184551077
HF2249,179,12609,0,0,1139.487069366408,118.35126611710962,-6.350492857751209,5.713663734736422,0.01289270861862123,0.19805810701265186,-0.01668766660671157,0.1963266207937918,0.13318579542557962,0,0,0,0,Not hotspot,Not hotspot,0.08330710538961732,0.3498240211998783
HF2278,180,12616,1861,724,1140.119665883623,118.4169698892422,6.201171683066506,1.5741021983877561,-0.023570839688969066,0.2422253811029881,0.027366287283420904,0.23670200995161234,0.9999591737743883,1,1,0,0,Bayesian hotspot only,Bayesian hotspot only,0.0014321099217832669,0.05164747228976271
HF2280,181,3782,0,0,341.7828611582009,35.49880945791963,-3.850113859240662,4.947012823434196,-0.001473408737030592,0.21219577191097672,-3.8599398328953763e-4,0.20607501107510962,0.21820479829839068,0,0,0,0,Not hotspot,Not hotspot,0.017048403790033976,0.5364101432783703
HF2292,182,5048,0,0,456.1924598430984,47.381805960755756,-4.078131848654706,4.8516391032088775,-0.001551774898517962,0.2122099296854695,-4.183748344074083e-4,0.20609123197187604,0.20029503807248983,0,0,0,0,Not hotspot,Not hotspot,0.006527188045729068,0.22407166289869906
HF2305,183,2347,19599,197,212.10057512911092,22.02953617073965,8.41515836374616,1.6095826181029476,0.012071805109838425,0.21821833674755375,-0.008353063274684012,0.21688189545872869,0.9999999143981736,1,1,0,0,Bayesian hotspot only,Bayesian hotspot only,0.4356681542231708,0.40733093009259
HF2329,184,32747,14033,580,2959.3768784631425,307.37163228939556,0.2941556821975886,1.1181444781561638,0.004602010544001495,0.211596343293599,-0.004630714956179005,0.2128926046056056,0.6037535529316664,0,0,0,0,Not hotspot,Not hotspot,0.001602249205855446,0.006128780266934509
HF2330,185,22447,11399,1041,2028.5562888466777,210.69322472287726,6.888322265216722,1.5922491924850062,0.0014041602483568037,0.2112690279161018,0.002016678550033092,0.20768363691441946,0.9999924133845135,1,1,0,0,Bayesian hotspot only,Bayesian hotspot only,0.002770196291070478,0.023460669258447222
HF2353,186,10906,11399,1041,985.5853738210837,102.3664769825678,7.629697449008132,1.5979798499024014,0.0012396042846671105,0.21124120428970716,0.002568803194805863,0.20916027000058826,0.9999990996280486,1,1,0,0,Bayesian hotspot only,Bayesian hotspot only,0.01173535652276437,0.0993850687647357
HF2375,187,7819,0,0,706.6103097292365,73.39111347209771,-4.428791117786293,4.7171370166963955,-0.0016701715813104675,0.2122329535067563,-4.704033137169927e-4,0.20612100695614896,0.17389805629243038,0,0,0,0,Not hotspot,Not hotspot,0.0016016669925359005,0.06195161383185208
HF2376,188,20273,1861,724,1832.089884785882,190.28751034912867,6.017660660220691,1.5874347393885777,-0.005651338983321925,0.213296870097696,0.00895229679494355,0.21693679595168872,0.9999249210668942,1,1,0,0,Bayesian hotspot only,Bayesian hotspot only,5.546206766639207e-4,0.020003425850876763
HF2400,189,34572,0,0,3124.303827594215,324.5015443096767,-5.659148769961428,4.33430660252058,-0.002065164595384919,0.21232364807600135,-6.74442391821681e-4,0.20628092698589204,0.0958333963085527,0,0,0,0,Not hotspot,Not hotspot,1.9539845715188293e-5,0.0010276724832566128
HF2410,190,11325,0,0,1023.4507939229574,106.29931705736112,0.07889227953283445,1.428412562369925,-2.2232130859496135e-5,0.21087252603961695,6.37435090469112e-5,0.20448891053717916,0.5220226794136043,0,0,0,0,Not hotspot,Not hotspot,1.0339894221880158e-6,7.804235234785141e-5
HF2428,191,12476,0,0,1127.4677355393217,117.1028944465905,-6.464767807117431,1.570952719874022,-0.005869986539223897,0.21340945119622456,0.0027965846028775716,0.20975498987389588,1.934309023043923e-5,0,0,0,0,Not hotspot,Not hotspot,3.6254918812726076e-7,3.2063580527115693e-6
HF2445,192,107529,334,724,9717.495842802799,1009.2944162349655,3.266163506502799,1.5338371811843803,-0.021531052471707092,0.18533355558873937,0.023854979686936617,0.18107828890741506,0.9833896957497275,1,1,0,0,Bayesian hotspot only,Bayesian hotspot only,3.544661467318101e-6,7.108040638315959e-4
HF2448,193,30891,0,0,2791.648430470117,289.9507464210987,-4.457202244206024,3.027537696741632,-0.02286737885513581,0.2171134402089597,0.02183797417970308,0.21297255781884072,0.07048070809952134,0,0,0,0,Not hotspot,Not hotspot,5.824131636674251e-7,4.8475010950538076e-5
HF2457,194,18179,2482,272,1642.8531552075447,170.63269622832388,-0.2941556450167975,1.118144478176927,-0.004601994199287397,0.2115963433240488,0.004630737669794664,0.21289260583344224,0.3962464598847367,0,0,0,0,Not hotspot,Not hotspot,9.194078879877686e-4,0.009305401034147018
HF2475,195,9079,0,0,820.4776828279497,85.21779245596306,-3.3688969883231086,3.181323895690258,-0.0043268559958538925,0.19443076391153255,0.0027101631408295557,0.1923304927703226,0.14480883844812964,0,0,0,0,Not hotspot,Not hotspot,9.15855678720105e-6,8.115646103107673e-4
HF2481,196,12101,1665,206,1093.5786364027997,113.58304951091628,5.732685120991341,1.5851642753628596,1.4296826483862812e-4,0.2111205513544112,0.002738942612696592,0.20962244886710077,0.999850670978552,1,1,0,0,Bayesian hotspot only,Bayesian hotspot only,0.0013926552914697622,0.01600190857136714
HF2490,197,17047,13471,1315,1540.5532612807642,160.00745764916866,7.0142582387381,1.5601975979176708,-0.007033046823872244,0.2697904872139066,0.01082728684902794,0.2736854282297914,0.9999965337412622,1,1,0,0,Bayesian hotspot only,Bayesian hotspot only,0.005676227095951415,0.05137609707550174
HF2494,198,17538,0,0,1584.9253884168502,164.6161079516114,-3.7075683604855403,3.036901320927644,-0.01146964446489284,0.32761111065175796,0.010115223735043189,0.3297210735926421,0.11107344293949906,0,0,0,0,Not hotspot,Not hotspot,1.5977711333836212e-6,1.606330805325145e-4
HF2501,199,4903,0,0,443.0886748436433,46.02079925229506,-2.62825230088517,3.0106775410801765,-0.0059070637205833835,0.21288717863636972,0.004846190664464233,0.2135936367320295,0.19133780232800413,0,0,0,0,Not hotspot,Not hotspot,2.2531705040469306e-5,0.0018222879105312237
HF2508,200,9958,0,0,899.9137312039567,93.46830898518341,-1.7696609124046276,2.1116209196424145,0.0023490719683663137,0.12946201760662496,-0.003399963783650041,0.13138003932555178,0.20099905057108847,0,0,0,0,Not hotspot,Not hotspot,1.5248998853708866e-6,1.2538746407517827e-4
HF2512,201,15960,745,43,1442.3200592503665,149.80460046229436,4.39053613936247,1.551075819952864,0.007509375653974775,0.19932628660164448,-0.005702992519093245,0.20001997447437436,0.99767724597905,1,1,0,0,Bayesian hotspot only,Bayesian hotspot only,3.583415459048643e-4,0.0019433382159036057
HF2513,202,6376,1281,16,576.2050562519008,59.846750159623355,4.7670136011715565,1.542762363590439,0.008735414921174413,0.17309317947961594,-0.0068194988460784246,0.1725490240602395,0.9989989508101976,1,1,0,0,Bayesian hotspot only,Bayesian hotspot only,0.0038590951179528683,0.004669768917615956
HF2521,203,10825,0,0,978.265328407595,101.60619047646217,-3.299448861513232,2.794497155908728,-0.0023891861660063685,0.1561784089414244,7.419017110858576e-4,0.15155338616880856,0.11886195126819366,0,0,0,0,Not hotspot,Not hotspot,3.314498317931572e-6,2.5644482657394393e-4
HF2522,204,11275,2092,100,1018.9322473714212,105.83000439927123,5.4818331563079195,1.556458855121094,0.0104459168064802,0.21288861617969315,-0.008228932674700162,0.21227679082484832,0.9997858401786731,1,1,0,0,Bayesian hotspot only,Bayesian hotspot only,0.0020153702836195643,0.008978321906849626
HF2528,205,5756,0,0,520.1750790128515,54.02727319930867,-2.444319000878149,2.7016179331478285,-5.72363739796613e-4,0.1466342451600712,-7.069219229621924e-4,0.14278190587379488,0.1827959635721047,0,0,0,0,Not hotspot,Not hotspot,9.451299130483333e-6,7.832970220877291e-4
HF2565,206,33385,0,0,3017.0335324607445,313.36006180662264,-5.629624947474448,4.342194017044783,-0.002056057890049305,0.21232132080010443,-6.691554556145226e-4,0.20627593420658039,0.09740281336582846,0,0,0,0,Not hotspot,Not hotspot,2.155458833441045e-5,0.0011271754384853652
HF2566,207,18722,14128,1777,1691.9245707572281,175.72943169518012,7.490893501689143,1.5967972431419701,-3.3102761255188434e-4,0.2111360699085944,0.004142726359155954,0.21323201604208655,0.9999986419563034,1,1,0,0,Bayesian hotspot only,Bayesian hotspot only,0.004935534864564653,0.057557141268953727
HF2570,208,25853,0,0,2336.3596799373263,242.6628029919609,-5.225558073349851,3.1598033496255535,-0.0031942860648904448,0.27113821512689495,5.877997055400505e-4,0.26266238038096734,0.049088088900977045,0,0,0,0,Not hotspot,Not hotspot,2.0084278179173656e-6,6.861972507787218e-5
HF2578,209,19268,0,0,1741.2670991000039,180.8543259215218,-5.99090891144481,5.311278563013894,0.03971484122031498,0.35331168720131817,-0.042855814398691044,0.3425398532450667,0.1296684402869075,0,0,0,0,Not hotspot,Not hotspot,0.004222603237424806,0.06544068812293076
HF2586,210,27097,0,0,2448.7811181395477,254.33930192523746,-4.333480326137584,3.1989486616560145,0.040640033180807396,0.3568847330072191,-0.04291648288120163,0.34553849392134345,0.08776332586493785,0,0,0,0,Not hotspot,Not hotspot,9.124326473573037e-7,9.684565411471405e-5
HF2594,211,9482,4306,137,856.8971680333318,89.00045248016761,6.320291632291987,1.5904976306705263,0.025863989044564686,0.33732637504244534,-0.02391410911168127,0.331205900616779,0.9999646299155117,1,1,0,0,Bayesian hotspot only,Bayesian hotspot only,0.0058648453749347565,0.017375201830929648
HF2601,212,29704,4936,1,2684.378135336647,278.80926391804456,2.354632279714571,1.6425770810448836,0.029636402146729673,0.2603713758295203,-0.029477888180790106,0.25354103598123456,0.9241423296434489,1,1,0,0,Bayesian hotspot only,Bayesian hotspot only,6.849801748026876e-4,2.8275066505224538e-5
HF2622,213,33949,0,0,3068.0027375620734,318.6539085898766,-4.05452367197263,2.7885184170149935,0.0085247429725283,0.22762738797857152,-0.01102299470567163,0.22928472284870005,0.07297226357092557,0,0,0,0,Not hotspot,Not hotspot,2.7177257520543437e-7,2.7578532168719918e-5
HF2652,214,49953,0,0,4514.299117777792,468.87150419129006,-5.971725052984411,4.253986506112603,-0.002160468429096911,0.21234866237370362,-7.315861763110167e-4,0.20633770242851604,0.08018994935761015,0,0,0,0,Not hotspot,Not hotspot,7.042966391183521e-6,3.919037658789188e-4
HF2673,215,3990,0,0,360.5800148125916,37.45115011557359,-1.8204560924839042,2.89664317921624,-0.022890752035808103,0.30143781892248767,0.02298172062593295,0.29706233649387037,0.2648477353925396,0,0,0,0,Not hotspot,Not hotspot,2.099466572492472e-5,0.002452180142726692
HF2677,216,39320,0,0,3553.3850081280957,369.0674743218931,-5.768123046903239,4.305654464026939,-0.002098621003874971,0.21233229252226943,-6.941221749051618e-4,0.20629990044873656,0.09017757653172076,0,0,0,0,Not hotspot,Not hotspot,1.3638870704422544e-5,7.321742301354807e-4
HF2695,217,13838,0,0,1250.5529436031686,129.88697125295923,-2.8806481700518116,2.589386929417553,-0.02757435195391869,0.23172072110588915,0.0267201648078619,0.225595418013894,0.13296533157924573,0,0,0,0,Not hotspot,Not hotspot,1.2443307626154038e-6,1.181541800213801e-4
HF2705,218,36682,1268,34,3314.986492069044,344.3065384810703,3.422578829544673,1.5586736031611566,-0.02568065770827874,0.284146098812585,0.028249201354282594,0.2785494666342429,0.9859478644865125,1,1,0,0,Bayesian hotspot only,Bayesian hotspot only,1.1541701538308699e-4,2.9245732609110197e-4
HF2708,219,10418,0,19,941.4843594780901,97.78598543961044,1.1802320882161177,1.654994330109713,-0.04605204808867329,0.28700454265405484,0.04872515989812476,0.28229004876942404,0.7621184596043153,0,0,0,0,Not hotspot,Not hotspot,1.3504668047203476e-6,0.0019798366931100177
HF2734,220,18187,0,0,1643.5761226557904,170.70778625361825,-3.0504093993986943,2.625704900250399,-0.038661653506259046,0.30157017950185383,0.03798124439315073,0.2935458273348923,0.1226687675432927,0,0,0,0,Not hotspot,Not hotspot,7.155875906519388e-7,7.271321023144612e-5
HF2749,221,18606,0,0,1681.4415427576641,174.64062632841157,-2.9852972305847874,2.507848139705086,-0.022719083459181767,0.231212806399505,0.022132767074342412,0.2266668213780677,0.11694814645713802,0,0,0,0,Not hotspot,Not hotspot,6.084297485160469e-7,5.7956101450196055e-5
HF2753,222,22905,0,0,2069.9461752587495,214.99212867098072,-3.2821765463808625,2.379345241068075,-8.227500818286603e-4,0.14663847902501786,-7.673714070172569e-4,0.1425538994642752,0.0838787543289573,0,0,0,0,Not hotspot,Not hotspot,3.745917608515308e-7,3.108047128394296e-5
HF2761,223,3648,0,0,329.67315640008377,34.24105153423871,-1.601695249271459,2.6581652557040996,5.30202460125582e-4,0.1980717686835452,-0.001311006316357601,0.19327276892967837,0.2734018208726092,0,0,0,0,Not hotspot,Not hotspot,1.9021560547466293e-5,0.0018407872875504591
HF2778,224,33303,0,0,3009.623116116225,312.5903890473552,-3.713775443640309,2.3780823731514062,2.5235706154755734e-4,0.13491555872089225,-0.002110789248423265,0.13481087179152645,0.059183095639574024,0,0,0,0,Not hotspot,Not hotspot,1.7993565680136853e-7,1.466707002056074e-5
HF2791,225,8402,3771,31,759.2965625201491,78.86329906542589,4.824444994233643,1.5076248344466163,0.004729460065267902,0.15373806210728774,-0.002522210713335379,0.15176201450631835,0.9993129340481619,1,1,0,0,Bayesian hotspot only,Bayesian hotspot only,0.006541080546499865,0.005086403976048324
HF2801,226,15455,16513,179,1396.6827390798505,145.06454261558642,5.773919540087328,1.4907650109248278,0.004216287902868663,0.14998958201136722,-0.0015100555222011844,0.1457693797821014,0.99994627570423,1,1,0,0,Bayesian hotspot only,Bayesian hotspot only,0.008465145438572026,0.008532626670232064
HF2806,227,16826,9429,1200,1520.581285522974,157.93309570041131,7.112381782519801,1.5529131569203911,0.0023945756660475456,0.19732324112255228,0.0010721105020994744,0.19156328391045827,0.9999976754032476,1,1,0,0,Bayesian hotspot only,Bayesian hotspot only,0.004078204678614312,0.04812578735571917
HF2819,228,52231,0,0,4720.164098665783,490.2533888938657,-4.978450880407949,3.2006731074586057,0.016344257944581476,0.33415403552832207,-0.01961796458150367,0.3336275693715618,0.05992080928602306,0,0,0,0,Not hotspot,Not hotspot,2.4926165179923393e-7,2.7138982598335837e-5
HF2830,229,30916,0,0,2793.907703745885,290.1854027501436,-3.384009621366399,2.3976016771372066,0.019300995077242217,0.26108063888963307,-0.021922697238726647,0.2568729287366862,0.07906122425297268,0,0,0,0,Not hotspot,Not hotspot,1.9732284720947538e-7,1.8075112251587212e-5
HF2836,230,13918,6342,142,1257.7826180856266,130.63787150590306,6.123446020715148,1.601029248915087,0.05830722123312859,0.41727633804761893,-0.05638553142207359,0.40526535700376165,0.9999345325388269,1,1,0,0,Bayesian hotspot only,Bayesian hotspot only,0.004009038221590221,0.008359652102942127
HF2837,231,7996,1828,30,722.6059645216749,75.05248028173594,5.2285493457111425,1.6003721652965266,0.06005830686470085,0.4175301480741036,-0.058988264744984885,0.406535274793218,0.9994566916926723,1,1,0,0,Bayesian hotspot only,Bayesian hotspot only,0.003501483384702643,0.005453249343520719
HF2843,232,27369,0,0,2473.3620113799047,256.8923627852465,-3.0374400299493822,2.398289257106215,0.05050634488548604,0.3589929495492617,-0.053522173417507826,0.3506578822283625,0.10266656599843382,0,0,0,0,Not hotspot,Not hotspot,2.3773317589435324e-7,2.3093897510423078e-5
HF2874,233,10419,2844,100,941.5747304091208,97.79537169277224,5.546270203655639,1.5521902141314354,0.006137548780705206,0.2814902352618221,-0.0035792127493486908,0.27595740332939683,0.9998236705078667,1,1,0,0,Bayesian hotspot only,Bayesian hotspot only,0.003208285833656905,0.01051370425654327
HF2879,234,17100,0,0,1545.3429206253927,160.50492906674395,-5.5197265149978,3.9913705567820634,-4.953850359795554e-4,0.20286629091866393,-0.0022614695680154293,0.20016571304741235,0.08334545361467371,0,0,0,0,Not hotspot,Not hotspot,5.6458551197305105e-5,0.001015873020350844
HF2886,235,24853,0,0,2245.9887489066014,233.276549830163,-4.163825313298129,2.763346662777122,0.0010158876706820258,0.24165444397679028,-0.003124935942952441,0.23879236578727056,0.06593028922558175,0,0,0,0,Not hotspot,Not hotspot,6.136803656272929e-7,4.481227548003952e-5
HF2891,236,53557,5434,387,4839.995953212524,502.6995605864097,5.037554756779104,1.5489183028705533,0.005205044467753885,0.29265636306846754,-0.0028592910564455426,0.28526444344403673,0.9994276344552963,1,1,0,0,Bayesian hotspot only,Bayesian hotspot only,2.3198719710141688e-4,0.0015334044514261778
HF2900,237,11614,0,0,1049.567992990837,109.01194422112071,-5.2603264012996895,4.101299238290097,-7.097351679008186e-4,0.166677429761065,-0.0019083261632956213,0.1649498866777451,0.0998161251665376,0,0,0,0,Not hotspot,Not hotspot,1.8450543660365247e-4,0.002795218523319248
HF2916,238,2703,0,0,244.2726265760489,25.371042296339702,-2.5170146386570305,3.306997152662956,0.0016431564814143587,0.2805670610529035,-0.0029426503332718942,0.2753871300600791,0.22329333301520127,0,0,0,0,Not hotspot,Not hotspot,1.6726731099883072e-4,0.010203671412012312
HF2927,239,103509,5434,387,9354.204700059285,971.561678524538,3.4910677433269672,1.492080122688273,0.043824043554618386,0.3077299598783338,-0.04296704477620651,0.2983593189532681,0.9903512113575157,1,1,0,0,Bayesian hotspot only,Bayesian hotspot only,6.210528784822335e-5,4.1028430476958095e-4
HF2931,240,72717,0,0,6571.502991761209,682.5401711664573,-5.301046590227715,2.859169915334455,0.040307337777938,0.3029216590081885,-0.04392538643938049,0.2951058953227042,0.03186593825264128,0,0,0,0,Not hotspot,Not hotspot,8.168927993761927e-8,6.488226861936857e-6
HF2932,241,47889,0,0,4327.773516130376,449.49827766533923,-5.265684737548723,2.742463780148304,0.04042785432922545,0.26770322418374193,-0.04429391906564249,0.2613441107072118,0.02742539696890478,0,0,0,0,Not hotspot,Not hotspot,2.0089175381614862e-7,1.0205253440909606e-5
HF2937,242,36257,0,0,3276.578846380986,340.3173808873062,-4.7801690910160195,2.9295056567437365,0.040936811374629734,0.28894963573434096,-0.04448463709335757,0.2818880283173766,0.05136794311728099,0,0,0,0,Not hotspot,Not hotspot,3.9841927833404165e-7,2.828577754657783e-5
HF2983,243,12289,0,0,1110.568371436576,115.34766510533429,-4.797047092300187,4.589534241601734,-0.001791731285090749,0.21225861001902377,-5.279660738290921e-4,0.20615922313945156,0.14796195414333535,0,0,0,0,Not hotspot,Not hotspot,3.9686336834958544e-4,0.017108961451189196
HF2984,244,4819,1527,4,435.4975166370624,45.23235398670404,4.351959004645402,1.5976387159566257,0.0499892262491199,0.33657376772209197,-0.04998470948886773,0.329757642482996,0.9967751205400573,1,1,0,0,Bayesian hotspot only,Bayesian hotspot only,0.008051984596799636,0.0023966677784259143
HF2991,245,4409,0,0,398.4454349144653,41.3839901903669,-2.7953957893278436,3.4480695286024337,0.04456468481105098,0.40272618437932584,-0.046982984080695685,0.3924093026859922,0.2087651699274875,0,0,0,0,Not hotspot,Not hotspot,6.290449280663681e-5,0.0060839180520514185
HF3019,246,45503,11157,727,4112.148474691066,427.10267762128944,6.048352834416236,1.547025034452012,0.00635622857085016,0.2717095751473859,-0.003463613390889006,0.26721349994482513,0.9999537882926807,1,1,0,0,Bayesian hotspot only,Bayesian hotspot only,6.598230249577945e-4,0.003988331750189883
HF3033,247,10245,0,0,925.8501884097747,96.1621636426194,-2.968845128447959,2.2987004494436674,6.771997440677901e-4,0.21160246195987942,-0.0022144532462057376,0.20880526759507204,0.09825963769677493,0,0,0,0,Not hotspot,Not hotspot,2.0321715256152243e-6,1.2761322277701935e-4
HF3034,248,23176,2628,711,2094.436697568076,217.53580327782794,6.388949554160315,1.497640966828605,-0.0012778712104062641,0.2111077010833834,0.0046001431709276576,0.2139710647575322,0.9999900499536192,1,1,0,0,Bayesian hotspot only,Bayesian hotspot only,5.992348623619756e-4,0.015034209193158106
HF3036,249,16320,0,0,1474.8535944214273,153.1836516005416,-3.4200586543523523,2.2958894422865908,5.993618682230735e-4,0.21159251865880202,-0.0023622766939842238,0.209198872335478,0.06815889177728351,0,0,0,0,Not hotspot,Not hotspot,7.955795159205548e-7,5.06677518571553e-5
HF3047,250,70531,0,0,6373.952136528045,662.0218217547671,-5.601586581249265,3.0005051826215228,0.04129883899979369,0.28068468343484937,-0.04535927024144567,0.27421616468554894,0.030959093025964224,0,0,0,0,Not hotspot,Not hotspot,1.2922151736490228e-7,8.400817896243064e-6
HF3083,251,36153,0,0,3267.180269553791,339.3412105584792,-3.6685121217600214,2.546011229226613,0.042557936602905376,0.34031006713244344,-0.04485843589246076,0.3299274240931541,0.07480843563433481,0,0,0,0,Not hotspot,Not hotspot,1.6277150857874734e-7,1.6191419139255172e-5
HF3085,252,84598,10855,217,7645.200023337249,794.058244981778,4.390881147360072,1.557775554729622,0.04685432521050196,0.3403451111339409,-0.04534846627764821,0.32955315124742557,0.9975889716164473,1,1,0,0,Bayesian hotspot only,Bayesian hotspot only,1.85722080861657e-4,3.4512836354616495e-4
HF3103,253,17367,0,0,1569.4719592105962,163.01105866094397,-3.99006268458402,2.753084940272422,-0.0030871429801815346,0.19206042277104263,0.0011476939552063623,0.18668921409156292,0.07362606489878332,0,0,0,0,Not hotspot,Not hotspot,1.3779172975366489e-6,8.479078751297811e-5
HF3109,254,26630,4401,661,2406.5778933481993,249.95592169867786,5.985483293863428,1.5187124250722666,-2.349127709593584e-4,0.15649491361863685,0.003233181931972331,0.1584689102678376,0.9999594551461451,1,1,0,0,Bayesian hotspot only,Bayesian hotspot only,7.599791582032411e-4,0.010586164513767518
HF3118,255,10598,0,0,957.7511270636205,99.47551100873406,-2.8182298951969926,2.5883419324176806,1.6791021646274918e-4,0.19164038569243655,-0.0014954923544355512,0.18784261174361405,0.13811736507719374,0,0,0,0,Not hotspot,Not hotspot,2.2571508425832783e-6,1.9329029197756763e-4
HF3137,256,13976,0,0,1263.0241320854086,131.18227418928734,-3.0330332581959643,2.6472198750903053,-0.016737400320239484,0.1815243054271177,0.015989531991417477,0.1783787746969268,0.12595078302671536,0,0,0,0,Not hotspot,Not hotspot,1.3458389588151468e-6,1.2671068924997083e-4
HF3141,257,439,1447,424,39.67283872248815,4.120565138029274,9.544625710804423,1.5743394621523548,-0.02852109363710593,0.22969245108776268,0.03462950430834712,0.2262031514742728,0.999999999330401,1,1,0,0,Bayesian hotspot only,Bayesian hotspot only,0.9197335479244174,24.98958811605423
HF3145,258,13500,0,0,1220.0075689147836,126.71441768427154,-2.8950345897797423,2.694323180853786,-0.03189280670329199,0.264530698149316,0.03125169412212619,0.2575817856140244,0.14130062486178707,0,0,0,0,Not hotspot,Not hotspot,1.4443917504840673e-6,1.4810392835461488e-4
HF3146,259,2071,78,8,187.15819816463087,19.438930298083434,4.488995372772502,1.5309477813839438,-0.028215110627404266,0.22631354158103434,0.03151960594734462,0.22173988067858522,0.9983169744193958,1,1,0,0,Bayesian hotspot only,Bayesian hotspot only,0.0022411093070425015,0.02263102536960578
HF3149,260,5362,189,295,484.56893218674594,50.32908945356029,5.726714439678644,1.4961344997868744,-0.023768191234922072,0.1767797838577761,0.027727400248691397,0.17407801319461735,0.9999353199132589,1,1,0,0,Bayesian hotspot only,Bayesian hotspot only,8.080087403622196e-4,0.1165102792436183
HF3153,261,8864,0,0,801.0479326563438,83.19974802617651,-1.5089955674479965,2.2240308490976126,-0.030476891984878546,0.22682962107610735,0.030798259472700585,0.22165720594566063,0.24872869620012694,0,0,0,0,Not hotspot,Not hotspot,1.989800780215622e-6,1.779305031338921e-4
HF3171,262,27126,3398,101,2451.4018751394387,254.61150326692962,4.823145672107548,1.5369885995479744,-0.01812042807524727,0.21021061957420673,0.02118687965575621,0.2064532330114876,0.9991496180407057,1,1,0,0,Bayesian hotspot only,Bayesian hotspot only,5.655089855600291e-4,0.0015678367090103786
HF3186,263,17676,0,0,1597.3965768990902,165.91141088793952,-3.113692491549514,2.5780899005831395,-0.019474452607369113,0.18366416294879212,0.018739896552716313,0.18008659486448453,0.11357139020143803,0,0,0,0,Not hotspot,Not hotspot,7.517979336967619e-7,7.164887765483034e-5
HF3188,264,43122,0,0,3896.975287906911,404.75400884304867,-3.9974453560107683,2.5580007055169593,-0.008271531576186777,0.16921716386638633,0.006541136401854772,0.16891808520608162,0.05905893536971418,0,0,0,0,Not hotspot,Not hotspot,1.2364908428809204e-7,1.1667004772437193e-5
HF3207,265,26197,0,0,2367.4472802118953,245.89167407961938,-2.9166328495358234,2.297053218110476,0.0031552001751248967,0.14112681321210468,-0.004808644792448698,0.14376159832116428,0.10209076295454456,0,0,0,0,Not hotspot,Not hotspot,2.4583434709858396e-7,2.212082593577824e-5
HF3214,266,6196,0,0,559.9382886663703,58.15722459049974,-2.9147211073711907,3.2121774891433996,3.502636069411701e-4,0.2337904802364949,-0.0018065894026396004,0.22891070592257645,0.18209837440140508,0,0,0,0,Not hotspot,Not hotspot,1.918425684659762e-5,0.0017920145561279943
HF3222,267,11456,15823,629,1035.2893858879822,107.52891622155664,7.596654448157485,1.5910372843105771,-0.002148891251412009,0.25975991591710357,0.005993885412286239,0.2634007497209141,0.9999990999229582,1,1,0,0,Bayesian hotspot only,Bayesian hotspot only,0.01476307469125101,0.0544513610988974
HF3226,268,31784,0,0,2872.3496718805545,298.3326704945842,-3.2206801556208138,2.3289521488751816,-0.0077843835676133935,0.1620321232400034,0.006439505392116101,0.16199293755849944,0.0833495935600228,0,0,0,0,Not hotspot,Not hotspot,1.7348478995474046e-7,1.5647059006041126e-5
HF3236,269,24292,957,2,2195.290656598365,228.0108618063944,1.9544767869741135,1.5284154077520844,0.0022160650245751793,0.12517141779595214,-0.0014339709958899843,0.12306833946577525,0.89950924273975,1,0,0,0,Bayesian hotspot only,Bayesian hotspot only,1.9858960412771066e-4,5.637579410728176e-5
HF3241,270,12615,0,0,1140.0292949525922,118.4075836360804,-2.7740822137760643,2.5821685174739555,-0.006675634254377714,0.1676534773687944,0.0054668810131452425,0.1685091433031336,0.14133904067315517,0,0,0,0,Not hotspot,Not hotspot,1.4725952236886014e-6,1.402158428811232e-4
HF3255,271,21068,0,0,1903.9347749553083,197.749581612758,-3.3630726790626895,2.696325508005268,0.012185469819779282,0.24826354334548673,-0.014441526637306724,0.24778327282695845,0.10614743772461832,0,0,0,0,Not hotspot,Not hotspot,5.895378166210636e-7,6.117725290618748e-5
HF3264,272,14470,0,0,1307.6673720145866,135.8190832512155,-3.706459694646251,3.0889569766724874,0.02122710707555929,0.23314592091077865,-0.023717527086213126,0.22858615820194988,0.11508781882707309,0,0,0,0,Not hotspot,Not hotspot,2.818404830927508e-6,2.6496665694129753e-4
HF3271,273,16976,0,0,1534.1369251775827,159.341033674681,-3.0224898806555114,2.413502462404667,0.004389756872922409,0.13547600998433443,-0.00610478252392023,0.13723311589875065,0.10522570051607072,0,0,0,0,Not hotspot,Not hotspot,7.071080458497624e-7,6.0114322827528904e-5
HF3291,274,12078,0,0,1091.5001049890932,113.36716568819493,-3.0649793165400623,2.830138729828457,-0.0044079373980694045,0.18938948953497248,0.0029630842809578125,0.18803205291651542,0.13940898938391388,0,0,0,0,Not hotspot,Not hotspot,2.2976545440050613e-6,2.335751762059724e-4
HF3308,275,26761,672,9,2418.4164853132243,251.18552086287337,2.452551013178797,1.5096546888083078,-0.00882062562184464,0.16421930077120273,0.010249936815167433,0.16343443202629618,0.9478736908036205,1,1,0,0,Bayesian hotspot only,Bayesian hotspot only,1.1493493515794402e-4,1.5373326597709408e-4
HF3330,276,15918,0,0,1438.524480147076,149.41037782949883,-3.2278552390275403,2.6812163619124663,0.041201949755220256,0.29957833273307966,-0.04412484264847484,0.2930690907237489,0.11431852322753866,0,0,0,0,Not hotspot,Not hotspot,1.0681036869545392e-6,1.0330396208463841e-4
HF3331,277,5154,828,4,465.7717785323552,48.37674879590634,4.160048951349219,1.61658911682086,0.056924623497901033,0.36932225612163766,-0.0569550389709809,0.3614841833255386,0.9949640293535472,1,1,0,0,Bayesian hotspot only,Bayesian hotspot only,0.003817629269969503,0.002082763813555118
HF3339,278,29106,0,0,2630.3363185802737,273.19628452728944,-3.5614509626728816,2.2832000829111174,-0.0037569628388337364,0.12598165981493334,0.002038736138483656,0.12463422688128453,0.05939759828040969,0,0,0,0,Not hotspot,Not hotspot,2.2095100781400947e-7,1.7167661941510753e-5
HF3353,279,16796,2124,5,1517.8701575920522,157.65150810555738,2.922741263450575,1.508790168662199,0.005487426884663917,0.12200063569980683,-0.004372257813217407,0.12210955935081806,0.9736360246735805,1,1,0,0,Bayesian hotspot only,Bayesian hotspot only,9.219156756901832e-4,2.350239967209622e-4
HF3362,280,3052,0,0,275.81208150577186,28.646844649807164,-2.4593834657173197,3.329776213672827,-0.0126716963689712,0.193919848245045,0.011928285842636822,0.19192125955865735,0.23007398123622824,0,0,0,0,Not hotspot,Not hotspot,1.1937447256711783e-4,0.009670771182406042
